#EXPORTTYPE:DATA SINGLE
#FILE:2502-089-208-02-09-PP1-30-200-20kmin-100ml-Ar.ngb-dd7
#FORMAT:NETZSCH5
#FTYPE:ANSI
#IDENTITY:2502-089-208-02-09
#DECIMAL:POINT
#SEPARATOR:SEMICOLON
#MTYPE:DSC
#INSTRUMENT:NETZSCH DSC 204F1 Phoenix
#PROJECT:2502-089-208
#DATE/TIME:10.07.2025 17:33
#CORR. FILE:2502-089-208-02-08-empty-30-200-20kmin-100ml-Ar.ngb-bd7
#TEMPCAL:04-09-2020 13:02
#SENSITIVITY:29-12-2022 20:43
#LABORATORY:RC Thermo
#OPERATOR:MC
#REMARK:2502-089-208-02-09-PP1-30-200-20kmin-100ml-Ar
#SAMPLE:PP1
#SAMPLE MASS /mg:1.76
#MATERIAL:poly
#REFERENCE:empty
#REFERENCE MASS /mg:0
#TYPE OF CRUCIBLE:Concavus Al, closed
#SAMPLE CRUCIBLE MASS /mg:41.53
#REFERENCE CRUCIBLE MASS /mg:41.59
#PURGE 1 MFC:ARGON,240,3 ml/min
#PURGE 2 MFC:NITROGEN,250,0 ml/min
#PROTECTIVE MFC:ARGON,240,3 ml/min
#M.RANGE /µV:5000
#TAU-R:---
#CORR. CODE:020
#EXO:-1
#RANGE:20°C....200°C/-50.0....20.0K/min
#SEGMENT:S1-7/7
#SEG. 1:20°C/00:08/20°C
#SEG. 2:20°C/20.0(K/min)/200°C
#SEG. 3:200°C/20.0(K/min)/20°C
#SEG. 4:20°C/00:08/20°C
#SEG. 5:20°C/20.0(K/min)/200°C
#SEG. 6:200°C/50.0(K/min)/30°C
#SEG. 7:30°C/00:05/30°C

##Temp./°C;Time/min;DSC/(mW/mg);Sensit./(uV/mW);Segment
 19.52000; 0.00000; 9.987805e-03;3.42659;1
 19.52067; 0.00333; 9.312324e-03;3.42659;1
 19.52120; 0.00667; 8.078553e-03;3.42659;1
 19.52143; 0.01000; 6.947204e-03;3.42659;1
 19.52111; 0.01333; 5.984406e-03;3.42659;1
 19.52082; 0.01667; 5.839319e-03;3.42659;1
 19.52069; 0.02000; 5.556329e-03;3.42659;1
 19.52080; 0.02333; 5.702010e-03;3.42659;1
 19.52071; 0.02667; 5.847691e-03;3.42659;1
 19.52065; 0.03000; 6.034911e-03;3.42659;1
 19.52053; 0.03333; 6.111765e-03;3.42659;1
 19.52041; 0.03667; 5.974544e-03;3.42659;1
 19.52029; 0.04000; 5.936434e-03;3.42659;1
 19.52018; 0.04333; 5.792048e-03;3.42659;1
 19.52012; 0.04667; 5.674535e-03;3.42659;1
 19.52006; 0.05000; 5.523952e-03;3.42659;1
 19.52018; 0.05333; 5.334310e-03;3.42659;1
 19.52029; 0.05667; 5.138155e-03;3.42659;1
 19.52035; 0.06000; 4.764030e-03;3.42659;1
 19.52035; 0.06333; 4.446862e-03;3.42659;1
 19.52035; 0.06667; 4.203573e-03;3.42659;1
 19.52035; 0.07000; 4.106242e-03;3.42659;1
 19.52035; 0.07333; 4.080654e-03;3.42659;1
 19.52029; 0.07667; 4.287612e-03;3.42659;1
 19.52047; 0.08000; 4.977658e-03;3.42659;1
 19.52071; 0.08333; 5.985218e-03;3.42659;1
 19.52100; 0.08667; 7.199379e-03;3.42659;1
 19.52129; 0.09000; 8.305593e-03;3.42659;1
 19.52153; 0.09333; 9.126910e-03;3.42659;1
 19.52171; 0.09667; 9.723865e-03;3.42659;1
 19.52188; 0.10000; 1.004786e-02;3.42659;1
 19.52194; 0.10333; 1.047630e-02;3.42659;1
 19.52206; 0.10667; 1.134894e-02;3.42660;1
 19.52206; 0.11000; 1.289180e-02;3.42660;1
 19.52224; 0.11333; 1.474500e-02;3.42660;1
 19.52247; 0.11667; 1.633475e-02;3.42660;1
 19.52276; 0.12000; 1.772879e-02;3.42660;1
 19.52300; 0.12333; 1.899350e-02;3.42660;1
 19.52318; 0.12667; 2.019003e-02;3.42660;1
 19.52329; 0.13000; 2.120204e-02;3.42660;1
 19.52329; 0.13333; 2.217789e-02;3.42660;1
 19.52318; 0.13667; 2.300415e-02;3.42660;1
 19.52306; 0.14000; 2.361761e-02;3.42660;1
 19.52306; 0.14333; 2.400567e-02;3.42660;1
 19.52306; 0.14667; 2.412758e-02;3.42660;1
 19.52312; 0.15000; 2.462382e-02;3.42660;1
 19.52324; 0.15333; 2.547184e-02;3.42660;1
 19.52324; 0.15667; 2.677698e-02;3.42660;1
 19.52324; 0.16000; 2.708204e-02;3.42660;1
 19.52312; 0.16333; 2.675527e-02;3.42660;1
 19.52300; 0.16667; 2.593361e-02;3.42660;1
 19.52265; 0.17000; 2.538054e-02;3.42660;1
 19.52253; 0.17333; 2.500979e-02;3.42660;1
 19.52241; 0.17667; 2.467136e-02;3.42660;1
 19.52235; 0.18000; 2.458418e-02;3.42660;1
 19.52241; 0.18333; 2.422617e-02;3.42660;1
 19.52247; 0.18667; 2.371740e-02;3.42660;1
 19.52259; 0.19000; 2.269511e-02;3.42660;1
 19.52265; 0.19333; 2.157420e-02;3.42660;1
 19.52259; 0.19667; 2.045254e-02;3.42660;1
 19.52235; 0.20000; 1.959530e-02;3.42660;1
 19.52218; 0.20333; 1.876295e-02;3.42660;1
 19.52218; 0.20667; 1.783506e-02;3.42660;1
 19.52206; 0.21000; 1.698091e-02;3.42660;1
 19.52206; 0.21333; 1.637108e-02;3.42660;1
 19.52224; 0.21667; 1.594724e-02;3.42660;1
 19.52241; 0.22000; 1.587229e-02;3.42660;1
 19.52265; 0.22333; 1.587696e-02;3.42660;1
 19.52282; 0.22667; 1.570702e-02;3.42660;1
 19.52265; 0.23000; 1.502679e-02;3.42660;1
 19.52259; 0.23333; 1.395903e-02;3.42660;1
 19.52247; 0.23667; 1.310729e-02;3.42660;1
 19.52229; 0.24000; 1.272470e-02;3.42660;1
 19.52224; 0.24333; 1.282955e-02;3.42660;1
 19.52229; 0.24667; 1.322916e-02;3.42660;1
 19.52241; 0.25000; 1.334085e-02;3.42660;1
 19.52259; 0.25333; 1.333539e-02;3.42660;1
 19.52276; 0.25667; 1.308675e-02;3.42660;1
 19.52282; 0.26000; 1.295524e-02;3.42660;1
 19.52259; 0.26333; 1.292472e-02;3.42660;1
 19.52247; 0.26667; 1.285661e-02;3.42660;1
 19.52241; 0.27000; 1.277788e-02;3.42660;1
 19.52229; 0.27333; 1.264436e-02;3.42660;1
 19.52235; 0.27667; 1.266963e-02;3.42660;1
 19.52235; 0.28000; 1.275137e-02;3.42660;1
 19.52241; 0.28333; 1.296618e-02;3.42660;1
 19.52271; 0.28667; 1.347918e-02;3.42660;1
 19.52282; 0.29000; 1.408577e-02;3.42660;1
 19.52288; 0.29333; 1.430018e-02;3.42660;1
 19.52288; 0.29667; 1.381293e-02;3.42660;1
 19.52276; 0.30000; 1.293353e-02;3.42660;1
 19.52259; 0.30333; 1.227155e-02;3.42660;1
 19.52253; 0.30667; 1.218142e-02;3.42660;1
 19.52253; 0.31000; 1.260883e-02;3.42660;1
 19.52259; 0.31333; 1.307065e-02;3.42660;1
 19.52282; 0.31667; 1.360732e-02;3.42660;1
 19.52312; 0.32000; 1.433816e-02;3.42660;1
 19.52324; 0.32333; 1.520919e-02;3.42660;1
 19.52324; 0.32667; 1.589007e-02;3.42660;1
 19.52312; 0.33000; 1.636147e-02;3.42660;1
 19.52294; 0.33333; 1.683880e-02;3.42660;1
 19.52282; 0.33667; 1.721430e-02;3.42660;1
 19.52288; 0.34000; 1.757014e-02;3.42660;1
 19.52282; 0.34333; 1.823706e-02;3.42660;1
 19.52300; 0.34667; 1.940991e-02;3.42660;1
 19.52324; 0.35000; 2.089867e-02;3.42660;1
 19.52353; 0.35333; 2.221399e-02;3.42660;1
 19.52382; 0.35667; 2.329823e-02;3.42660;1
 19.52406; 0.36000; 2.409169e-02;3.42660;1
 19.52418; 0.36333; 2.458716e-02;3.42660;1
 19.52418; 0.36667; 2.495350e-02;3.42660;1
 19.52423; 0.37000; 2.531185e-02;3.42660;1
 19.52418; 0.37333; 2.611914e-02;3.42660;1
 19.52423; 0.37667; 2.693527e-02;3.42660;1
 19.52435; 0.38000; 2.774073e-02;3.42660;1
 19.52459; 0.38333; 2.839688e-02;3.42660;1
 19.52488; 0.38667; 2.896504e-02;3.42660;1
 19.52500; 0.39000; 2.920134e-02;3.42660;1
 19.52500; 0.39333; 2.903305e-02;3.42660;1
 19.52494; 0.39667; 2.870336e-02;3.42660;1
 19.52488; 0.40000; 2.830650e-02;3.42660;1
 19.52465; 0.40333; 2.788562e-02;3.42660;1
 19.52447; 0.40667; 2.737704e-02;3.42660;1
 19.52441; 0.41000; 2.723362e-02;3.42660;1
 19.52429; 0.41333; 2.721460e-02;3.42660;1
 19.52435; 0.41667; 2.733345e-02;3.42660;1
 19.52429; 0.42000; 2.703308e-02;3.42660;1
 19.52429; 0.42333; 2.641725e-02;3.42660;1
 19.52412; 0.42667; 2.561646e-02;3.42660;1
 19.52400; 0.43000; 2.488600e-02;3.42660;1
 19.52376; 0.43333; 2.421062e-02;3.42660;1
 19.52371; 0.43667; 2.357094e-02;3.42660;1
 19.52359; 0.44000; 2.320741e-02;3.42660;1
 19.52353; 0.44333; 2.282792e-02;3.42660;1
 19.52359; 0.44667; 2.250620e-02;3.42660;1
 19.52382; 0.45000; 2.210895e-02;3.42660;1
 19.52388; 0.45333; 2.178484e-02;3.42660;1
 19.52388; 0.45667; 2.132721e-02;3.42660;1
 19.52394; 0.46000; 2.083233e-02;3.42660;1
 19.52394; 0.46333; 2.035769e-02;3.42660;1
 19.52388; 0.46667; 1.996842e-02;3.42660;1
 19.52382; 0.47000; 1.934386e-02;3.42660;1
 19.52382; 0.47333; 1.925927e-02;3.42660;1
 19.52400; 0.47667; 1.948910e-02;3.42660;1
 19.52412; 0.48000; 2.024998e-02;3.42660;1
 19.52435; 0.48333; 2.083106e-02;3.42660;1
 19.52447; 0.48667; 2.123462e-02;3.42660;1
 19.52465; 0.49000; 2.111026e-02;3.42660;1
 19.52476; 0.49333; 2.089871e-02;3.42660;1
 19.52476; 0.49667; 2.042125e-02;3.42660;1
 19.52476; 0.50000; 1.989231e-02;3.42660;1
 19.52482; 0.50333; 1.944965e-02;3.42660;1
 19.52482; 0.50667; 1.951167e-02;3.42660;1
 19.52500; 0.51000; 1.962890e-02;3.42660;1
 19.52524; 0.51333; 1.969451e-02;3.42660;1
 19.52547; 0.51667; 1.955740e-02;3.42660;1
 19.52565; 0.52000; 1.975424e-02;3.42660;1
 19.52571; 0.52333; 1.932139e-02;3.42660;1
 19.52582; 0.52667; 1.840563e-02;3.42660;1
 19.52576; 0.53000; 1.692257e-02;3.42660;1
 19.52565; 0.53333; 1.548511e-02;3.42660;1
 19.52565; 0.53667; 1.434699e-02;3.42660;1
 19.52576; 0.54000; 1.346717e-02;3.42660;1
 19.52600; 0.54333; 1.278268e-02;3.42660;1
 19.52618; 0.54667; 1.192111e-02;3.42660;1
 19.52635; 0.55000; 1.124811e-02;3.42660;1
 19.52659; 0.55333; 1.072085e-02;3.42660;1
 19.52665; 0.55667; 1.020596e-02;3.42660;1
 19.52659; 0.56000; 9.662436e-03;3.42660;1
 19.52653; 0.56333; 8.878983e-03;3.42660;1
 19.52641; 0.56667; 8.012460e-03;3.42660;1
 19.52641; 0.57000; 7.141817e-03;3.42660;1
 19.52647; 0.57333; 6.487983e-03;3.42660;1
 19.52659; 0.57667; 6.118198e-03;3.42660;1
 19.52676; 0.58000; 6.084139e-03;3.42660;1
 19.52700; 0.58333; 6.334207e-03;3.42660;1
 19.52718; 0.58667; 6.699081e-03;3.42660;1
 19.52723; 0.59000; 6.317168e-03;3.42660;1
 19.52723; 0.59333; 5.295724e-03;3.42660;1
 19.52712; 0.59667; 3.896500e-03;3.42660;1
 19.52694; 0.60000; 2.905417e-03;3.42660;1
 19.52682; 0.60333; 2.242265e-03;3.42660;1
 19.52682; 0.60667; 1.845349e-03;3.42660;1
 19.52688; 0.61000; 1.389707e-03;3.42660;1
 19.52700; 0.61333; 1.093573e-03;3.42660;1
 19.52723; 0.61667; 7.982087e-04;3.42660;1
 19.52747; 0.62000; 5.278201e-04;3.42660;1
 19.52765; 0.62333; 1.171374e-04;3.42660;1
 19.52759; 0.62667;-2.935452e-04;3.42660;1
 19.52753; 0.63000;-7.513220e-04;3.42660;1
 19.52747; 0.63333;-1.170564e-03;3.42660;1
 19.52741; 0.63667;-1.434607e-03;3.42660;1
 19.52729; 0.64000;-1.552842e-03;3.42660;1
 19.52741; 0.64333;-1.595488e-03;3.42660;1
 19.52759; 0.64667;-1.514376e-03;3.42660;1
 19.52771; 0.65000;-1.306825e-03;3.42660;1
 19.52782; 0.65333;-9.919814e-04;3.42660;1
 19.52788; 0.65667;-8.209897e-04;3.42660;1
 19.52788; 0.66000;-8.080425e-04;3.42660;1
 19.52765; 0.66333;-9.371981e-04;3.42660;1
 19.52735; 0.66667;-9.804378e-04;3.42660;1
 19.52729; 0.67000;-6.351038e-04;3.42660;1
 19.52718; 0.67333;-9.846778e-05;3.42660;1
 19.52718; 0.67667; 3.569766e-04;3.42660;1
 19.52718; 0.68000; 7.260801e-04;3.42660;1
 19.52724; 0.68333; 1.034935e-03;3.42660;1
 19.52729; 0.68667; 1.305689e-03;3.42660;1
 19.52729; 0.69000; 1.218636e-03;3.42660;1
 19.52718; 0.69333; 1.147279e-03;3.42660;1
 19.52712; 0.69667; 1.032395e-03;3.42660;1
 19.52688; 0.70000; 1.029598e-03;3.42660;1
 19.52682; 0.70333; 9.600684e-04;3.42660;1
 19.52682; 0.70667; 8.613140e-04;3.42660;1
 19.52694; 0.71000; 8.852316e-04;3.42660;1
 19.52706; 0.71333; 1.184203e-03;3.42660;1
 19.52724; 0.71667; 1.862378e-03;3.42660;1
 19.52741; 0.72000; 2.451771e-03;3.42660;1
 19.52765; 0.72333; 2.831717e-03;3.42660;1
 19.52765; 0.72667; 3.004675e-03;3.42660;1
 19.52765; 0.73000; 2.973246e-03;3.42660;1
 19.52759; 0.73333; 2.893152e-03;3.42660;1
 19.52765; 0.73667; 3.108836e-03;3.42660;1
 19.52776; 0.74000; 3.636320e-03;3.42660;1
 19.52788; 0.74333; 4.198573e-03;3.42660;1
 19.52812; 0.74667; 4.683391e-03;3.42660;1
 19.52847; 0.75000; 5.091720e-03;3.42660;1
 19.52871; 0.75333; 5.283131e-03;3.42660;1
 19.52900; 0.75667; 5.152769e-03;3.42660;1
 19.52906; 0.76000; 4.977340e-03;3.42660;1
 19.52918; 0.76333; 4.886245e-03;3.42660;1
 19.52912; 0.76667; 4.786492e-03;3.42660;1
 19.52918; 0.77000; 4.554817e-03;3.42660;1
 19.52935; 0.77333; 4.402020e-03;3.42660;1
 19.52953; 0.77667; 4.348719e-03;3.42660;1
 19.52976; 0.78000; 4.381185e-03;3.42660;1
 19.53006; 0.78333; 4.424741e-03;3.42660;1
 19.53018; 0.78667; 4.288588e-03;3.42660;1
 19.53024; 0.79000; 4.207861e-03;3.42660;1
 19.53024; 0.79333; 3.981463e-03;3.42660;1
 19.53018; 0.79667; 3.599294e-03;3.42660;1
 19.53018; 0.80000; 3.025329e-03;3.42660;1
 19.53029; 0.80333; 2.699970e-03;3.42660;1
 19.53035; 0.80667; 2.751314e-03;3.42660;1
 19.53053; 0.81000; 2.957025e-03;3.42660;1
 19.53059; 0.81333; 3.220238e-03;3.42660;1
 19.53076; 0.81667; 3.425900e-03;3.42660;1
 19.53082; 0.82000; 3.449195e-03;3.42660;1
 19.53088; 0.82333; 3.096113e-03;3.42660;1
 19.53082; 0.82667; 2.620567e-03;3.42660;1
 19.53071; 0.83000; 2.167327e-03;3.42660;1
 19.53065; 0.83333; 1.873337e-03;3.42660;1
 19.53053; 0.83667; 1.640881e-03;3.42660;1
 19.53065; 0.84000; 1.461241e-03;3.42660;1
 19.53094; 0.84333; 1.201784e-03;3.42660;1
 19.53118; 0.84667; 1.007932e-03;3.42660;1
 19.53147; 0.85000; 8.553334e-04;3.42660;1
 19.53171; 0.85333; 6.953518e-04;3.42660;1
 19.53176; 0.85667; 2.620072e-04;3.42660;1
 19.53165; 0.86000;-3.789468e-04;3.42660;1
 19.53159; 0.86333;-1.126206e-03;3.42660;1
 19.53159; 0.86667;-1.800921e-03;3.42660;1
 19.53165; 0.87000;-2.147441e-03;3.42660;1
 19.53177; 0.87333;-2.349703e-03;3.42660;1
 19.53194; 0.87667;-2.121616e-03;3.42660;1
 19.53218; 0.88000;-1.729415e-03;3.42660;1
 19.53241; 0.88333;-1.272281e-03;3.42661;1
 19.53253; 0.88667;-1.053099e-03;3.42661;1
 19.53265; 0.89000;-9.895092e-04;3.42661;1
 19.53271; 0.89333;-9.854966e-04;3.42661;1
 19.53253; 0.89667;-9.208201e-04;3.42661;1
 19.53247; 0.90000;-7.756735e-04;3.42661;1
 19.53253; 0.90333;-1.492185e-04;3.42661;1
 19.53253; 0.90667; 5.929900e-04;3.42661;1
 19.53271; 0.91000; 1.474188e-03;3.42661;1
 19.53294; 0.91333; 2.096788e-03;3.42661;1
 19.53318; 0.91667; 2.645649e-03;3.42661;1
 19.53335; 0.92000; 3.025178e-03;3.42661;1
 19.53329; 0.92333; 3.399836e-03;3.42661;1
 19.53329; 0.92667; 3.646484e-03;3.42661;1
 19.53335; 0.93000; 3.906445e-03;3.42661;1
 19.53341; 0.93333; 4.165210e-03;3.42661;1
 19.53353; 0.93667; 4.548446e-03;3.42661;1
 19.53365; 0.94000; 4.791437e-03;3.42661;1
 19.53382; 0.94333; 5.185535e-03;3.42661;1
 19.53412; 0.94667; 5.771369e-03;3.42661;1
 19.53441; 0.95000; 6.401470e-03;3.42661;1
 19.53465; 0.95333; 6.763288e-03;3.42661;1
 19.53459; 0.95667; 6.763189e-03;3.42661;1
 19.53453; 0.96000; 6.521236e-03;3.42661;1
 19.53447; 0.96333; 6.201540e-03;3.42661;1
 19.53441; 0.96667; 5.947163e-03;3.42661;1
 19.53441; 0.97000; 6.178630e-03;3.42661;1
 19.53441; 0.97333; 6.745696e-03;3.42661;1
 19.53447; 0.97667; 7.473721e-03;3.42661;1
 19.53459; 0.98000; 8.107450e-03;3.42661;1
 19.53471; 0.98333; 8.490606e-03;3.42661;1
 19.53459; 0.98667; 8.737779e-03;3.42661;1
 19.53435; 0.99000; 8.968921e-03;3.42661;1
 19.53418; 0.99333; 8.910965e-03;3.42661;1
 19.53400; 0.99667; 8.774121e-03;3.42661;1
 19.53388; 1.00000; 8.747535e-03;3.42661;1
 19.53376; 1.00333; 9.412110e-03;3.42661;1
 19.53371; 1.00667; 1.041417e-02;3.42661;1
 19.53371; 1.01000; 1.149046e-02;3.42661;1
 19.53394; 1.01333; 1.229489e-02;3.42661;1
 19.53400; 1.01667; 1.296055e-02;3.42661;1
 19.53400; 1.02000; 1.332510e-02;3.42661;1
 19.53394; 1.02333; 1.366228e-02;3.42661;1
 19.53376; 1.02667; 1.372226e-02;3.42661;1
 19.53371; 1.03000; 1.387136e-02;3.42661;1
 19.53371; 1.03333; 1.421623e-02;3.42661;1
 19.53376; 1.03667; 1.486832e-02;3.42661;1
 19.53382; 1.04000; 1.545084e-02;3.42661;1
 19.53406; 1.04333; 1.597733e-02;3.42661;1
 19.53441; 1.04667; 1.630857e-02;3.42661;1
 19.53459; 1.05000; 1.660069e-02;3.42661;1
 19.53482; 1.05333; 1.678184e-02;3.42661;1
 19.53488; 1.05667; 1.716832e-02;3.42661;1
 19.53488; 1.06000; 1.727032e-02;3.42661;1
 19.53494; 1.06333; 1.695340e-02;3.42661;1
 19.53506; 1.06667; 1.656710e-02;3.42661;1
 19.53518; 1.07000; 1.678487e-02;3.42661;1
 19.53553; 1.07333; 1.748755e-02;3.42661;1
 19.53594; 1.07667; 1.817243e-02;3.42661;1
 19.53629; 1.08000; 1.846584e-02;3.42661;1
 19.53665; 1.08333; 1.831681e-02;3.42661;1
 19.53682; 1.08667; 1.800653e-02;3.42661;1
 19.53694; 1.09000; 1.767972e-02;3.42661;1
 19.53712; 1.09333; 1.730177e-02;3.42661;1
 19.53724; 1.09667; 1.717137e-02;3.42661;1
 19.53747; 1.10000; 1.719203e-02;3.42661;1
 19.53771; 1.10333; 1.751729e-02;3.42661;1
 19.53812; 1.10667; 1.760541e-02;3.42661;1
 19.53847; 1.11000; 1.778209e-02;3.42661;1
 19.53894; 1.11333; 1.793381e-02;3.42661;1
 19.53924; 1.11667; 1.797969e-02;3.42661;1
 19.53947; 1.12000; 1.794126e-02;3.42661;1
 19.53965; 1.12333; 1.787671e-02;3.42661;1
 19.53977; 1.12667; 1.765042e-02;3.42661;1
 19.53971; 1.13000; 1.734606e-02;3.42661;1
 19.53988; 1.13333; 1.714800e-02;3.42661;1
 19.54018; 1.13667; 1.721122e-02;3.42661;1
 19.54053; 1.14000; 1.748124e-02;3.42661;1
 19.54094; 1.14333; 1.785625e-02;3.42661;1
 19.54129; 1.14667; 1.817246e-02;3.42661;1
 19.54147; 1.15000; 1.779346e-02;3.42661;1
 19.54171; 1.15333; 1.711790e-02;3.42661;1
 19.54171; 1.15667; 1.632696e-02;3.42661;1
 19.54182; 1.16000; 1.565628e-02;3.42661;1
 19.54176; 1.16333; 1.502154e-02;3.42661;1
 19.54188; 1.16667; 1.460900e-02;3.42661;1
 19.54206; 1.17000; 1.441123e-02;3.42661;1
 19.54241; 1.17333; 1.428490e-02;3.42662;1
 19.54276; 1.17667; 1.410101e-02;3.42662;1
 19.54300; 1.18000; 1.384671e-02;3.42662;1
 19.54312; 1.18333; 1.360771e-02;3.42662;1
 19.54335; 1.18667; 1.300079e-02;3.42662;1
 19.54329; 1.19000; 1.221892e-02;3.42662;1
 19.54324; 1.19333; 1.077296e-02;3.42662;1
 19.54306; 1.19667; 9.511284e-03;3.42662;1
 19.54300; 1.20000; 8.356282e-03;3.42662;1
 19.54312; 1.20333; 7.533773e-03;3.42662;1
 19.54335; 1.20667; 7.049224e-03;3.42662;1
 19.54347; 1.21000; 6.792169e-03;3.42662;1
 19.54353; 1.21333; 6.294496e-03;3.42662;1
 19.54347; 1.21667; 5.059755e-03;3.42662;1
 19.54341; 1.22000; 3.240546e-03;3.42662;1
 19.54324; 1.22333; 1.456324e-03;3.42662;1
 19.54312; 1.22667; 8.860379e-05;3.42662;1
 19.54288; 1.23000;-8.496180e-04;3.42662;1
 19.54276; 1.23333;-1.440699e-03;3.42662;1
 19.54282; 1.23667;-1.984251e-03;3.42662;1
 19.54300; 1.24000;-2.546808e-03;3.42662;1
 19.54306; 1.24333;-3.067549e-03;3.42662;1
 19.54324; 1.24667;-3.663581e-03;3.42662;1
 19.54324; 1.25000;-4.120427e-03;3.42662;1
 19.54329; 1.25333;-4.911249e-03;3.42662;1
 19.54318; 1.25667;-5.629736e-03;3.42662;1
 19.54306; 1.26000;-6.502807e-03;3.42662;1
 19.54294; 1.26333;-6.989332e-03;3.42662;1
 19.54300; 1.26667;-7.271481e-03;3.42662;1
 19.54324; 1.27000;-7.359056e-03;3.42662;1
 19.54353; 1.27333;-7.296227e-03;3.42662;1
 19.54382; 1.27667;-7.261803e-03;3.42662;1
 19.54400; 1.28000;-7.182025e-03;3.42662;1
 19.54406; 1.28333;-7.317466e-03;3.42662;1
 19.54418; 1.28667;-7.433960e-03;3.42662;1
 19.54412; 1.29000;-7.762985e-03;3.42662;1
 19.54400; 1.29333;-7.786191e-03;3.42662;1
 19.54406; 1.29667;-7.727217e-03;3.42662;1
 19.54418; 1.30000;-7.190900e-03;3.42662;1
 19.54435; 1.30333;-6.630625e-03;3.42662;1
 19.54453; 1.30667;-5.878852e-03;3.42662;1
 19.54476; 1.31000;-5.244700e-03;3.42662;1
 19.54512; 1.31333;-4.698212e-03;3.42662;1
 19.54529; 1.31667;-4.267468e-03;3.42662;1
 19.54541; 1.32000;-3.782258e-03;3.42662;1
 19.54547; 1.32333;-3.484573e-03;3.42662;1
 19.54547; 1.32667;-3.377636e-03;3.42662;1
 19.54547; 1.33000;-3.267160e-03;3.42662;1
 19.54559; 1.33333;-2.631417e-03;3.42662;1
 19.54588; 1.33667;-1.463142e-03;3.42662;1
 19.54618; 1.34000; 2.317434e-04;3.42662;1
 19.54641; 1.34333; 1.825029e-03;3.42662;1
 19.54659; 1.34667; 3.171439e-03;3.42662;1
 19.54676; 1.35000; 4.031641e-03;3.42662;1
 19.54676; 1.35333; 4.856530e-03;3.42662;1
 19.54676; 1.35667; 5.573089e-03;3.42662;1
 19.54665; 1.36000; 6.260185e-03;3.42662;1
 19.54676; 1.36333; 6.974678e-03;3.42662;1
 19.54694; 1.36667; 7.887073e-03;3.42662;1
 19.54706; 1.37000; 8.717595e-03;3.42662;1
 19.54729; 1.37333; 9.617765e-03;3.42662;1
 19.54753; 1.37667; 1.034668e-02;3.42662;1
 19.54765; 1.38000; 1.109558e-02;3.42662;1
 19.54771; 1.38333; 1.152724e-02;3.42662;1
 19.54776; 1.38667; 1.185392e-02;3.42662;1
 19.54776; 1.39000; 1.186095e-02;3.42662;1
 19.54765; 1.39333; 1.185988e-02;3.42662;1
 19.54759; 1.39667; 1.188748e-02;3.42662;1
 19.54765; 1.40000; 1.198318e-02;3.42662;1
 19.54771; 1.40333; 1.208572e-02;3.42662;1
 19.54776; 1.40667; 1.232305e-02;3.42662;1
 19.54782; 1.41000; 1.298479e-02;3.42662;1
 19.54788; 1.41333; 1.343357e-02;3.42662;1
 19.54782; 1.41667; 1.340745e-02;3.42662;1
 19.54759; 1.42000; 1.266060e-02;3.42662;1
 19.54735; 1.42333; 1.187884e-02;3.42662;1
 19.54712; 1.42667; 1.139017e-02;3.42662;1
 19.54688; 1.43000; 1.150036e-02;3.42662;1
 19.54677; 1.43333; 1.175072e-02;3.42662;1
 19.54671; 1.43667; 1.207475e-02;3.42662;1
 19.54671; 1.44000; 1.263345e-02;3.42662;1
 19.54665; 1.44333; 1.276629e-02;3.42662;1
 19.54635; 1.44667; 1.235546e-02;3.42662;1
 19.54618; 1.45000; 1.118731e-02;3.42662;1
 19.54588; 1.45333; 1.028862e-02;3.42662;1
 19.54547; 1.45667; 9.458960e-03;3.42662;1
 19.54529; 1.46000; 8.788413e-03;3.42662;1
 19.54518; 1.46333; 8.359578e-03;3.42662;1
 19.54512; 1.46667; 8.182840e-03;3.42662;1
 19.54506; 1.47000; 8.138602e-03;3.42662;1
 19.54524; 1.47333; 7.960035e-03;3.42662;1
 19.54535; 1.47667; 7.659840e-03;3.42662;1
 19.54541; 1.48000; 7.187819e-03;3.42662;1
 19.54535; 1.48333; 6.392001e-03;3.42662;1
 19.54529; 1.48667; 5.477189e-03;3.42662;1
 19.54518; 1.49000; 4.413445e-03;3.42662;1
 19.54512; 1.49333; 3.744924e-03;3.42662;1
 19.54512; 1.49667; 3.962401e-03;3.42662;1
 19.54518; 1.50000; 4.621775e-03;3.42662;1
 19.54553; 1.50333; 5.471411e-03;3.42662;1
 19.54588; 1.50667; 5.909740e-03;3.42662;1
 19.54618; 1.51000; 6.197882e-03;3.42662;1
 19.54647; 1.51333; 6.492670e-03;3.42662;1
 19.54671; 1.51667; 6.843447e-03;3.42662;1
 19.54676; 1.52000; 7.316699e-03;3.42662;1
 19.54682; 1.52333; 7.689259e-03;3.42662;1
 19.54694; 1.52667; 7.941283e-03;3.42662;1
 19.54688; 1.53000; 8.273688e-03;3.42662;1
 19.54706; 1.53333; 8.709333e-03;3.42662;1
 19.54729; 1.53667; 9.210741e-03;3.42662;1
 19.54765; 1.54000; 9.753550e-03;3.42662;1
 19.54788; 1.54333; 1.017010e-02;3.42662;1
 19.54794; 1.54667; 1.035460e-02;3.42662;1
 19.54800; 1.55000; 1.020842e-02;3.42662;1
 19.54800; 1.55333; 9.840394e-03;3.42662;1
 19.54794; 1.55667; 9.487442e-03;3.42662;1
 19.54788; 1.56000; 9.284657e-03;3.42662;1
 19.54788; 1.56333; 9.376878e-03;3.42662;1
 19.54806; 1.56667; 9.495200e-03;3.42662;1
 19.54835; 1.57000; 9.748646e-03;3.42662;1
 19.54847; 1.57333; 9.917334e-03;3.42662;1
 19.54871; 1.57667; 9.957202e-03;3.42662;1
 19.54882; 1.58000; 9.574778e-03;3.42662;1
 19.54882; 1.58333; 8.821553e-03;3.42662;1
 19.54888; 1.58667; 8.039914e-03;3.42662;1
 19.54894; 1.59000; 7.256890e-03;3.42662;1
 19.54900; 1.59333; 6.691013e-03;3.42662;1
 19.54918; 1.59667; 6.257601e-03;3.42662;1
 19.54947; 1.60000; 6.076776e-03;3.42662;1
 19.54988; 1.60333; 6.022832e-03;3.42662;1
 19.55024; 1.60667; 5.936205e-03;3.42662;1
 19.55053; 1.61000; 5.656577e-03;3.42662;1
 19.55082; 1.61333; 5.151432e-03;3.42662;1
 19.55100; 1.61667; 4.647414e-03;3.42662;1
 19.55106; 1.62000; 4.357528e-03;3.42662;1
 19.55106; 1.62333; 4.006553e-03;3.42662;1
 19.55112; 1.62667; 3.895217e-03;3.42662;1
 19.55135; 1.63000; 3.929463e-03;3.42662;1
 19.55159; 1.63333; 4.184313e-03;3.42662;1
 19.55194; 1.63667; 4.385209e-03;3.42662;1
 19.55235; 1.64000; 4.456497e-03;3.42663;1
 19.55259; 1.64333; 4.646601e-03;3.42663;1
 19.55265; 1.64667; 4.577300e-03;3.42663;1
 19.55259; 1.65000; 4.404708e-03;3.42663;1
 19.55241; 1.65333; 3.984916e-03;3.42663;1
 19.55229; 1.65667; 3.716437e-03;3.42663;1
 19.55229; 1.66000; 3.621005e-03;3.42663;1
 19.55235; 1.66333; 3.504500e-03;3.42663;1
 19.55253; 1.66667; 3.139116e-03;3.42663;1
 19.55265; 1.67000; 2.848933e-03;3.42663;1
 19.55288; 1.67333; 2.675303e-03;3.42663;1
 19.55300; 1.67667; 2.508997e-03;3.42663;1
 19.55312; 1.68000; 1.883890e-03;3.42663;1
 19.55306; 1.68333; 9.810038e-04;3.42663;1
 19.55294; 1.68667;-1.215050e-04;3.42663;1
 19.55294; 1.69000;-1.134274e-03;3.42663;1
 19.55294; 1.69333;-1.630987e-03;3.42663;1
 19.55288; 1.69667;-1.656960e-03;3.42663;1
 19.55312; 1.70000;-1.539112e-03;3.42663;1
 19.55347; 1.70333;-1.572596e-03;3.42663;1
 19.55388; 1.70667;-1.684198e-03;3.42663;1
 19.55424; 1.71000;-1.764440e-03;3.42663;1
 19.55435; 1.71333;-1.883781e-03;3.42663;1
 19.55441; 1.71667;-1.972948e-03;3.42663;1
 19.55441; 1.72000;-2.192653e-03;3.42663;1
 19.55447; 1.72333;-2.381364e-03;3.42663;1
 19.55465; 1.72667;-2.146359e-03;3.42663;1
 19.55476; 1.73000;-1.523812e-03;3.42663;1
 19.55500; 1.73333;-9.117413e-04;3.42663;1
 19.55535; 1.73667;-6.516235e-04;3.42663;1
 19.55571; 1.74000;-4.717678e-04;3.42663;1
 19.55594; 1.74333;-1.503541e-04;3.42663;1
 19.55594; 1.74667; 1.778493e-04;3.42663;1
 19.55582; 1.75000; 4.135257e-04;3.42663;1
 19.55576; 1.75333; 3.831346e-04;3.42663;1
 19.55571; 1.75667; 3.451038e-04;3.42663;1
 19.55571; 1.76000; 5.764118e-04;3.42663;1
 19.55576; 1.76333; 7.142734e-04;3.42663;1
 19.55588; 1.76667; 1.298315e-03;3.42663;1
 19.55606; 1.77000; 2.068340e-03;3.42663;1
 19.55629; 1.77333; 3.535480e-03;3.42663;1
 19.55635; 1.77667; 4.705936e-03;3.42663;1
 19.55624; 1.78000; 5.343970e-03;3.42663;1
 19.55600; 1.78333; 5.340214e-03;3.42663;1
 19.55576; 1.78667; 5.042363e-03;3.42663;1
 19.55565; 1.79000; 5.198331e-03;3.42663;1
 19.55547; 1.79333; 5.906842e-03;3.42663;1
 19.55535; 1.79667; 7.007532e-03;3.42663;1
 19.55547; 1.80000; 7.927021e-03;3.42663;1
 19.55565; 1.80333; 8.707097e-03;3.42663;1
 19.55600; 1.80667; 8.959792e-03;3.42663;1
 19.55624; 1.81000; 8.768926e-03;3.42663;1
 19.55629; 1.81333; 8.394705e-03;3.42663;1
 19.55612; 1.81667; 8.262320e-03;3.42663;1
 19.55600; 1.82000; 8.131129e-03;3.42663;1
 19.55600; 1.82333; 7.883969e-03;3.42663;1
 19.55600; 1.82667; 7.766822e-03;3.42663;1
 19.55606; 1.83000; 7.959457e-03;3.42663;1
 19.55629; 1.83333; 8.612434e-03;3.42663;1
 19.55665; 1.83667; 9.200240e-03;3.42663;1
 19.55700; 1.84000; 9.689905e-03;3.42663;1
 19.55729; 1.84333; 9.877054e-03;3.42663;1
 19.55741; 1.84667; 1.009747e-02;3.42663;1
 19.55747; 1.85000; 1.011311e-02;3.42663;1
 19.55753; 1.85333; 9.946523e-03;3.42663;1
 19.55759; 1.85667; 9.818010e-03;3.42663;1
 19.55771; 1.86000; 9.971665e-03;3.42663;1
 19.55782; 1.86333; 1.031170e-02;3.42663;1
 19.55800; 1.86667; 1.045469e-02;3.42663;1
 19.55818; 1.87000; 1.045065e-02;3.42663;1
 19.55853; 1.87333; 1.024054e-02;3.42663;1
 19.55871; 1.87667; 9.911720e-03;3.42663;1
 19.55871; 1.88000; 9.491198e-03;3.42663;1
 19.55871; 1.88333; 8.856317e-03;3.42663;1
 19.55853; 1.88667; 8.090039e-03;3.42663;1
 19.55847; 1.89000; 7.589620e-03;3.42663;1
 19.55847; 1.89333; 7.454190e-03;3.42663;1
 19.55847; 1.89667; 7.384117e-03;3.42663;1
 19.55859; 1.90000; 7.474163e-03;3.42663;1
 19.55876; 1.90333; 7.738866e-03;3.42663;1
 19.55882; 1.90667; 7.811449e-03;3.42663;1
 19.55876; 1.91000; 7.317850e-03;3.42663;1
 19.55865; 1.91333; 6.288242e-03;3.42663;1
 19.55841; 1.91667; 5.352011e-03;3.42663;1
 19.55812; 1.92000; 4.402112e-03;3.42663;1
 19.55782; 1.92333; 3.766075e-03;3.42663;1
 19.55765; 1.92667; 3.585795e-03;3.42663;1
 19.55753; 1.93000; 3.723656e-03;3.42663;1
 19.55741; 1.93333; 3.755204e-03;3.42663;1
 19.55735; 1.93667; 3.571672e-03;3.42663;1
 19.55735; 1.94000; 3.170115e-03;3.42663;1
 19.55724; 1.94333; 2.620309e-03;3.42663;1
 19.55700; 1.94667; 2.054147e-03;3.42663;1
 19.55659; 1.95000; 1.438894e-03;3.42663;1
 19.55624; 1.95333; 1.022582e-03;3.42663;1
 19.55588; 1.95667; 7.060011e-04;3.42663;1
 19.55565; 1.96000; 6.537582e-04;3.42663;1
 19.55565; 1.96333; 7.798885e-04;3.42663;1
 19.55571; 1.96667; 1.284913e-03;3.42663;1
 19.55565; 1.97000; 1.929347e-03;3.42663;1
 19.55576; 1.97333; 2.387258e-03;3.42663;1
 19.55576; 1.97667; 2.425744e-03;3.42663;1
 19.55565; 1.98000; 2.417017e-03;3.42663;1
 19.55547; 1.98333; 2.261756e-03;3.42663;1
 19.55524; 1.98667; 2.193033e-03;3.42663;1
 19.55518; 1.99000; 2.184681e-03;3.42663;1
 19.55518; 1.99333; 2.878012e-03;3.42663;1
 19.55524; 1.99667; 3.881678e-03;3.42663;1
 19.55535; 2.00000; 5.012921e-03;3.42663;1
 19.55547; 2.00333; 5.752965e-03;3.42663;1
 19.55565; 2.00667; 6.267779e-03;3.42663;1
 19.55571; 2.01000; 6.509474e-03;3.42663;1
 19.55559; 2.01333; 6.762461e-03;3.42663;1
 19.55547; 2.01667; 6.968523e-03;3.42663;1
 19.55518; 2.02000; 7.107042e-03;3.42663;1
 19.55506; 2.02333; 7.195952e-03;3.42663;1
 19.55506; 2.02667; 7.458808e-03;3.42663;1
 19.55506; 2.03000; 7.897610e-03;3.42663;1
 19.55512; 2.03333; 8.551882e-03;3.42663;1
 19.55529; 2.03667; 9.052770e-03;3.42663;1
 19.55535; 2.04000; 9.500275e-03;3.42663;1
 19.55535; 2.04333; 9.715157e-03;3.42663;1
 19.55524; 2.04667; 9.748068e-03;3.42663;1
 19.55506; 2.05000; 9.683620e-03;3.42663;1
 19.55494; 2.05333; 9.418867e-03;3.42663;1
 19.55488; 2.05667; 9.342658e-03;3.42663;1
 19.55500; 2.06000; 9.473077e-03;3.42663;1
 19.55506; 2.06333; 9.664372e-03;3.42663;1
 19.55524; 2.06667; 9.744910e-03;3.42663;1
 19.55547; 2.07000; 9.561447e-03;3.42663;1
 19.55559; 2.07333; 9.247836e-03;3.42663;1
 19.55565; 2.07667; 8.778089e-03;3.42663;1
 19.55553; 2.08000; 8.304532e-03;3.42663;1
 19.55547; 2.08333; 7.803377e-03;3.42663;1
 19.55535; 2.08667; 7.312584e-03;3.42663;1
 19.55524; 2.09000; 6.810855e-03;3.42663;1
 19.55535; 2.09333; 6.429069e-03;3.42663;1
 19.55571; 2.09667; 6.089593e-03;3.42663;1
 19.55600; 2.10000; 5.917792e-03;3.42663;1
 19.55629; 2.10333; 5.648794e-03;3.42663;1
 19.55647; 2.10667; 5.328151e-03;3.42663;1
 19.55659; 2.11000; 4.757600e-03;3.42663;1
 19.55665; 2.11333; 4.405158e-03;3.42663;1
 19.55659; 2.11667; 4.118514e-03;3.42663;1
 19.55659; 2.12000; 3.671429e-03;3.42663;1
 19.55671; 2.12333; 3.146959e-03;3.42663;1
 19.55688; 2.12667; 2.768356e-03;3.42663;1
 19.55718; 2.13000; 3.024564e-03;3.42663;1
 19.55759; 2.13333; 3.295889e-03;3.42663;1
 19.55794; 2.13667; 3.431131e-03;3.42663;1
 19.55818; 2.14000; 3.209035e-03;3.42663;1
 19.55835; 2.14333; 3.071153e-03;3.42663;1
 19.55853; 2.14667; 2.409587e-03;3.42663;1
 19.55859; 2.15000; 1.269069e-03;3.42663;1
 19.55865; 2.15333;-5.070111e-05;3.42663;1
 19.55876; 2.15667;-8.463823e-04;3.42663;1
 19.55888; 2.16000;-1.016107e-03;3.42663;1
 19.55918; 2.16333;-6.790192e-04;3.42663;1
 19.55941; 2.16667;-2.717895e-04;3.42663;1
 19.55982; 2.17000;-1.694583e-04;3.42663;1
 19.56012; 2.17333;-8.389300e-04;3.42663;1
 19.56035; 2.17667;-1.788730e-03;3.42663;1
 19.56047; 2.18000;-2.999883e-03;3.42663;1
 19.56065; 2.18333;-4.035173e-03;3.42663;1
 19.56065; 2.18667;-4.724560e-03;3.42663;1
 19.56082; 2.19000;-4.923005e-03;3.42663;1
 19.56112; 2.19333;-4.952546e-03;3.42663;1
 19.56147; 2.19667;-5.086256e-03;3.42663;1
 19.56176; 2.20000;-4.969752e-03;3.42663;1
 19.56206; 2.20333;-4.853583e-03;3.42663;1
 19.56218; 2.20667;-4.798583e-03;3.42663;1
 19.56229; 2.21000;-5.103145e-03;3.42663;1
 19.56235; 2.21333;-5.643501e-03;3.42663;1
 19.56241; 2.21667;-6.024718e-03;3.42663;1
 19.56247; 2.22000;-6.332423e-03;3.42663;1
 19.56259; 2.22333;-6.315087e-03;3.42663;1
 19.56271; 2.22667;-6.524009e-03;3.42664;1
 19.56282; 2.23000;-6.320701e-03;3.42664;1
 19.56294; 2.23333;-5.806258e-03;3.42664;1
 19.56300; 2.23667;-4.930563e-03;3.42664;1
 19.56300; 2.24000;-4.329829e-03;3.42664;1
 19.56306; 2.24333;-4.252068e-03;3.42664;1
 19.56294; 2.24667;-4.399536e-03;3.42664;1
 19.56271; 2.25000;-4.658794e-03;3.42664;1
 19.56247; 2.25333;-4.535293e-03;3.42663;1
 19.56247; 2.25667;-4.133480e-03;3.42663;1
 19.56247; 2.26000;-3.092606e-03;3.42663;1
 19.56265; 2.26333;-1.610247e-03;3.42664;1
 19.56265; 2.26667;-2.015194e-04;3.42664;1
 19.56265; 2.27000; 5.199378e-04;3.42664;1
 19.56265; 2.27333; 5.440035e-04;3.42664;1
 19.56241; 2.27667; 3.683387e-04;3.42663;1
 19.56212; 2.28000; 5.380439e-05;3.42663;1
 19.56188; 2.28333;-2.447191e-04;3.42663;1
 19.56171; 2.28667;-4.250291e-04;3.42663;1
 19.56165; 2.29000;-1.884933e-04;3.42663;1
 19.56165; 2.29333; 3.624385e-04;3.42663;1
 19.56165; 2.29667; 1.244558e-03;3.42663;1
 19.56165; 2.30000; 1.863704e-03;3.42663;1
 19.56159; 2.30333; 2.178139e-03;3.42663;1
 19.56159; 2.30667; 1.890794e-03;3.42663;1
 19.56147; 2.31000; 1.559354e-03;3.42663;1
 19.56112; 2.31333; 9.354001e-04;3.42663;1
 19.56088; 2.31667; 4.470639e-04;3.42663;1
 19.56059; 2.32000; 2.460880e-04;3.42663;1
 19.56047; 2.32333; 3.766952e-04;3.42663;1
 19.56047; 2.32667; 6.495223e-04;3.42663;1
 19.56041; 2.33000; 6.616590e-04;3.42663;1
 19.56059; 2.33333; 4.547827e-04;3.42663;1
 19.56065; 2.33667;-3.404780e-05;3.42663;1
 19.56053; 2.34000;-7.457457e-04;3.42663;1
 19.56041; 2.34333;-1.680879e-03;3.42663;1
 19.56024; 2.34667;-3.009752e-03;3.42663;1
 19.56012; 2.35000;-4.263334e-03;3.42663;1
 19.56012; 2.35333;-4.970658e-03;3.42663;1
 19.56018; 2.35667;-5.132803e-03;3.42663;1
 19.56035; 2.36000;-5.078959e-03;3.42663;1
 19.56053; 2.36333;-4.710832e-03;3.42663;1
 19.56076; 2.36667;-4.400166e-03;3.42663;1
 19.56106; 2.37000;-4.623014e-03;3.42663;1
 19.56124; 2.37333;-5.995214e-03;3.42663;1
 19.56141; 2.37667;-7.945470e-03;3.42663;1
 19.56141; 2.38000;-9.811313e-03;3.42663;1
 19.56141; 2.38333;-1.066081e-02;3.42663;1
 19.56159; 2.38667;-1.073848e-02;3.42663;1
 19.56171; 2.39000;-1.014139e-02;3.42663;1
 19.56200; 2.39333;-9.849624e-03;3.42663;1
 19.56235; 2.39667;-9.265859e-03;3.42663;1
 19.56276; 2.40000;-8.740702e-03;3.42664;1
 19.56306; 2.40333;-8.072989e-03;3.42664;1
 19.56329; 2.40667;-7.716065e-03;3.42664;1
 19.56329; 2.41000;-7.481101e-03;3.42664;1
 19.56335; 2.41333;-7.117378e-03;3.42664;1
 19.56335; 2.41667;-6.318614e-03;3.42664;1
 19.56347; 2.42000;-5.127575e-03;3.42664;1
 19.56365; 2.42333;-3.861966e-03;3.42664;1
 19.56400; 2.42667;-2.715668e-03;3.42664;1
 19.56429; 2.43000;-1.238321e-03;3.42664;1
 19.56453; 2.43333; 2.605914e-04;3.42664;1
 19.56476; 2.43667; 1.389722e-03;3.42664;1
 19.56488; 2.44000; 1.739460e-03;3.42664;1
 19.56488; 2.44333; 1.808573e-03;3.42664;1
 19.56494; 2.44667; 1.904006e-03;3.42664;1
 19.56488; 2.45000; 2.330814e-03;3.42664;1
 19.56488; 2.45333; 2.918352e-03;3.42664;1
 19.56500; 2.45667; 3.544189e-03;3.42664;1
 19.56518; 2.46000; 4.164055e-03;3.42664;1
 19.56541; 2.46333; 4.997578e-03;3.42664;1
 19.56565; 2.46667; 5.856589e-03;3.42664;1
 19.56576; 2.47000; 6.410415e-03;3.42664;1
 19.56582; 2.47333; 6.607991e-03;3.42664;1
 19.56582; 2.47667; 6.743075e-03;3.42664;1
 19.56582; 2.48000; 6.973275e-03;3.42664;1
 19.56571; 2.48333; 7.470669e-03;3.42664;1
 19.56576; 2.48667; 8.366802e-03;3.42664;1
 19.56594; 2.49000; 9.553195e-03;3.42664;1
 19.56618; 2.49333; 1.075342e-02;3.42664;1
 19.56659; 2.49667; 1.197768e-02;3.42664;1
 19.56694; 2.50000; 1.307845e-02;3.42664;1
 19.56718; 2.50333; 1.403987e-02;3.42664;1
 19.56735; 2.50667; 1.482482e-02;3.42664;1
 19.56747; 2.51000; 1.538335e-02;3.42664;1
 19.56735; 2.51333; 1.596197e-02;3.42664;1
 19.56741; 2.51667; 1.651459e-02;3.42664;1
 19.56747; 2.52000; 1.737322e-02;3.42664;1
 19.56759; 2.52333; 1.818315e-02;3.42664;1
 19.56782; 2.52667; 1.901451e-02;3.42664;1
 19.56812; 2.53000; 1.990994e-02;3.42664;1
 19.56829; 2.53333; 2.075286e-02;3.42664;1
 19.56841; 2.53667; 2.120044e-02;3.42664;1
 19.56841; 2.54000; 2.117238e-02;3.42664;1
 19.56835; 2.54333; 2.096421e-02;3.42664;1
 19.56824; 2.54667; 2.072693e-02;3.42664;1
 19.56818; 2.55000; 2.046819e-02;3.42664;1
 19.56800; 2.55333; 2.033668e-02;3.42664;1
 19.56794; 2.55667; 2.032625e-02;3.42664;1
 19.56794; 2.56000; 2.071141e-02;3.42664;1
 19.56812; 2.56333; 2.106351e-02;3.42664;1
 19.56824; 2.56667; 2.135628e-02;3.42664;1
 19.56829; 2.57000; 2.112203e-02;3.42664;1
 19.56824; 2.57333; 2.075029e-02;3.42664;1
 19.56806; 2.57667; 2.007972e-02;3.42664;1
 19.56794; 2.58000; 1.936476e-02;3.42664;1
 19.56776; 2.58333; 1.898590e-02;3.42664;1
 19.56771; 2.58667; 1.905983e-02;3.42664;1
 19.56776; 2.59000; 1.958225e-02;3.42664;1
 19.56788; 2.59333; 1.991169e-02;3.42664;1
 19.56812; 2.59667; 2.018357e-02;3.42664;1
 19.56818; 2.60000; 2.009307e-02;3.42664;1
 19.56812; 2.60333; 1.956867e-02;3.42664;1
 19.56794; 2.60667; 1.888742e-02;3.42664;1
 19.56782; 2.61000; 1.818001e-02;3.42664;1
 19.56759; 2.61333; 1.772950e-02;3.42664;1
 19.56747; 2.61667; 1.751166e-02;3.42664;1
 19.56741; 2.62000; 1.730310e-02;3.42664;1
 19.56753; 2.62333; 1.730140e-02;3.42664;1
 19.56765; 2.62667; 1.696749e-02;3.42664;1
 19.56771; 2.63000; 1.650711e-02;3.42664;1
 19.56782; 2.63333; 1.566411e-02;3.42664;1
 19.56788; 2.63667; 1.489759e-02;3.42664;1
 19.56788; 2.64000; 1.428521e-02;3.42664;1
 19.56771; 2.64333; 1.357198e-02;3.42664;1
 19.56759; 2.64667; 1.267510e-02;3.42664;1
 19.56735; 2.65000; 1.168400e-02;3.42664;1
 19.56718; 2.65333; 1.093775e-02;3.42664;1
 19.56724; 2.65667; 1.052101e-02;3.42664;1
 19.56741; 2.66000; 1.014892e-02;3.42664;1
 19.56759; 2.66333; 9.881521e-03;3.42664;1
 19.56765; 2.66667; 9.178384e-03;3.42664;1
 19.56765; 2.67000; 8.202904e-03;3.42664;1
 19.56759; 2.67333; 6.906758e-03;3.42664;1
 19.56735; 2.67667; 5.639644e-03;3.42664;1
 19.56700; 2.68000; 4.424293e-03;3.42664;1
 19.56682; 2.68333; 3.338141e-03;3.42664;1
 19.56682; 2.68667; 2.426566e-03;3.42664;1
 19.56682; 2.69000; 1.630121e-03;3.42664;1
 19.56682; 2.69333; 9.155432e-04;3.42664;1
 19.56688; 2.69667; 3.532020e-04;3.42664;1
 19.56688; 2.70000;-1.918385e-04;3.42664;1
 19.56676; 2.70333;-8.088488e-04;3.42664;1
 19.56671; 2.70667;-1.545950e-03;3.42664;1
 19.56659; 2.71000;-2.339811e-03;3.42664;1
 19.56641; 2.71333;-3.066955e-03;3.42664;1
 19.56624; 2.71667;-3.726523e-03;3.42664;1
 19.56618; 2.72000;-4.131588e-03;3.42664;1
 19.56624; 2.72333;-4.438669e-03;3.42664;1
 19.56641; 2.72667;-4.235020e-03;3.42664;1
 19.56659; 2.73000;-3.918618e-03;3.42664;1
 19.56671; 2.73333;-3.802095e-03;3.42664;1
 19.56671; 2.73667;-4.209091e-03;3.42664;1
 19.56665; 2.74000;-4.772683e-03;3.42664;1
 19.56653; 2.74333;-5.313390e-03;3.42664;1
 19.56641; 2.74667;-5.826438e-03;3.42664;1
 19.56641; 2.75000;-6.194100e-03;3.42664;1
 19.56647; 2.75333;-6.321717e-03;3.42664;1
 19.56665; 2.75667;-6.409104e-03;3.42664;1
 19.56694; 2.76000;-6.182017e-03;3.42664;1
 19.56712; 2.76333;-5.428558e-03;3.42664;1
 19.56724; 2.76667;-4.961788e-03;3.42664;1
 19.56729; 2.77000;-5.230824e-03;3.42664;1
 19.56735; 2.77333;-6.703742e-03;3.42664;1
 19.56729; 2.77667;-8.276663e-03;3.42664;1
 19.56724; 2.78000;-9.597216e-03;3.42664;1
 19.56724; 2.78333;-1.037678e-02;3.42664;1
 19.56724; 2.78667;-1.085464e-02;3.42664;1
 19.56741; 2.79000;-1.134015e-02;3.42664;1
 19.56771; 2.79333;-1.183740e-02;3.42664;1
 19.56806; 2.79667;-1.217145e-02;3.42664;1
 19.56824; 2.80000;-1.258363e-02;3.42664;1
 19.56835; 2.80333;-1.294741e-02;3.42664;1
 19.56841; 2.80667;-1.352977e-02;3.42664;1
 19.56841; 2.81000;-1.403184e-02;3.42664;1
 19.56847; 2.81333;-1.449252e-02;3.42664;1
 19.56847; 2.81667;-1.447583e-02;3.42664;1
 19.56859; 2.82000;-1.426835e-02;3.42664;1
 19.56882; 2.82333;-1.384083e-02;3.42664;1
 19.56906; 2.82667;-1.326589e-02;3.42664;1
 19.56924; 2.83000;-1.221941e-02;3.42664;1
 19.56935; 2.83333;-1.130800e-02;3.42664;1
 19.56941; 2.83667;-1.063986e-02;3.42664;1
 19.56941; 2.84000;-1.035240e-02;3.42664;1
 19.56935; 2.84333;-9.793644e-03;3.42664;1
 19.56929; 2.84667;-9.077506e-03;3.42664;1
 19.56924; 2.85000;-8.179249e-03;3.42664;1
 19.56929; 2.85333;-7.382819e-03;3.42664;1
 19.56947; 2.85667;-6.304134e-03;3.42664;1
 19.56959; 2.86000;-4.925187e-03;3.42664;1
 19.56965; 2.86333;-3.436872e-03;3.42664;1
 19.56959; 2.86667;-2.355993e-03;3.42664;1
 19.56947; 2.87000;-1.674653e-03;3.42664;1
 19.56935; 2.87333;-1.341599e-03;3.42664;1
 19.56924; 2.87667;-1.047187e-03;3.42664;1
 19.56906; 2.88000;-7.081629e-04;3.42664;1
 19.56900; 2.88333;-3.376110e-05;3.42664;1
 19.56900; 2.88667; 6.825159e-04;3.42664;1
 19.56918; 2.89000; 1.607329e-03;3.42664;1
 19.56924; 2.89333; 2.364601e-03;3.42664;1
 19.56935; 2.89667; 3.058453e-03;3.42664;1
 19.56941; 2.90000; 3.351061e-03;3.42664;1
 19.56929; 2.90333; 3.530807e-03;3.42664;1
 19.56924; 2.90667; 3.343407e-03;3.42664;1
 19.56900; 2.91000; 2.903410e-03;3.42664;1
 19.56876; 2.91333; 2.760944e-03;3.42664;1
 19.56871; 2.91667; 2.908753e-03;3.42664;1
 19.56871; 2.92000; 3.358202e-03;3.42664;1
 19.56871; 2.92333; 3.756244e-03;3.42664;1
 19.56871; 2.92667; 3.832054e-03;3.42664;1
 19.56865; 2.93000; 3.463024e-03;3.42664;1
 19.56859; 2.93333; 2.539930e-03;3.42664;1
 19.56841; 2.93667; 1.497373e-03;3.42664;1
 19.56812; 2.94000; 5.018704e-04;3.42664;1
 19.56788; 2.94333;-4.834975e-04;3.42664;1
 19.56759; 2.94667;-1.354502e-03;3.42664;1
 19.56753; 2.95000;-2.243622e-03;3.42664;1
 19.56741; 2.95333;-3.083850e-03;3.42664;1
 19.56747; 2.95667;-3.573594e-03;3.42664;1
 19.56759; 2.96000;-3.973711e-03;3.42664;1
 19.56759; 2.96333;-4.366308e-03;3.42664;1
 19.56765; 2.96667;-4.985403e-03;3.42664;1
 19.56753; 2.97000;-5.586017e-03;3.42664;1
 19.56735; 2.97333;-6.342421e-03;3.42664;1
 19.56724; 2.97667;-7.193575e-03;3.42664;1
 19.56724; 2.98000;-7.891978e-03;3.42664;1
 19.56729; 2.98333;-8.070454e-03;3.42664;1
 19.56741; 2.98667;-7.813154e-03;3.42664;1
 19.56759; 2.99000;-7.329982e-03;3.42664;1
 19.56794; 2.99333;-6.989015e-03;3.42664;1
 19.56818; 2.99667;-6.994440e-03;3.42664;1
 19.56841; 3.00000;-7.183971e-03;3.42664;1
 19.56853; 3.00333;-7.313851e-03;3.42664;1
 19.56847; 3.00667;-7.318382e-03;3.42664;1
 19.56853; 3.01000;-7.204982e-03;3.42664;1
 19.56853; 3.01333;-6.867485e-03;3.42664;1
 19.56859; 3.01667;-6.226404e-03;3.42664;1
 19.56876; 3.02000;-5.606375e-03;3.42664;1
 19.56888; 3.02333;-4.997148e-03;3.42664;1
 19.56918; 3.02667;-4.422373e-03;3.42664;1
 19.56941; 3.03000;-3.792298e-03;3.42664;1
 19.56965; 3.03333;-3.435226e-03;3.42664;1
 19.56971; 3.03667;-3.253246e-03;3.42664;1
 19.56965; 3.04000;-3.309304e-03;3.42664;1
 19.56953; 3.04333;-3.206514e-03;3.42664;1
 19.56947; 3.04667;-3.088740e-03;3.42664;1
 19.56953; 3.05000;-2.817772e-03;3.42664;1
 19.56965; 3.05333;-2.741547e-03;3.42664;1
 19.56976; 3.05667;-2.604304e-03;3.42664;1
 19.56994; 3.06000;-2.527990e-03;3.42664;1
 19.57006; 3.06333;-2.486767e-03;3.42664;1
 19.57000; 3.06667;-2.686186e-03;3.42664;1
 19.56988; 3.07000;-2.973793e-03;3.42664;1
 19.56982; 3.07333;-3.307065e-03;3.42664;1
 19.56976; 3.07667;-3.515008e-03;3.42664;1
 19.56971; 3.08000;-3.687031e-03;3.42664;1
 19.56971; 3.08333;-3.792421e-03;3.42664;1
 19.56976; 3.08667;-3.959116e-03;3.42664;1
 19.56982; 3.09000;-3.997977e-03;3.42664;1
 19.56994; 3.09333;-4.068755e-03;3.42664;1
 19.57000; 3.09667;-4.237605e-03;3.42664;1
 19.57018; 3.10000;-4.582243e-03;3.42664;1
 19.57012; 3.10333;-4.876981e-03;3.42664;1
 19.56994; 3.10667;-5.157264e-03;3.42664;1
 19.56994; 3.11000;-5.345796e-03;3.42664;1
 19.56988; 3.11333;-5.505025e-03;3.42664;1
 19.57000; 3.11667;-5.358042e-03;3.42664;1
 19.57029; 3.12000;-5.156043e-03;3.42664;1
 19.57065; 3.12333;-4.566409e-03;3.42664;1
 19.57094; 3.12667;-4.127881e-03;3.42664;1
 19.57106; 3.13000;-3.703520e-03;3.42664;1
 19.57106; 3.13333;-3.910296e-03;3.42664;1
 19.57112; 3.13667;-4.323237e-03;3.42664;1
 19.57112; 3.14000;-4.705569e-03;3.42664;1
 19.57112; 3.14333;-4.516948e-03;3.42664;1
 19.57123; 3.14667;-3.810649e-03;3.42664;1
 19.57141; 3.15000;-3.030857e-03;3.42664;1
 19.57176; 3.15333;-2.556127e-03;3.42664;1
 19.57206; 3.15667;-2.186563e-03;3.42664;1
 19.57241; 3.16000;-1.753530e-03;3.42664;1
 19.57265; 3.16333;-1.218077e-03;3.42665;1
 19.57271; 3.16667;-9.046108e-04;3.42665;1
 19.57271; 3.17000;-6.474890e-04;3.42665;1
 19.57265; 3.17333;-4.706981e-04;3.42665;1
 19.57253; 3.17667;-2.356455e-04;3.42665;1
 19.57253; 3.18000;-1.044755e-04;3.42665;1
 19.57259; 3.18333; 1.184009e-05;3.42665;1
 19.57276; 3.18667; 4.263916e-04;3.42665;1
 19.57288; 3.19000; 1.170202e-03;3.42665;1
 19.57300; 3.19333; 1.723109e-03;3.42665;1
 19.57300; 3.19667; 1.783990e-03;3.42665;1
 19.57294; 3.20000; 1.263964e-03;3.42665;1
 19.57271; 3.20333; 6.787793e-04;3.42665;1
 19.57241; 3.20667; 9.795257e-05;3.42664;1
 19.57218; 3.21000;-1.497011e-04;3.42664;1
 19.57200; 3.21333;-1.040555e-04;3.42664;1
 19.57182; 3.21667; 1.284028e-04;3.42664;1
 19.57182; 3.22000; 1.552802e-04;3.42664;1
 19.57188; 3.22333; 8.845481e-06;3.42664;1
 19.57194; 3.22667;-5.315096e-04;3.42664;1
 19.57194; 3.23000;-1.250207e-03;3.42664;1
 19.57171; 3.23333;-1.978522e-03;3.42664;1
 19.57153; 3.23667;-2.658789e-03;3.42664;1
 19.57129; 3.24000;-3.187655e-03;3.42664;1
 19.57112; 3.24333;-3.776784e-03;3.42664;1
 19.57106; 3.24667;-4.070251e-03;3.42664;1
 19.57100; 3.25000;-4.113496e-03;3.42664;1
 19.57112; 3.25333;-3.825943e-03;3.42664;1
 19.57129; 3.25667;-3.310795e-03;3.42664;1
 19.57141; 3.26000;-2.808001e-03;3.42664;1
 19.57147; 3.26333;-2.267280e-03;3.42664;1
 19.57141; 3.26667;-2.040850e-03;3.42664;1
 19.57124; 3.27000;-1.892202e-03;3.42664;1
 19.57118; 3.27333;-1.569263e-03;3.42664;1
 19.57100; 3.27667;-8.242014e-04;3.42664;1
 19.57094; 3.28000; 1.329392e-04;3.42664;1
 19.57106; 3.28333; 1.570701e-03;3.42664;1
 19.57112; 3.28667; 3.160600e-03;3.42664;1
 19.57129; 3.29000; 5.225066e-03;3.42664;1
 19.57135; 3.29333; 6.798035e-03;3.42664;1
 19.57141; 3.29667; 8.232920e-03;3.42664;1
 19.57129; 3.30000; 9.079996e-03;3.42664;1
 19.57118; 3.30333; 9.834645e-03;3.42664;1
 19.57112; 3.30667; 1.069274e-02;3.42664;1
 19.57100; 3.31000; 1.186079e-02;3.42664;1
 19.57100; 3.31333; 1.319369e-02;3.42664;1
 19.57106; 3.31667; 1.472073e-02;3.42664;1
 19.57129; 3.32000; 1.634397e-02;3.42664;1
 19.57153; 3.32333; 1.783136e-02;3.42664;1
 19.57171; 3.32667; 1.874397e-02;3.42664;1
 19.57171; 3.33000; 1.925725e-02;3.42664;1
 19.57171; 3.33333; 1.964949e-02;3.42664;1
 19.57153; 3.33667; 1.977905e-02;3.42664;1
 19.57141; 3.34000; 1.989065e-02;3.42664;1
 19.57135; 3.34333; 2.009897e-02;3.42664;1
 19.57153; 3.34667; 2.077579e-02;3.42664;1
 19.57159; 3.35000; 2.150041e-02;3.42664;1
 19.57165; 3.35333; 2.233424e-02;3.42664;1
 19.57188; 3.35667; 2.293348e-02;3.42664;1
 19.57206; 3.36000; 2.352266e-02;3.42664;1
 19.57206; 3.36333; 2.390391e-02;3.42664;1
 19.57206; 3.36667; 2.415876e-02;3.42664;1
 19.57194; 3.37000; 2.393218e-02;3.42664;1
 19.57182; 3.37333; 2.351214e-02;3.42664;1
 19.57176; 3.37667; 2.305596e-02;3.42664;1
 19.57171; 3.38000; 2.281719e-02;3.42664;1
 19.57182; 3.38333; 2.255533e-02;3.42664;1
 19.57206; 3.38667; 2.254005e-02;3.42664;1
 19.57218; 3.39000; 2.251222e-02;3.42664;1
 19.57241; 3.39333; 2.237806e-02;3.42664;1
 19.57235; 3.39667; 2.184081e-02;3.42664;1
 19.57229; 3.40000; 2.121822e-02;3.42664;1
 19.57206; 3.40333; 2.040487e-02;3.42664;1
 19.57200; 3.40667; 1.964211e-02;3.42664;1
 19.57206; 3.41000; 1.884002e-02;3.42664;1
 19.57212; 3.41333; 1.817407e-02;3.42664;1
 19.57223; 3.41667; 1.753693e-02;3.42664;1
 19.57235; 3.42000; 1.717554e-02;3.42664;1
 19.57235; 3.42333; 1.677085e-02;3.42664;1
 19.57229; 3.42667; 1.601935e-02;3.42664;1
 19.57218; 3.43000; 1.484466e-02;3.42664;1
 19.57188; 3.43333; 1.347741e-02;3.42664;1
 19.57165; 3.43667; 1.198306e-02;3.42664;1
 19.57135; 3.44000; 1.057620e-02;3.42664;1
 19.57106; 3.44333; 9.340647e-03;3.42664;1
 19.57100; 3.44667; 8.521842e-03;3.42664;1
 19.57100; 3.45000; 7.635895e-03;3.42664;1
 19.57106; 3.45333; 6.914030e-03;3.42664;1
 19.57106; 3.45667; 6.027322e-03;3.42664;1
 19.57100; 3.46000; 5.100948e-03;3.42664;1
 19.57076; 3.46333; 4.118823e-03;3.42664;1
 19.57047; 3.46667; 3.272528e-03;3.42664;1
 19.57012; 3.47000; 2.654713e-03;3.42664;1
 19.56982; 3.47333; 2.115030e-03;3.42664;1
 19.56971; 3.47667; 1.699025e-03;3.42664;1
 19.56976; 3.48000; 1.438118e-03;3.42664;1
 19.57000; 3.48333; 1.432598e-03;3.42664;1
 19.57024; 3.48667; 1.979022e-03;3.42664;1
 19.57047; 3.49000; 2.520449e-03;3.42664;1
 19.57059; 3.49333; 3.008759e-03;3.42664;1
 19.57065; 3.49667; 2.881083e-03;3.42664;1
 19.57076; 3.50000; 2.675660e-03;3.42664;1
 19.57071; 3.50333; 2.330661e-03;3.42664;1
 19.57059; 3.50667; 2.409549e-03;3.42664;1
 19.57071; 3.51000; 3.009535e-03;3.42664;1
 19.57082; 3.51333; 4.142295e-03;3.42664;1
 19.57112; 3.51667; 5.353751e-03;3.42664;1
 19.57147; 3.52000; 6.297103e-03;3.42664;1
 19.57176; 3.52333; 6.854660e-03;3.42664;1
 19.57206; 3.52667; 7.263454e-03;3.42664;1
 19.57223; 3.53000; 7.564877e-03;3.42664;1
 19.57229; 3.53333; 7.928525e-03;3.42664;1
 19.57235; 3.53667; 8.188735e-03;3.42664;1
 19.57235; 3.54000; 8.561273e-03;3.42664;1
 19.57241; 3.54333; 9.123381e-03;3.42664;1
 19.57265; 3.54667; 9.756405e-03;3.42665;1
 19.57288; 3.55000; 1.044382e-02;3.42665;1
 19.57312; 3.55333; 1.088408e-02;3.42665;1
 19.57329; 3.55667; 1.135904e-02;3.42665;1
 19.57353; 3.56000; 1.148965e-02;3.42665;1
 19.57359; 3.56333; 1.135143e-02;3.42665;1
 19.57359; 3.56667; 1.063543e-02;3.42665;1
 19.57365; 3.57000; 9.781372e-03;3.42665;1
 19.57365; 3.57333; 9.080973e-03;3.42665;1
 19.57376; 3.57667; 8.657957e-03;3.42665;1
 19.57394; 3.58000; 8.275975e-03;3.42665;1
 19.57418; 3.58333; 7.990488e-03;3.42665;1
 19.57441; 3.58667; 7.799504e-03;3.42665;1
 19.57459; 3.59000; 7.452717e-03;3.42665;1
 19.57459; 3.59333; 6.681377e-03;3.42665;1
 19.57459; 3.59667; 5.295879e-03;3.42665;1
 19.57447; 3.60000; 3.902618e-03;3.42665;1
 19.57435; 3.60333; 2.088639e-03;3.42665;1
 19.57429; 3.60667; 6.250538e-04;3.42665;1
 19.57447; 3.61000;-7.764745e-04;3.42665;1
 19.57471; 3.61333;-1.731598e-03;3.42665;1
 19.57488; 3.61667;-2.508260e-03;3.42665;1
 19.57506; 3.62000;-3.238787e-03;3.42665;1
 19.57512; 3.62333;-4.002018e-03;3.42665;1
 19.57512; 3.62667;-4.943591e-03;3.42665;1
 19.57506; 3.63000;-6.055690e-03;3.42665;1
 19.57494; 3.63333;-7.176070e-03;3.42665;1
 19.57482; 3.63667;-8.128822e-03;3.42665;1
 19.57471; 3.64000;-8.800406e-03;3.42665;1
 19.57476; 3.64333;-9.214532e-03;3.42665;1
 19.57494; 3.64667;-9.578768e-03;3.42665;1
 19.57518; 3.65000;-9.659661e-03;3.42665;1
 19.57541; 3.65333;-9.565108e-03;3.42665;1
 19.57576; 3.65667;-9.440321e-03;3.42665;1
 19.57582; 3.66000;-9.360593e-03;3.42665;1
 19.57594; 3.66333;-9.571718e-03;3.42665;1
 19.57576; 3.66667;-9.938984e-03;3.42665;1
 19.57571; 3.67000;-1.054604e-02;3.42665;1
 19.57576; 3.67333;-1.078565e-02;3.42665;1
 19.57600; 3.67667;-1.067894e-02;3.42665;1
 19.57629; 3.68000;-1.027733e-02;3.42665;1
 19.57665; 3.68333;-9.767957e-03;3.42665;1
 19.57700; 3.68667;-9.136449e-03;3.42665;1
 19.57724; 3.69000;-8.492755e-03;3.42665;1
 19.57741; 3.69333;-7.998051e-03;3.42665;1
 19.57753; 3.69667;-7.727894e-03;3.42665;1
 19.57753; 3.70000;-7.581029e-03;3.42665;1
 19.57735; 3.70333;-7.414606e-03;3.42665;1
 19.57735; 3.70667;-6.744614e-03;3.42665;1
 19.57735; 3.71000;-5.888442e-03;3.42665;1
 19.57735; 3.71333;-5.066585e-03;3.42665;1
 19.57747; 3.71667;-4.366280e-03;3.42665;1
 19.57747; 3.72000;-3.455593e-03;3.42665;1
 19.57753; 3.72333;-2.871090e-03;3.42665;1
 19.57735; 3.72667;-2.861009e-03;3.42665;1
 19.57718; 3.73000;-3.465990e-03;3.42665;1
 19.57676; 3.73333;-4.143415e-03;3.42665;1
 19.57635; 3.73667;-4.694429e-03;3.42665;1
 19.57594; 3.74000;-5.041834e-03;3.42665;1
 19.57565; 3.74333;-5.123964e-03;3.42665;1
 19.57541; 3.74667;-5.158037e-03;3.42665;1
 19.57512; 3.75000;-5.293867e-03;3.42665;1
 19.57482; 3.75333;-5.446766e-03;3.42665;1
 19.57447; 3.75667;-6.384752e-03;3.42665;1
 19.57412; 3.76000;-7.585558e-03;3.42665;1
 19.57359; 3.76333;-9.082792e-03;3.42665;1
 19.57300; 3.76667;-1.046791e-02;3.42665;1
 19.57247; 3.77000;-1.183844e-02;3.42665;1
 19.57200; 3.77333;-1.284602e-02;3.42664;1
 19.57171; 3.77667;-1.327297e-02;3.42664;1
 19.57147; 3.78000;-1.340176e-02;3.42664;1
 19.57112; 3.78333;-1.381654e-02;3.42664;1
 19.57071; 3.78667;-1.467063e-02;3.42664;1
 19.57035; 3.79000;-1.634040e-02;3.42664;1
 19.56988; 3.79333;-1.811412e-02;3.42664;1
 19.56941; 3.79667;-1.968094e-02;3.42664;1
 19.56882; 3.80000;-2.094334e-02;3.42664;1
 19.56835; 3.80333;-2.218006e-02;3.42664;1
 19.56800; 3.80667;-2.327619e-02;3.42664;1
 19.56759; 3.81000;-2.394737e-02;3.42664;1
 19.56729; 3.81333;-2.440982e-02;3.42664;1
 19.56712; 3.81667;-2.488887e-02;3.42664;1
 19.56694; 3.82000;-2.556901e-02;3.42664;1
 19.56671; 3.82333;-2.670042e-02;3.42664;1
 19.56635; 3.82667;-2.784982e-02;3.42664;1
 19.56594; 3.83000;-2.897410e-02;3.42664;1
 19.56541; 3.83333;-2.994049e-02;3.42664;1
 19.56488; 3.83667;-3.071715e-02;3.42664;1
 19.56459; 3.84000;-3.103442e-02;3.42664;1
 19.56441; 3.84333;-3.080171e-02;3.42664;1
 19.56429; 3.84667;-3.054514e-02;3.42664;1
 19.56429; 3.85000;-3.055959e-02;3.42664;1
 19.56418; 3.85333;-3.081175e-02;3.42664;1
 19.56406; 3.85667;-3.139799e-02;3.42664;1
 19.56382; 3.86000;-3.183184e-02;3.42664;1
 19.56365; 3.86333;-3.231098e-02;3.42664;1
 19.56341; 3.86667;-3.262020e-02;3.42664;1
 19.56318; 3.87000;-3.298740e-02;3.42664;1
 19.56300; 3.87333;-3.291813e-02;3.42664;1
 19.56300; 3.87667;-3.231935e-02;3.42664;1
 19.56312; 3.88000;-3.129265e-02;3.42664;1
 19.56324; 3.88333;-3.036292e-02;3.42664;1
 19.56335; 3.88667;-2.979234e-02;3.42664;1
 19.56341; 3.89000;-2.973657e-02;3.42664;1
 19.56347; 3.89333;-2.973342e-02;3.42664;1
 19.56341; 3.89667;-2.960648e-02;3.42664;1
 19.56324; 3.90000;-2.938803e-02;3.42664;1
 19.56329; 3.90333;-2.906915e-02;3.42664;1
 19.56335; 3.90667;-2.838650e-02;3.42664;1
 19.56365; 3.91000;-2.726040e-02;3.42664;1
 19.56400; 3.91333;-2.589510e-02;3.42664;1
 19.56429; 3.91667;-2.456743e-02;3.42664;1
 19.56447; 3.92000;-2.367461e-02;3.42664;1
 19.56465; 3.92333;-2.297217e-02;3.42664;1
 19.56482; 3.92667;-2.268388e-02;3.42664;1
 19.56488; 3.93000;-2.246166e-02;3.42664;1
 19.56488; 3.93333;-2.189226e-02;3.42664;1
 19.56494; 3.93667;-2.039179e-02;3.42664;1
 19.56512; 3.94000;-1.777627e-02;3.42664;1
 19.56547; 3.94333;-1.522723e-02;3.42664;1
 19.56582; 3.94667;-1.294946e-02;3.42664;1
 19.56606; 3.95000;-1.119793e-02;3.42664;1
 19.56635; 3.95333;-9.903940e-03;3.42664;1
 19.56671; 3.95667;-8.809519e-03;3.42664;1
 19.56682; 3.96000;-7.943100e-03;3.42664;1
 19.56688; 3.96333;-6.870626e-03;3.42664;1
 19.56688; 3.96667;-5.938375e-03;3.42664;1
 19.56694; 3.97000;-5.001534e-03;3.42664;1
 19.56712; 3.97333;-3.913928e-03;3.42664;1
 19.56741; 3.97667;-2.701161e-03;3.42664;1
 19.56782; 3.98000;-9.727718e-04;3.42664;1
 19.56818; 3.98333; 9.423758e-04;3.42664;1
 19.56853; 3.98667; 2.387412e-03;3.42664;1
 19.56882; 3.99000; 3.284236e-03;3.42664;1
 19.56888; 3.99333; 3.672672e-03;3.42664;1
 19.56894; 3.99667; 4.234266e-03;3.42664;1
 19.56888; 4.00000; 4.942039e-03;3.42664;1
 19.56894; 4.00333; 6.393277e-03;3.42664;1
 19.56912; 4.00667; 8.364857e-03;3.42664;1
 19.56941; 4.01000; 1.036544e-02;3.42664;1
 19.56971; 4.01333; 1.216295e-02;3.42664;1
 19.57006; 4.01667; 1.362893e-02;3.42664;1
 19.57035; 4.02000; 1.509013e-02;3.42664;1
 19.57053; 4.02333; 1.595126e-02;3.42664;1
 19.57065; 4.02667; 1.665811e-02;3.42664;1
 19.57065; 4.03000; 1.705355e-02;3.42664;1
 19.57053; 4.03333; 1.745198e-02;3.42664;1
 19.57053; 4.03667; 1.793115e-02;3.42664;1
 19.57059; 4.04000; 1.832315e-02;3.42664;1
 19.57082; 4.04333; 1.866962e-02;3.42664;1
 19.57094; 4.04667; 1.869130e-02;3.42664;1
 19.57118; 4.05000; 1.858387e-02;3.42664;1
 19.57129; 4.05333; 1.823577e-02;3.42664;1
 19.57135; 4.05667; 1.757810e-02;3.42664;1
 19.57129; 4.06000; 1.684563e-02;3.42664;1
 19.57129; 4.06333; 1.592390e-02;3.42664;1
 19.57124; 4.06667; 1.508198e-02;3.42664;1
 19.57124; 4.07000; 1.456814e-02;3.42664;1
 19.57118; 4.07333; 1.448514e-02;3.42664;1
 19.57124; 4.07667; 1.471134e-02;3.42664;1
 19.57129; 4.08000; 1.479727e-02;3.42664;1
 19.57135; 4.08333; 1.488507e-02;3.42664;1
 19.57135; 4.08667; 1.488401e-02;3.42664;1
 19.57141; 4.09000; 1.471921e-02;3.42664;1
 19.57135; 4.09333; 1.450162e-02;3.42664;1
 19.57124; 4.09667; 1.426083e-02;3.42664;1
 19.57106; 4.10000; 1.422733e-02;3.42664;1
 19.57106; 4.10333; 1.428314e-02;3.42664;1
 19.57118; 4.10667; 1.455596e-02;3.42664;1
 19.57141; 4.11000; 1.478353e-02;3.42664;1
 19.57165; 4.11333; 1.512736e-02;3.42664;1
 19.57188; 4.11667; 1.533939e-02;3.42664;1
 19.57206; 4.12000; 1.556216e-02;3.42664;1
 19.57206; 4.12333; 1.563724e-02;3.42664;1
 19.57188; 4.12667; 1.568469e-02;3.42664;1
 19.57188; 4.13000; 1.565802e-02;3.42664;1
 19.57188; 4.13333; 1.563892e-02;3.42664;1
 19.57194; 4.13667; 1.575629e-02;3.42664;1
 19.57212; 4.14000; 1.594356e-02;3.42664;1
 19.57247; 4.14333; 1.613787e-02;3.42664;1
 19.57282; 4.14667; 1.639950e-02;3.42665;1
 19.57312; 4.15000; 1.669224e-02;3.42665;1
 19.57341; 4.15333; 1.692208e-02;3.42665;1
 19.57359; 4.15667; 1.695295e-02;3.42665;1
 19.57365; 4.16000; 1.690820e-02;3.42665;1
 19.57365; 4.16333; 1.682763e-02;3.42665;1
 19.57371; 4.16667; 1.696808e-02;3.42665;1
 19.57400; 4.17000; 1.721596e-02;3.42665;1
 19.57429; 4.17333; 1.769386e-02;3.42665;1
 19.57453; 4.17667; 1.821826e-02;3.42665;1
 19.57488; 4.18000; 1.887586e-02;3.42665;1
 19.57524; 4.18333; 1.926871e-02;3.42665;1
 19.57541; 4.18667; 1.928487e-02;3.42665;1
 19.57553; 4.19000; 1.905102e-02;3.42665;1
 19.57565; 4.19333; 1.869812e-02;3.42665;1
 19.57559; 4.19667; 1.839459e-02;3.42665;1
 19.57559; 4.20000; 1.817131e-02;3.42665;1
 19.57571; 4.20333; 1.809803e-02;3.42665;1
 19.57582; 4.20667; 1.803109e-02;3.42665;1
 19.57606; 4.21000; 1.780776e-02;3.42665;1
 19.57629; 4.21333; 1.760570e-02;3.42665;1
 19.57659; 4.21667; 1.737201e-02;3.42665;1
 19.57676; 4.22000; 1.713276e-02;3.42665;1
 19.57671; 4.22333; 1.672559e-02;3.42665;1
 19.57641; 4.22667; 1.613936e-02;3.42665;1
 19.57618; 4.23000; 1.572630e-02;3.42665;1
 19.57612; 4.23333; 1.555845e-02;3.42665;1
 19.57612; 4.23667; 1.572648e-02;3.42665;1
 19.57618; 4.24000; 1.601103e-02;3.42665;1
 19.57635; 4.24333; 1.650458e-02;3.42665;1
 19.57647; 4.24667; 1.722521e-02;3.42665;1
 19.57665; 4.25000; 1.756764e-02;3.42665;1
 19.57676; 4.25333; 1.767557e-02;3.42665;1
 19.57671; 4.25667; 1.741415e-02;3.42665;1
 19.57641; 4.26000; 1.730604e-02;3.42665;1
 19.57624; 4.26333; 1.710760e-02;3.42665;1
 19.57600; 4.26667; 1.712766e-02;3.42665;1
 19.57594; 4.27000; 1.707370e-02;3.42665;1
 19.57588; 4.27333; 1.739742e-02;3.42665;1
 19.57588; 4.27667; 1.758324e-02;3.42665;1
 19.57600; 4.28000; 1.820178e-02;3.42665;1
 19.57594; 4.28333; 1.853391e-02;3.42665;1
 19.57600; 4.28667; 1.885606e-02;3.42665;1
 19.57582; 4.29000; 1.895044e-02;3.42665;1
 19.57559; 4.29333; 1.856709e-02;3.42665;1
 19.57535; 4.29667; 1.824030e-02;3.42665;1
 19.57524; 4.30000; 1.815473e-02;3.42665;1
 19.57524; 4.30333; 1.883944e-02;3.42665;1
 19.57524; 4.30667; 1.980633e-02;3.42665;1
 19.57535; 4.31000; 2.068674e-02;3.42665;1
 19.57553; 4.31333; 2.139887e-02;3.42665;1
 19.57576; 4.31667; 2.185119e-02;3.42665;1
 19.57588; 4.32000; 2.208798e-02;3.42665;1
 19.57600; 4.32333; 2.222011e-02;3.42665;1
 19.57594; 4.32667; 2.228569e-02;3.42665;1
 19.57588; 4.33000; 2.228183e-02;3.42665;1
 19.57588; 4.33333; 2.236586e-02;3.42665;1
 19.57588; 4.33667; 2.246836e-02;3.42665;1
 19.57618; 4.34000; 2.264724e-02;3.42665;1
 19.57641; 4.34333; 2.279746e-02;3.42665;1
 19.57665; 4.34667; 2.276686e-02;3.42665;1
 19.57676; 4.35000; 2.243966e-02;3.42665;1
 19.57688; 4.35333; 2.160267e-02;3.42665;1
 19.57676; 4.35667; 2.050403e-02;3.42665;1
 19.57665; 4.36000; 1.916010e-02;3.42665;1
 19.57647; 4.36333; 1.764290e-02;3.42665;1
 19.57635; 4.36667; 1.651643e-02;3.42665;1
 19.57635; 4.37000; 1.567881e-02;3.42665;1
 19.57647; 4.37333; 1.504825e-02;3.42665;1
 19.57659; 4.37667; 1.413560e-02;3.42665;1
 19.57659; 4.38000; 1.303458e-02;3.42665;1
 19.57659; 4.38333; 1.176373e-02;3.42665;1
 19.57659; 4.38667; 1.034727e-02;3.42665;1
 19.57647; 4.39000; 8.972201e-03;3.42665;1
 19.57629; 4.39333; 7.648870e-03;3.42665;1
 19.57606; 4.39667; 6.402796e-03;3.42665;1
 19.57600; 4.40000; 5.232026e-03;3.42665;1
 19.57606; 4.40333; 4.430469e-03;3.42665;1
 19.57624; 4.40667; 3.810174e-03;3.42665;1
 19.57635; 4.41000; 3.598638e-03;3.42665;1
 19.57659; 4.41333; 3.455544e-03;3.42665;1
 19.57671; 4.41667; 3.151378e-03;3.42665;1
 19.57671; 4.42000; 2.693075e-03;3.42665;1
 19.57659; 4.42333; 2.105553e-03;3.42665;1
 19.57653; 4.42667; 1.566360e-03;3.42665;1
 19.57647; 4.43000; 1.072175e-03;3.42665;1
 19.57647; 4.43333; 1.073173e-03;3.42665;1
 19.57659; 4.43667; 1.678648e-03;3.42665;1
 19.57688; 4.44000; 2.478431e-03;3.42665;1
 19.57718; 4.44333; 3.159280e-03;3.42665;1
 19.57747; 4.44667; 3.743431e-03;3.42665;1
 19.57782; 4.45000; 4.153149e-03;3.42665;1
 19.57812; 4.45333; 4.580315e-03;3.42665;1
 19.57818; 4.45667; 5.022692e-03;3.42665;1
 19.57824; 4.46000; 5.670308e-03;3.42665;1
 19.57829; 4.46333; 6.396452e-03;3.42665;1
 19.57853; 4.46667; 7.425796e-03;3.42665;1
 19.57876; 4.47000; 8.591440e-03;3.42665;1
 19.57906; 4.47333; 9.707460e-03;3.42665;1
 19.57947; 4.47667; 1.076082e-02;3.42665;1
 19.57994; 4.48000; 1.187610e-02;3.42665;1
 19.58012; 4.48333; 1.281945e-02;3.42665;1
 19.58018; 4.48667; 1.353788e-02;3.42665;1
 19.58029; 4.49000; 1.403815e-02;3.42665;1
 19.58035; 4.49333; 1.441618e-02;3.42665;1
 19.58029; 4.49667; 1.481526e-02;3.42665;1
 19.58024; 4.50000; 1.533335e-02;3.42665;1
 19.58041; 4.50333; 1.603030e-02;3.42665;1
 19.58059; 4.50667; 1.660859e-02;3.42665;1
 19.58076; 4.51000; 1.707195e-02;3.42665;1
 19.58100; 4.51333; 1.732929e-02;3.42665;1
 19.58112; 4.51667; 1.733781e-02;3.42665;1
 19.58118; 4.52000; 1.715923e-02;3.42665;1
 19.58100; 4.52333; 1.681148e-02;3.42665;1
 19.58082; 4.52667; 1.636807e-02;3.42665;1
 19.58065; 4.53000; 1.578728e-02;3.42665;1
 19.58059; 4.53333; 1.534661e-02;3.42665;1
 19.58053; 4.53667; 1.481568e-02;3.42665;1
 19.58059; 4.54000; 1.436592e-02;3.42665;1
 19.58076; 4.54333; 1.390741e-02;3.42665;1
 19.58076; 4.54667; 1.351242e-02;3.42665;1
 19.58076; 4.55000; 1.245895e-02;3.42665;1
 19.58071; 4.55333; 1.081137e-02;3.42665;1
 19.58059; 4.55667; 8.703343e-03;3.42665;1
 19.58029; 4.56000; 6.890445e-03;3.42665;1
 19.58000; 4.56333; 5.638408e-03;3.42665;1
 19.57988; 4.56667; 4.885066e-03;3.42665;1
 19.57971; 4.57000; 4.068690e-03;3.42665;1
 19.57959; 4.57333; 3.329985e-03;3.42665;1
 19.57947; 4.57667; 2.315183e-03;3.42665;1
 19.57953; 4.58000; 1.462105e-03;3.42665;1
 19.57947; 4.58333; 1.042578e-04;3.42665;1
 19.57935; 4.58667;-1.233626e-03;3.42665;1
 19.57906; 4.59000;-2.907133e-03;3.42665;1
 19.57882; 4.59333;-4.374828e-03;3.42665;1
 19.57865; 4.59667;-5.368005e-03;3.42665;1
 19.57841; 4.60000;-5.275188e-03;3.42665;1
 19.57841; 4.60333;-4.607513e-03;3.42665;1
 19.57835; 4.60667;-3.721667e-03;3.42665;1
 19.57841; 4.61000;-3.566190e-03;3.42665;1
 19.57847; 4.61333;-3.649436e-03;3.42665;1
 19.57847; 4.61667;-3.893986e-03;3.42665;1
 19.57835; 4.62000;-3.716731e-03;3.42665;1
 19.57806; 4.62333;-3.438726e-03;3.42665;1
 19.57788; 4.62667;-3.344629e-03;3.42665;1
 19.57782; 4.63000;-2.959559e-03;3.42665;1
 19.57794; 4.63333;-2.604135e-03;3.42665;1
 19.57800; 4.63667;-1.652565e-03;3.42665;1
 19.57818; 4.64000;-5.701767e-04;3.42665;1
 19.57835; 4.64333; 9.900891e-04;3.42665;1
 19.57841; 4.64667; 1.994756e-03;3.42665;1
 19.57847; 4.65000; 2.531972e-03;3.42665;1
 19.57829; 4.65333; 2.704518e-03;3.42665;1
 19.57818; 4.65667; 2.739035e-03;3.42665;1
 19.57788; 4.66000; 2.719575e-03;3.42665;1
 19.57765; 4.66333; 2.949498e-03;3.42665;1
 19.57747; 4.66667; 3.501891e-03;3.42665;1
 19.57741; 4.67000; 4.095095e-03;3.42665;1
 19.57741; 4.67333; 4.630379e-03;3.42665;1
 19.57741; 4.67667; 5.040048e-03;3.42665;1
 19.57735; 4.68000; 5.088402e-03;3.42665;1
 19.57718; 4.68333; 4.440859e-03;3.42665;1
 19.57682; 4.68667; 3.448556e-03;3.42665;1
 19.57635; 4.69000; 2.023394e-03;3.42665;1
 19.57594; 4.69333; 4.383845e-04;3.42665;1
 19.57553; 4.69667;-1.141308e-03;3.42665;1
 19.57524; 4.70000;-2.504712e-03;3.42665;1
 19.57512; 4.70333;-3.716057e-03;3.42665;1
 19.57494; 4.70667;-5.048319e-03;3.42665;1
 19.57482; 4.71000;-6.468205e-03;3.42665;1
 19.57459; 4.71333;-8.365758e-03;3.42665;1
 19.57435; 4.71667;-1.025657e-02;3.42665;1
 19.57412; 4.72000;-1.226212e-02;3.42665;1
 19.57371; 4.72333;-1.426545e-02;3.42665;1
 19.57329; 4.72667;-1.638103e-02;3.42665;1
 19.57294; 4.73000;-1.816847e-02;3.42665;1
 19.57265; 4.73333;-1.948159e-02;3.42665;1
 19.57253; 4.73667;-2.066053e-02;3.42665;1
 19.57241; 4.74000;-2.162072e-02;3.42664;1
 19.57229; 4.74333;-2.259243e-02;3.42664;1
 19.57224; 4.74667;-2.375382e-02;3.42664;1
 19.57200; 4.75000;-2.508764e-02;3.42664;1
 19.57165; 4.75333;-2.646318e-02;3.42664;1
 19.57129; 4.75667;-2.747203e-02;3.42664;1
 19.57094; 4.76000;-2.829533e-02;3.42664;1
 19.57065; 4.76333;-2.871735e-02;3.42664;1
 19.57047; 4.76667;-2.888291e-02;3.42664;1
 19.57035; 4.77000;-2.887048e-02;3.42664;1
 19.57035; 4.77333;-2.856260e-02;3.42664;1
 19.57024; 4.77667;-2.821323e-02;3.42664;1
 19.57012; 4.78000;-2.783678e-02;3.42664;1
 19.56988; 4.78333;-2.746416e-02;3.42664;1
 19.56965; 4.78667;-2.692522e-02;3.42664;1
 19.56941; 4.79000;-2.631732e-02;3.42664;1
 19.56929; 4.79333;-2.579428e-02;3.42664;1
 19.56918; 4.79667;-2.493770e-02;3.42664;1
 19.56929; 4.80000;-2.372845e-02;3.42664;1
 19.56947; 4.80333;-2.219997e-02;3.42664;1
 19.56965; 4.80667;-2.055795e-02;3.42664;1
 19.56994; 4.81000;-1.900267e-02;3.42664;1
 19.57012; 4.81333;-1.768709e-02;3.42664;1
 19.57018; 4.81667;-1.672560e-02;3.42664;1
 19.57018; 4.82000;-1.566515e-02;3.42664;1
 19.57018; 4.82333;-1.449347e-02;3.42664;1
 19.57018; 4.82667;-1.276434e-02;3.42664;1
 19.57041; 4.83000;-1.077377e-02;3.42664;1
 19.57076; 4.83333;-8.287166e-03;3.42664;1
 19.57118; 4.83667;-6.003172e-03;3.42664;1
 19.57165; 4.84000;-3.710674e-03;3.42664;1
 19.57206; 4.84333;-1.688810e-03;3.42664;1
 19.57241; 4.84667; 1.976643e-06;3.42664;1
 19.57253; 4.85000; 1.310549e-03;3.42665;1
 19.57271; 4.85333; 2.257233e-03;3.42665;1
 19.57276; 4.85667; 3.317341e-03;3.42665;1
 19.57282; 4.86000; 4.922242e-03;3.42665;1
 19.57312; 4.86333; 7.087614e-03;3.42665;1
 19.57335; 4.86667; 9.325307e-03;3.42665;1
 19.57376; 4.87000; 1.127780e-02;3.42665;1
 19.57424; 4.87333; 1.287855e-02;3.42665;1
 19.57459; 4.87667; 1.436695e-02;3.42665;1
 19.57482; 4.88000; 1.517888e-02;3.42665;1
 19.57506; 4.88333; 1.584847e-02;3.42665;1
 19.57488; 4.88667; 1.627929e-02;3.42665;1
 19.57476; 4.89000; 1.698552e-02;3.42665;1
 19.57471; 4.89333; 1.769827e-02;3.42665;1
 19.57471; 4.89667; 1.854421e-02;3.42665;1
 19.57482; 4.90000; 1.944939e-02;3.42665;1
 19.57494; 4.90333; 2.039752e-02;3.42665;1
 19.57512; 4.90667; 2.130563e-02;3.42665;1
 19.57518; 4.91000; 2.208918e-02;3.42665;1
 19.57512; 4.91333; 2.158821e-02;3.42665;1
 19.57494; 4.91667; 2.035013e-02;3.42665;1
 19.57453; 4.92000; 1.833752e-02;3.42665;1
 19.57418; 4.92333; 1.689362e-02;3.42665;1
 19.57382; 4.92667; 1.575135e-02;3.42665;1
 19.57365; 4.93000; 1.471694e-02;3.42665;1
 19.57359; 4.93333; 1.374141e-02;3.42665;1
 19.57371; 4.93667; 1.255588e-02;3.42665;1
 19.57382; 4.94000; 1.121096e-02;3.42665;1
 19.57394; 4.94333; 9.414457e-03;3.42665;1
 19.57388; 4.94667; 7.080190e-03;3.42665;1
 19.57382; 4.95000; 5.063002e-03;3.42665;1
 19.57365; 4.95333; 3.300005e-03;3.42665;1
 19.57341; 4.95667; 1.686536e-03;3.42665;1
 19.57335; 4.96000;-1.915614e-04;3.42665;1
 19.57329; 4.96333;-2.002463e-03;3.42665;1
 19.57353; 4.96667;-3.015403e-03;3.42665;1
 19.57382; 4.97000;-3.579482e-03;3.42665;1
 19.57412; 4.97333;-4.025012e-03;3.42665;1
 19.57447; 4.97667;-4.760861e-03;3.42665;1
 19.57471; 4.98000;-5.801983e-03;3.42665;1
 19.57476; 4.98333;-6.793358e-03;3.42665;1
 19.57482; 4.98667;-7.722918e-03;3.42665;1
 19.57482; 4.99000;-8.592972e-03;3.42665;1
 19.57488; 4.99333;-8.885001e-03;3.42665;1
 19.57500; 4.99667;-8.696592e-03;3.42665;1
 19.57535; 5.00000;-7.820568e-03;3.42665;1
 19.57582; 5.00333;-7.013351e-03;3.42665;1
 19.57624; 5.00667;-6.312458e-03;3.42665;1
 19.57665; 5.01000;-5.852073e-03;3.42665;1
 19.57700; 5.01333;-5.755454e-03;3.42665;1
 19.57724; 5.01667;-5.853223e-03;3.42665;1
 19.57741; 5.02000;-5.907655e-03;3.42665;1
 19.57741; 5.02333;-5.649007e-03;3.42665;1
 19.57747; 5.02667;-5.040596e-03;3.42665;1
 19.57759; 5.03000;-4.297903e-03;3.42665;1
 19.57782; 5.03333;-3.407896e-03;3.42665;1
 19.57818; 5.03667;-2.641829e-03;3.42665;1
 19.57859; 5.04000;-1.677881e-03;3.42665;1
 19.57876; 5.04333;-1.472112e-03;3.42665;1
 19.57888; 5.04667;-1.557533e-03;3.42665;1
 19.57888; 5.05000;-2.321208e-03;3.42665;1
 19.57876; 5.05333;-2.970949e-03;3.42665;1
 19.57865; 5.05667;-3.638935e-03;3.42665;1
 19.57859; 5.06000;-3.990273e-03;3.42665;1
 19.57853; 5.06333;-4.245566e-03;3.42665;1
 19.57853; 5.06667;-4.667499e-03;3.42665;1
 19.57865; 5.07000;-5.346821e-03;3.42665;1
 19.57876; 5.07333;-6.412694e-03;3.42665;1
 19.57876; 5.07667;-7.536750e-03;3.42665;1
 19.57871; 5.08000;-9.019818e-03;3.42665;1
 19.57865; 5.08333;-1.011510e-02;3.42665;1
 19.57847; 5.08667;-1.134071e-02;3.42665;1
 19.57829; 5.09000;-1.226613e-02;3.42665;1
 19.57818; 5.09333;-1.314818e-02;3.42665;1
 19.57812; 5.09667;-1.385228e-02;3.42665;1
 19.57818; 5.10000;-1.453964e-02;3.42665;1
 19.57824; 5.10333;-1.510718e-02;3.42665;1
 19.57835; 5.10667;-1.535410e-02;3.42665;1
 19.57853; 5.11000;-1.541670e-02;3.42665;1
 19.57847; 5.11333;-1.544270e-02;3.42665;1
 19.57829; 5.11667;-1.557352e-02;3.42665;1
 19.57818; 5.12000;-1.561615e-02;3.42665;1
 19.57818; 5.12333;-1.538265e-02;3.42665;1
 19.57818; 5.12667;-1.484571e-02;3.42665;1
 19.57829; 5.13000;-1.394449e-02;3.42665;1
 19.57865; 5.13333;-1.301918e-02;3.42665;1
 19.57894; 5.13667;-1.175225e-02;3.42665;1
 19.57929; 5.14000;-1.080849e-02;3.42665;1
 19.57953; 5.14333;-9.817992e-03;3.42665;1
 19.57971; 5.14667;-9.287576e-03;3.42665;1
 19.57982; 5.15000;-8.569354e-03;3.42665;1
 19.57988; 5.15333;-7.849916e-03;3.42665;1
 19.58000; 5.15667;-6.337352e-03;3.42665;1
 19.58035; 5.16000;-4.409323e-03;3.42665;1
 19.58071; 5.16333;-2.313557e-03;3.42665;1
 19.58106; 5.16667;-1.265839e-04;3.42665;1
 19.58153; 5.17000; 2.358653e-03;3.42665;1
 19.58200; 5.17333; 4.983519e-03;3.42665;1
 19.58235; 5.17667; 7.253831e-03;3.42665;1
 19.58265; 5.18000; 8.972082e-03;3.42665;1
 19.58271; 5.18333; 1.021999e-02;3.42665;1
 19.58276; 5.18667; 1.122094e-02;3.42665;1
 19.58282; 5.19000; 1.253119e-02;3.42666;1
 19.58300; 5.19333; 1.438813e-02;3.42666;1
 19.58324; 5.19667; 1.654929e-02;3.42666;1
 19.58365; 5.20000; 1.877490e-02;3.42666;1
 19.58400; 5.20333; 2.101334e-02;3.42666;1
 19.58418; 5.20667; 2.306366e-02;3.42666;1
 19.58435; 5.21000; 2.444073e-02;3.42666;1
 19.58441; 5.21333; 2.521471e-02;3.42666;1
 19.58424; 5.21667; 2.533568e-02;3.42666;1
 19.58406; 5.22000; 2.552945e-02;3.42666;1
 19.58400; 5.22333; 2.606437e-02;3.42666;1
 19.58394; 5.22667; 2.692439e-02;3.42666;1
 19.58412; 5.23000; 2.797685e-02;3.42666;1
 19.58435; 5.23333; 2.896227e-02;3.42666;1
 19.58453; 5.23667; 2.991820e-02;3.42666;1
 19.58476; 5.24000; 3.055471e-02;3.42666;1
 19.58494; 5.24333; 3.070725e-02;3.42666;1
 19.58494; 5.24667; 3.063704e-02;3.42666;1
 19.58494; 5.25000; 3.035835e-02;3.42666;1
 19.58476; 5.25333; 3.016089e-02;3.42666;1
 19.58465; 5.25667; 2.999226e-02;3.42666;1
 19.58465; 5.26000; 2.995616e-02;3.42666;1
 19.58482; 5.26333; 3.010542e-02;3.42666;1
 19.58494; 5.26667; 3.031439e-02;3.42666;1
 19.58512; 5.27000; 3.064216e-02;3.42666;1
 19.58529; 5.27333; 3.076617e-02;3.42666;1
 19.58541; 5.27667; 3.052420e-02;3.42666;1
 19.58541; 5.28000; 2.937211e-02;3.42666;1
 19.58535; 5.28333; 2.730655e-02;3.42666;1
 19.58506; 5.28667; 2.499250e-02;3.42666;1
 19.58482; 5.29000; 2.335314e-02;3.42666;1
 19.58465; 5.29333; 2.231144e-02;3.42666;1
 19.58453; 5.29667; 2.136080e-02;3.42666;1
 19.58447; 5.30000; 2.011547e-02;3.42666;1
 19.58447; 5.30333; 1.837802e-02;3.42666;1
 19.58435; 5.30667; 1.653456e-02;3.42666;1
 19.58418; 5.31000; 1.416736e-02;3.42666;1
 19.58388; 5.31333; 1.170354e-02;3.42666;1
 19.58359; 5.31667; 9.119497e-03;3.42666;1
 19.58329; 5.32000; 6.914055e-03;3.42666;1
 19.58300; 5.32333; 5.257361e-03;3.42666;1
 19.58276; 5.32667; 3.924159e-03;3.42665;1
 19.58271; 5.33000; 2.725645e-03;3.42665;1
 19.58265; 5.33333; 1.637758e-03;3.42665;1
 19.58253; 5.33667; 6.245236e-04;3.42665;1
 19.58235; 5.34000;-6.555816e-04;3.42665;1
 19.58218; 5.34333;-2.061431e-03;3.42665;1
 19.58200; 5.34667;-3.462264e-03;3.42665;1
 19.58176; 5.35000;-4.546539e-03;3.42665;1
 19.58147; 5.35333;-5.375606e-03;3.42665;1
 19.58124; 5.35667;-6.105327e-03;3.42665;1
 19.58112; 5.36000;-6.335611e-03;3.42665;1
 19.58100; 5.36333;-6.233196e-03;3.42665;1
 19.58100; 5.36667;-5.129165e-03;3.42665;1
 19.58106; 5.37000;-3.762922e-03;3.42665;1
 19.58100; 5.37333;-2.439879e-03;3.42665;1
 19.58076; 5.37667;-1.584454e-03;3.42665;1
 19.58059; 5.38000;-8.682386e-04;3.42665;1
 19.58024; 5.38333;-2.557968e-04;3.42665;1
 19.57982; 5.38667; 3.647295e-04;3.42665;1
 19.57953; 5.39000; 1.147395e-03;3.42665;1
 19.57929; 5.39333; 2.354850e-03;3.42665;1
 19.57924; 5.39667; 3.722319e-03;3.42665;1
 19.57929; 5.40000; 4.843404e-03;3.42665;1
 19.57924; 5.40333; 5.471160e-03;3.42665;1
 19.57912; 5.40667; 5.430012e-03;3.42665;1
 19.57894; 5.41000; 5.063143e-03;3.42665;1
 19.57865; 5.41333; 4.758973e-03;3.42665;1
 19.57818; 5.41667; 4.111980e-03;3.42665;1
 19.57776; 5.42000; 3.408810e-03;3.42665;1
 19.57741; 5.42333; 2.219080e-03;3.42665;1
 19.57712; 5.42667; 1.513262e-03;3.42665;1
 19.57688; 5.43000; 8.235724e-04;3.42665;1
 19.57671; 5.43333; 3.585676e-04;3.42665;1
 19.57647; 5.43667;-7.617629e-04;3.42665;1
 19.57629; 5.44000;-2.660836e-03;3.42665;1
 19.57606; 5.44333;-5.140305e-03;3.42665;1
 19.57565; 5.44667;-7.636345e-03;3.42665;1
 19.57524; 5.45000;-1.019201e-02;3.42665;1
 19.57482; 5.45333;-1.268673e-02;3.42665;1
 19.57435; 5.45667;-1.508313e-02;3.42665;1
 19.57406; 5.46000;-1.698799e-02;3.42665;1
 19.57376; 5.46333;-1.869570e-02;3.42665;1
 19.57359; 5.46667;-2.016627e-02;3.42665;1
 19.57329; 5.47000;-2.178383e-02;3.42665;1
 19.57300; 5.47333;-2.365493e-02;3.42665;1
 19.57265; 5.47667;-2.589711e-02;3.42665;1
 19.57218; 5.48000;-2.808594e-02;3.42664;1
 19.57171; 5.48333;-3.058000e-02;3.42664;1
 19.57129; 5.48667;-3.286376e-02;3.42664;1
 19.57100; 5.49000;-3.476697e-02;3.42664;1
 19.57082; 5.49333;-3.588317e-02;3.42664;1
 19.57071; 5.49667;-3.642307e-02;3.42664;1
 19.57076; 5.50000;-3.694501e-02;3.42664;1
 19.57076; 5.50333;-3.779600e-02;3.42664;1
 19.57071; 5.50667;-3.927728e-02;3.42664;1
 19.57053; 5.51000;-4.099661e-02;3.42664;1
 19.57035; 5.51333;-4.238827e-02;3.42664;1
 19.57006; 5.51667;-4.331694e-02;3.42664;1
 19.56994; 5.52000;-4.340139e-02;3.42664;1
 19.56982; 5.52333;-4.294885e-02;3.42664;1
 19.56994; 5.52667;-4.199195e-02;3.42664;1
 19.57024; 5.53000;-4.077845e-02;3.42664;1
 19.57059; 5.53333;-3.929107e-02;3.42664;1
 19.57094; 5.53667;-3.769642e-02;3.42664;1
 19.57123; 5.54000;-3.645109e-02;3.42664;1
 19.57141; 5.54333;-3.541499e-02;3.42664;1
 19.57153; 5.54667;-3.446362e-02;3.42664;1
 19.57171; 5.55000;-3.294934e-02;3.42664;1
 19.57188; 5.55333;-3.106639e-02;3.42664;1
 19.57200; 5.55667;-2.835616e-02;3.42664;1
 19.57229; 5.56000;-2.491915e-02;3.42664;1
 19.57271; 5.56333;-2.097055e-02;3.42665;1
 19.57318; 5.56667;-1.729563e-02;3.42665;1
 19.57371; 5.57000;-1.429528e-02;3.42665;1
 19.57412; 5.57333;-1.195601e-02;3.42665;1
 19.57424; 5.57667;-9.943500e-03;3.42665;1
 19.57441; 5.58000;-8.211797e-03;3.42665;1
 19.57453; 5.58333;-6.052607e-03;3.42665;1
 19.57465; 5.58667;-3.728254e-03;3.42665;1
 19.57482; 5.59000;-9.830681e-04;3.42665;1
 19.57506; 5.59333; 1.677798e-03;3.42665;1
 19.57535; 5.59667; 4.232766e-03;3.42665;1
 19.57565; 5.60000; 6.277917e-03;3.42665;1
 19.57588; 5.60333; 7.689185e-03;3.42665;1
 19.57594; 5.60667; 8.677322e-03;3.42665;1
 19.57600; 5.61000; 9.203302e-03;3.42665;1
 19.57600; 5.61333; 9.705601e-03;3.42665;1
 19.57606; 5.61667; 1.017521e-02;3.42665;1
 19.57606; 5.62000; 1.082786e-02;3.42665;1
 19.57618; 5.62333; 1.162756e-02;3.42665;1
 19.57629; 5.62667; 1.241480e-02;3.42665;1
 19.57659; 5.63000; 1.299086e-02;3.42665;1
 19.57694; 5.63333; 1.320495e-02;3.42665;1
 19.57718; 5.63667; 1.330590e-02;3.42665;1
 19.57724; 5.64000; 1.307794e-02;3.42665;1
 19.57718; 5.64333; 1.262978e-02;3.42665;1
 19.57712; 5.64667; 1.162117e-02;3.42665;1
 19.57706; 5.65000; 1.031787e-02;3.42665;1
 19.57706; 5.65333; 9.229306e-03;3.42665;1
 19.57724; 5.65667; 8.638029e-03;3.42665;1
 19.57741; 5.66000; 8.604801e-03;3.42665;1
 19.57759; 5.66333; 8.385759e-03;3.42665;1
 19.57782; 5.66667; 7.714980e-03;3.42665;1
 19.57794; 5.67000; 6.678919e-03;3.42665;1
 19.57794; 5.67333; 5.354160e-03;3.42665;1
 19.57788; 5.67667; 4.118424e-03;3.42665;1
 19.57765; 5.68000; 2.776928e-03;3.42665;1
 19.57747; 5.68333; 1.642499e-03;3.42665;1
 19.57724; 5.68667; 6.825093e-04;3.42665;1
 19.57712; 5.69000;-7.022510e-05;3.42665;1
 19.57718; 5.69333;-9.246132e-04;3.42665;1
 19.57724; 5.69667;-1.618197e-03;3.42665;1
 19.57729; 5.70000;-2.212365e-03;3.42665;1
 19.57735; 5.70333;-2.529477e-03;3.42665;1
 19.57735; 5.70667;-3.364208e-03;3.42665;1
 19.57712; 5.71000;-4.188724e-03;3.42665;1
 19.57665; 5.71333;-5.142998e-03;3.42665;1
 19.57635; 5.71667;-5.643790e-03;3.42665;1
 19.57618; 5.72000;-5.755713e-03;3.42665;1
 19.57606; 5.72333;-5.859289e-03;3.42665;1
 19.57612; 5.72667;-5.634678e-03;3.42665;1
 19.57612; 5.73000;-5.467607e-03;3.42665;1
 19.57612; 5.73333;-5.157813e-03;3.42665;1
 19.57612; 5.73667;-5.393913e-03;3.42665;1
 19.57594; 5.74000;-5.687252e-03;3.42665;1
 19.57565; 5.74333;-6.104289e-03;3.42665;1
 19.57541; 5.74667;-6.367672e-03;3.42665;1
 19.57506; 5.75000;-6.577736e-03;3.42665;1
 19.57500; 5.75333;-6.346523e-03;3.42665;1
 19.57500; 5.75667;-5.398219e-03;3.42665;1
 19.57494; 5.76000;-3.921737e-03;3.42665;1
 19.57500; 5.76333;-2.233576e-03;3.42665;1
 19.57506; 5.76667;-7.984744e-04;3.42665;1
 19.57524; 5.77000; 3.941869e-04;3.42665;1
 19.57524; 5.77333; 1.598451e-03;3.42665;1
 19.57518; 5.77667; 2.558432e-03;3.42665;1
 19.57500; 5.78000; 3.475737e-03;3.42665;1
 19.57482; 5.78333; 4.444000e-03;3.42665;1
 19.57476; 5.78667; 5.906656e-03;3.42665;1
 19.57488; 5.79000; 7.928805e-03;3.42665;1
 19.57518; 5.79333; 1.005359e-02;3.42665;1
 19.57547; 5.79667; 1.202299e-02;3.42665;1
 19.57576; 5.80000; 1.330826e-02;3.42665;1
 19.57600; 5.80333; 1.440530e-02;3.42665;1
 19.57624; 5.80667; 1.528315e-02;3.42665;1
 19.57629; 5.81000; 1.619102e-02;3.42665;1
 19.57635; 5.81333; 1.690408e-02;3.42665;1
 19.57647; 5.81667; 1.808913e-02;3.42665;1
 19.57659; 5.82000; 1.946858e-02;3.42665;1
 19.57688; 5.82333; 2.131575e-02;3.42665;1
 19.57724; 5.82667; 2.309703e-02;3.42665;1
 19.57776; 5.83000; 2.492957e-02;3.42665;1
 19.57818; 5.83333; 2.646262e-02;3.42665;1
 19.57847; 5.83667; 2.760479e-02;3.42665;1
 19.57865; 5.84000; 2.824126e-02;3.42665;1
 19.57876; 5.84333; 2.845548e-02;3.42665;1
 19.57882; 5.84667; 2.845503e-02;3.42665;1
 19.57876; 5.85000; 2.913421e-02;3.42665;1
 19.57882; 5.85333; 3.035369e-02;3.42665;1
 19.57906; 5.85667; 3.178248e-02;3.42665;1
 19.57929; 5.86000; 3.283243e-02;3.42665;1
 19.57947; 5.86333; 3.337031e-02;3.42665;1
 19.57965; 5.86667; 3.372820e-02;3.42665;1
 19.57971; 5.87000; 3.346333e-02;3.42665;1
 19.57976; 5.87333; 3.307282e-02;3.42665;1
 19.57971; 5.87667; 3.234855e-02;3.42665;1
 19.57965; 5.88000; 3.174660e-02;3.42665;1
 19.57953; 5.88333; 3.131718e-02;3.42665;1
 19.57941; 5.88667; 3.101488e-02;3.42665;1
 19.57947; 5.89000; 3.074336e-02;3.42665;1
 19.57959; 5.89333; 3.035176e-02;3.42665;1
 19.57971; 5.89667; 2.994439e-02;3.42665;1
 19.57982; 5.90000; 2.941533e-02;3.42665;1
 19.57982; 5.90333; 2.859559e-02;3.42665;1
 19.57971; 5.90667; 2.760351e-02;3.42665;1
 19.57971; 5.91000; 2.658104e-02;3.42665;1
 19.57959; 5.91333; 2.569681e-02;3.42665;1
 19.57947; 5.91667; 2.495146e-02;3.42665;1
 19.57959; 5.92000; 2.432780e-02;3.42665;1
 19.57965; 5.92333; 2.396162e-02;3.42665;1
 19.57988; 5.92667; 2.379321e-02;3.42665;1
 19.57994; 5.93000; 2.353830e-02;3.42665;1
 19.58006; 5.93333; 2.289741e-02;3.42665;1
 19.58000; 5.93667; 2.204703e-02;3.42665;1
 19.57988; 5.94000; 2.125153e-02;3.42665;1
 19.57971; 5.94333; 2.045020e-02;3.42665;1
 19.57947; 5.94667; 1.962501e-02;3.42665;1
 19.57935; 5.95000; 1.896341e-02;3.42665;1
 19.57941; 5.95333; 1.853832e-02;3.42665;1
 19.57941; 5.95667; 1.811509e-02;3.42665;1
 19.57953; 5.96000; 1.764446e-02;3.42665;1
 19.57971; 5.96333; 1.698513e-02;3.42665;1
 19.57953; 5.96667; 1.636481e-02;3.42665;1
 19.57941; 5.97000; 1.525578e-02;3.42665;1
 19.57924; 5.97333; 1.371691e-02;3.42665;1
 19.57882; 5.97667; 1.169167e-02;3.42665;1
 19.57859; 5.98000; 9.325105e-03;3.42665;1
 19.57829; 5.98333; 7.293075e-03;3.42665;1
 19.57818; 5.98667; 5.506915e-03;3.42665;1
 19.57818; 5.99000; 4.090919e-03;3.42665;1
 19.57812; 5.99333; 2.802080e-03;3.42665;1
 19.57812; 5.99667; 1.265623e-03;3.42665;1
 19.57800; 6.00000;-4.637643e-04;3.42665;1
 19.57782; 6.00333;-2.754666e-03;3.42665;1
 19.57753; 6.00667;-4.970406e-03;3.42665;1
 19.57706; 6.01000;-7.333678e-03;3.42665;1
 19.57659; 6.01333;-9.477174e-03;3.42665;1
 19.57612; 6.01667;-1.123295e-02;3.42665;1
 19.57576; 6.02000;-1.260173e-02;3.42665;1
 19.57565; 6.02333;-1.376464e-02;3.42665;1
 19.57547; 6.02667;-1.499399e-02;3.42665;1
 19.57529; 6.03000;-1.619725e-02;3.42665;1
 19.57512; 6.03333;-1.758048e-02;3.42665;1
 19.57476; 6.03667;-1.929219e-02;3.42665;1
 19.57441; 6.04000;-2.127804e-02;3.42665;1
 19.57394; 6.04333;-2.303304e-02;3.42665;1
 19.57329; 6.04667;-2.444310e-02;3.42665;1
 19.57300; 6.05000;-2.533948e-02;3.42665;1
 19.57276; 6.05333;-2.610339e-02;3.42665;1
 19.57265; 6.05667;-2.670771e-02;3.42665;1
 19.57259; 6.06000;-2.709194e-02;3.42665;1
 19.57253; 6.06333;-2.731378e-02;3.42665;1
 19.57247; 6.06667;-2.743117e-02;3.42664;1
 19.57241; 6.07000;-2.741096e-02;3.42664;1
 19.57235; 6.07333;-2.734353e-02;3.42664;1
 19.57224; 6.07667;-2.744421e-02;3.42664;1
 19.57206; 6.08000;-2.764653e-02;3.42664;1
 19.57200; 6.08333;-2.720263e-02;3.42664;1
 19.57206; 6.08667;-2.625656e-02;3.42664;1
 19.57224; 6.09000;-2.494921e-02;3.42664;1
 19.57241; 6.09333;-2.356581e-02;3.42664;1
 19.57253; 6.09667;-2.241312e-02;3.42665;1
 19.57265; 6.10000;-2.160589e-02;3.42665;1
 19.57276; 6.10333;-2.150068e-02;3.42665;1
 19.57259; 6.10667;-2.118035e-02;3.42665;1
 19.57247; 6.11000;-2.042366e-02;3.42664;1
 19.57229; 6.11333;-1.911672e-02;3.42664;1
 19.57218; 6.11667;-1.782005e-02;3.42664;1
 19.57218; 6.12000;-1.670888e-02;3.42664;1
 19.57229; 6.12333;-1.584169e-02;3.42664;1
 19.57241; 6.12667;-1.495648e-02;3.42664;1
 19.57241; 6.13000;-1.430352e-02;3.42664;1
 19.57229; 6.13333;-1.383572e-02;3.42664;1
 19.57218; 6.13667;-1.358202e-02;3.42664;1
 19.57200; 6.14000;-1.336096e-02;3.42664;1
 19.57176; 6.14333;-1.327560e-02;3.42664;1
 19.57147; 6.14667;-1.324013e-02;3.42664;1
 19.57129; 6.15000;-1.310958e-02;3.42664;1
 19.57124; 6.15333;-1.313342e-02;3.42664;1
 19.57124; 6.15667;-1.322159e-02;3.42664;1
 19.57129; 6.16000;-1.329793e-02;3.42664;1
 19.57135; 6.16333;-1.337901e-02;3.42664;1
 19.57118; 6.16667;-1.382101e-02;3.42664;1
 19.57100; 6.17000;-1.484531e-02;3.42664;1
 19.57071; 6.17333;-1.569442e-02;3.42664;1
 19.57035; 6.17667;-1.637915e-02;3.42664;1
 19.57000; 6.18000;-1.676085e-02;3.42664;1
 19.56976; 6.18333;-1.724242e-02;3.42664;1
 19.56971; 6.18667;-1.772972e-02;3.42664;1
 19.56965; 6.19000;-1.810897e-02;3.42664;1
 19.56959; 6.19333;-1.841513e-02;3.42664;1
 19.56947; 6.19667;-1.873713e-02;3.42664;1
 19.56935; 6.20000;-1.935921e-02;3.42664;1
 19.56912; 6.20333;-2.010183e-02;3.42664;1
 19.56882; 6.20667;-2.084749e-02;3.42664;1
 19.56847; 6.21000;-2.136810e-02;3.42664;1
 19.56818; 6.21333;-2.178034e-02;3.42664;1
 19.56788; 6.21667;-2.194918e-02;3.42664;1
 19.56782; 6.22000;-2.192646e-02;3.42664;1
 19.56788; 6.22333;-2.183114e-02;3.42664;1
 19.56800; 6.22667;-2.181644e-02;3.42664;1
 19.56806; 6.23000;-2.204448e-02;3.42664;1
 19.56806; 6.23333;-2.228111e-02;3.42664;1
 19.56800; 6.23667;-2.235315e-02;3.42664;1
 19.56782; 6.24000;-2.230977e-02;3.42664;1
 19.56759; 6.24333;-2.240025e-02;3.42664;1
 19.56747; 6.24667;-2.254678e-02;3.42664;1
 19.56747; 6.25000;-2.265948e-02;3.42664;1
 19.56753; 6.25333;-2.255953e-02;3.42664;1
 19.56765; 6.25667;-2.212104e-02;3.42664;1
 19.56771; 6.26000;-2.165597e-02;3.42664;1
 19.56782; 6.26333;-2.135062e-02;3.42664;1
 19.56788; 6.26667;-2.128528e-02;3.42664;1
 19.56782; 6.27000;-2.130844e-02;3.42664;1
 19.56776; 6.27333;-2.130823e-02;3.42664;1
 19.56759; 6.27667;-2.120077e-02;3.42664;1
 19.56753; 6.28000;-2.045227e-02;3.42664;1
 19.56741; 6.28333;-1.917617e-02;3.42664;1
 19.56741; 6.28667;-1.792757e-02;3.42664;1
 19.56747; 6.29000;-1.693693e-02;3.42664;1
 19.56753; 6.29333;-1.623451e-02;3.42664;1
 19.56765; 6.29667;-1.547494e-02;3.42664;1
 19.56759; 6.30000;-1.490886e-02;3.42664;1
 19.56747; 6.30333;-1.441784e-02;3.42664;1
 19.56724; 6.30667;-1.418080e-02;3.42664;1
 19.56700; 6.31000;-1.384640e-02;3.42664;1
 19.56677; 6.31333;-1.337966e-02;3.42664;1
 19.56677; 6.31667;-1.277353e-02;3.42664;1
 19.56671; 6.32000;-1.234837e-02;3.42664;1
 19.56671; 6.32333;-1.211701e-02;3.42664;1
 19.56671; 6.32667;-1.208266e-02;3.42664;1
 19.56671; 6.33000;-1.241214e-02;3.42664;1
 19.56665; 6.33333;-1.314057e-02;3.42664;1
 19.56635; 6.33667;-1.401301e-02;3.42664;1
 19.56606; 6.34000;-1.468592e-02;3.42664;1
 19.56582; 6.34333;-1.496720e-02;3.42664;1
 19.56571; 6.34667;-1.502535e-02;3.42664;1
 19.56565; 6.35000;-1.505183e-02;3.42664;1
 19.56559; 6.35333;-1.525461e-02;3.42664;1
 19.56565; 6.35667;-1.536703e-02;3.42664;1
 19.56571; 6.36000;-1.542887e-02;3.42664;1
 19.56571; 6.36333;-1.546489e-02;3.42664;1
 19.56559; 6.36667;-1.565145e-02;3.42664;1
 19.56541; 6.37000;-1.595040e-02;3.42664;1
 19.56518; 6.37333;-1.623732e-02;3.42664;1
 19.56494; 6.37667;-1.637826e-02;3.42664;1
 19.56482; 6.38000;-1.628093e-02;3.42664;1
 19.56471; 6.38333;-1.608680e-02;3.42664;1
 19.56471; 6.38667;-1.591010e-02;3.42664;1
 19.56476; 6.39000;-1.558138e-02;3.42664;1
 19.56488; 6.39333;-1.515332e-02;3.42664;1
 19.56500; 6.39667;-1.467902e-02;3.42664;1
 19.56500; 6.40000;-1.446876e-02;3.42664;1
 19.56476; 6.40333;-1.488461e-02;3.42664;1
 19.56447; 6.40667;-1.598049e-02;3.42664;1
 19.56424; 6.41000;-1.716743e-02;3.42664;1
 19.56406; 6.41333;-1.795028e-02;3.42664;1
 19.56406; 6.41667;-1.827927e-02;3.42664;1
 19.56418; 6.42000;-1.855869e-02;3.42664;1
 19.56441; 6.42333;-1.871625e-02;3.42664;1
 19.56459; 6.42667;-1.899565e-02;3.42664;1
 19.56471; 6.43000;-1.932979e-02;3.42664;1
 19.56476; 6.43333;-1.982758e-02;3.42664;1
 19.56465; 6.43667;-2.031749e-02;3.42664;1
 19.56465; 6.44000;-2.054738e-02;3.42664;1
 19.56465; 6.44333;-2.056117e-02;3.42664;1
 19.56471; 6.44667;-2.010294e-02;3.42664;1
 19.56500; 6.45000;-1.941083e-02;3.42664;1
 19.56524; 6.45333;-1.860893e-02;3.42664;1
 19.56547; 6.45667;-1.748892e-02;3.42664;1
 19.56582; 6.46000;-1.657164e-02;3.42664;1
 19.56612; 6.46333;-1.545292e-02;3.42664;1
 19.56635; 6.46667;-1.477846e-02;3.42664;1
 19.56653; 6.47000;-1.405603e-02;3.42664;1
 19.56659; 6.47333;-1.338024e-02;3.42664;1
 19.56665; 6.47667;-1.242506e-02;3.42664;1
 19.56676; 6.48000;-1.124790e-02;3.42664;1
 19.56712; 6.48333;-9.654198e-03;3.42664;1
 19.56753; 6.48667;-7.600215e-03;3.42664;1
 19.56800; 6.49000;-5.165500e-03;3.42664;1
 19.56847; 6.49333;-2.927363e-03;3.42664;1
 19.56888; 6.49667;-1.255239e-03;3.42664;1
 19.56912; 6.50000; 1.042582e-04;3.42664;1
 19.56924; 6.50333; 1.163666e-03;3.42664;1
 19.56918; 6.50667; 2.290621e-03;3.42664;1
 19.56924; 6.51000; 3.647311e-03;3.42664;1
 19.56959; 6.51333; 5.599999e-03;3.42664;1
 19.56994; 6.51667; 7.924305e-03;3.42664;1
 19.57041; 6.52000; 1.009222e-02;3.42664;1
 19.57076; 6.52333; 1.180696e-02;3.42664;1
 19.57112; 6.52667; 1.317481e-02;3.42664;1
 19.57141; 6.53000; 1.405378e-02;3.42664;1
 19.57159; 6.53333; 1.472280e-02;3.42664;1
 19.57176; 6.53667; 1.530366e-02;3.42664;1
 19.57182; 6.54000; 1.598300e-02;3.42664;1
 19.57182; 6.54333; 1.679474e-02;3.42664;1
 19.57188; 6.54667; 1.762367e-02;3.42664;1
 19.57212; 6.55000; 1.855567e-02;3.42664;1
 19.57241; 6.55333; 1.935510e-02;3.42664;1
 19.57271; 6.55667; 1.999130e-02;3.42665;1
 19.57300; 6.56000; 2.052059e-02;3.42665;1
 19.57318; 6.56333; 2.056009e-02;3.42665;1
 19.57329; 6.56667; 2.018343e-02;3.42665;1
 19.57306; 6.57000; 1.936835e-02;3.42665;1
 19.57294; 6.57333; 1.850392e-02;3.42665;1
 19.57276; 6.57667; 1.760604e-02;3.42665;1
 19.57276; 6.58000; 1.700663e-02;3.42665;1
 19.57288; 6.58333; 1.643177e-02;3.42665;1
 19.57300; 6.58667; 1.599458e-02;3.42665;1
 19.57318; 6.59000; 1.527206e-02;3.42665;1
 19.57324; 6.59333; 1.437522e-02;3.42665;1
 19.57318; 6.59667; 1.314117e-02;3.42665;1
 19.57312; 6.60000; 1.171744e-02;3.42665;1
 19.57300; 6.60333; 1.018938e-02;3.42665;1
 19.57282; 6.60667; 8.783822e-03;3.42665;1
 19.57259; 6.61000; 7.316002e-03;3.42665;1
 19.57253; 6.61333; 6.291518e-03;3.42665;1
 19.57259; 6.61667; 5.353052e-03;3.42665;1
 19.57271; 6.62000; 5.076529e-03;3.42665;1
 19.57282; 6.62333; 4.759712e-03;3.42665;1
 19.57306; 6.62667; 4.398337e-03;3.42665;1
 19.57300; 6.63000; 3.558793e-03;3.42665;1
 19.57300; 6.63333; 2.775078e-03;3.42665;1
 19.57300; 6.63667; 2.144001e-03;3.42665;1
 19.57288; 6.64000; 1.860575e-03;3.42665;1
 19.57294; 6.64333; 1.727477e-03;3.42665;1
 19.57306; 6.64667; 1.627771e-03;3.42665;1
 19.57329; 6.65000; 1.896895e-03;3.42665;1
 19.57359; 6.65333; 2.429245e-03;3.42665;1
 19.57388; 6.65667; 3.112560e-03;3.42665;1
 19.57412; 6.66000; 3.417842e-03;3.42665;1
 19.57429; 6.66333; 3.688286e-03;3.42665;1
 19.57447; 6.66667; 3.983092e-03;3.42665;1
 19.57453; 6.67000; 4.027922e-03;3.42665;1
 19.57459; 6.67333; 3.985207e-03;3.42665;1
 19.57482; 6.67667; 4.569102e-03;3.42665;1
 19.57512; 6.68000; 5.887774e-03;3.42665;1
 19.57541; 6.68333; 7.567998e-03;3.42665;1
 19.57594; 6.68667; 8.990245e-03;3.42665;1
 19.57629; 6.69000; 1.017178e-02;3.42665;1
 19.57659; 6.69333; 1.093790e-02;3.42665;1
 19.57688; 6.69667; 1.136586e-02;3.42665;1
 19.57700; 6.70000; 1.191660e-02;3.42665;1
 19.57700; 6.70333; 1.273645e-02;3.42665;1
 19.57700; 6.70667; 1.378905e-02;3.42665;1
 19.57700; 6.71000; 1.499021e-02;3.42665;1
 19.57724; 6.71333; 1.592648e-02;3.42665;1
 19.57747; 6.71667; 1.692309e-02;3.42665;1
 19.57771; 6.72000; 1.771120e-02;3.42665;1
 19.57788; 6.72333; 1.859643e-02;3.42665;1
 19.57794; 6.72667; 1.935214e-02;3.42665;1
 19.57788; 6.73000; 1.964430e-02;3.42665;1
 19.57776; 6.73333; 1.971401e-02;3.42665;1
 19.57747; 6.73667; 1.915189e-02;3.42665;1
 19.57724; 6.74000; 1.883163e-02;3.42665;1
 19.57706; 6.74333; 1.878715e-02;3.42665;1
 19.57700; 6.74667; 1.909582e-02;3.42665;1
 19.57688; 6.75000; 1.913066e-02;3.42665;1
 19.57688; 6.75333; 1.872272e-02;3.42665;1
 19.57682; 6.75667; 1.762717e-02;3.42665;1
 19.57671; 6.76000; 1.614450e-02;3.42665;1
 19.57647; 6.76333; 1.428705e-02;3.42665;1
 19.57618; 6.76667; 1.280261e-02;3.42665;1
 19.57571; 6.77000; 1.156104e-02;3.42665;1
 19.57535; 6.77333; 1.043671e-02;3.42665;1
 19.57506; 6.77667; 9.474208e-03;3.42665;1
 19.57482; 6.78000; 8.335949e-03;3.42665;1
 19.57471; 6.78333; 7.763366e-03;3.42665;1
 19.57459; 6.78667; 7.366911e-03;3.42665;1
 19.57441; 6.79000; 6.984110e-03;3.42665;1
 19.57429; 6.79333; 6.212849e-03;3.42665;1
 19.57406; 6.79667; 5.162392e-03;3.42665;1
 19.57371; 6.80000; 4.250721e-03;3.42665;1
 19.57335; 6.80333; 3.458364e-03;3.42665;1
 19.57312; 6.80667; 3.007121e-03;3.42665;1
 19.57282; 6.81000; 2.826382e-03;3.42665;1
 19.57276; 6.81333; 3.107965e-03;3.42665;1
 19.57282; 6.81667; 3.340319e-03;3.42665;1
 19.57288; 6.82000; 3.763109e-03;3.42665;1
 19.57300; 6.82333; 3.530156e-03;3.42665;1
 19.57306; 6.82667; 2.918652e-03;3.42665;1
 19.57300; 6.83000; 2.081603e-03;3.42665;1
 19.57288; 6.83333; 1.456791e-03;3.42665;1
 19.57271; 6.83667; 1.140513e-03;3.42665;1
 19.57259; 6.84000; 8.940704e-04;3.42665;1
 19.57259; 6.84333; 9.806474e-04;3.42665;1
 19.57271; 6.84667; 1.564212e-03;3.42665;1
 19.57276; 6.85000; 2.165274e-03;3.42665;1
 19.57294; 6.85333; 2.571044e-03;3.42665;1
 19.57294; 6.85667; 2.466767e-03;3.42665;1
 19.57288; 6.86000; 2.606323e-03;3.42665;1
 19.57276; 6.86333; 2.683525e-03;3.42665;1
 19.57253; 6.86667; 2.545941e-03;3.42665;1
 19.57224; 6.87000; 1.910594e-03;3.42664;1
 19.57206; 6.87333; 1.290190e-03;3.42664;1
 19.57200; 6.87667; 1.064072e-03;3.42664;1
 19.57194; 6.88000; 1.236450e-03;3.42664;1
 19.57200; 6.88333; 1.533668e-03;3.42664;1
 19.57218; 6.88667; 1.741734e-03;3.42664;1
 19.57235; 6.89000; 1.479147e-03;3.42664;1
 19.57247; 6.89333; 1.065549e-03;3.42664;1
 19.57247; 6.89667; 4.637502e-04;3.42664;1
 19.57247; 6.90000;-2.163930e-05;3.42664;1
 19.57235; 6.90333;-5.012867e-04;3.42664;1
 19.57247; 6.90667;-6.589141e-04;3.42664;1
 19.57265; 6.91000;-3.486898e-04;3.42665;1
 19.57312; 6.91333; 3.983924e-05;3.42665;1
 19.57359; 6.91667; 5.138332e-04;3.42665;1
 19.57400; 6.92000; 9.858752e-04;3.42665;1
 19.57435; 6.92333; 1.313548e-03;3.42665;1
 19.57465; 6.92667; 1.545487e-03;3.42665;1
 19.57482; 6.93000; 1.329489e-03;3.42665;1
 19.57494; 6.93333; 7.812776e-04;3.42665;1
 19.57518; 6.93667; 1.092292e-04;3.42665;1
 19.57541; 6.94000;-1.915316e-04;3.42665;1
 19.57565; 6.94333; 7.989585e-05;3.42665;1
 19.57588; 6.94667; 2.296808e-04;3.42665;1
 19.57629; 6.95000; 4.871432e-04;3.42665;1
 19.57659; 6.95333; 6.841254e-04;3.42665;1
 19.57682; 6.95667; 9.885626e-04;3.42665;1
 19.57706; 6.96000; 1.010938e-03;3.42665;1
 19.57706; 6.96333; 9.486443e-04;3.42665;1
 19.57694; 6.96667; 8.452363e-04;3.42665;1
 19.57671; 6.97000; 7.290939e-04;3.42665;1
 19.57665; 6.97333; 6.873226e-04;3.42665;1
 19.57671; 6.97667; 5.840826e-04;3.42665;1
 19.57688; 6.98000; 6.027173e-04;3.42665;1
 19.57700; 6.98333; 9.337206e-04;3.42665;1
 19.57706; 6.98667; 1.374171e-03;3.42665;1
 19.57706; 6.99000; 1.168521e-03;3.42665;1
 19.57688; 6.99333; 2.440213e-04;3.42665;1
 19.57665; 6.99667;-1.011531e-03;3.42665;1
 19.57629; 7.00000;-2.185137e-03;3.42665;1
 19.57606; 7.00333;-3.242132e-03;3.42665;1
 19.57576; 7.00667;-4.015068e-03;3.42665;1
 19.57559; 7.01000;-4.599981e-03;3.42665;1
 19.57547; 7.01333;-5.161659e-03;3.42665;1
 19.57541; 7.01667;-6.201061e-03;3.42665;1
 19.57535; 7.02000;-7.476425e-03;3.42665;1
 19.57535; 7.02333;-9.339326e-03;3.42665;1
 19.57518; 7.02667;-1.115536e-02;3.42665;1
 19.57482; 7.03000;-1.295006e-02;3.42665;1
 19.57441; 7.03333;-1.450764e-02;3.42665;1
 19.57400; 7.03667;-1.594263e-02;3.42665;1
 19.57371; 7.04000;-1.712841e-02;3.42665;1
 19.57347; 7.04333;-1.805036e-02;3.42665;1
 19.57329; 7.04667;-1.858748e-02;3.42665;1
 19.57318; 7.05000;-1.895900e-02;3.42665;1
 19.57306; 7.05333;-1.906620e-02;3.42665;1
 19.57288; 7.05667;-1.982050e-02;3.42665;1
 19.57259; 7.06000;-2.065381e-02;3.42665;1
 19.57224; 7.06333;-2.161935e-02;3.42664;1
 19.57194; 7.06667;-2.214706e-02;3.42664;1
 19.57165; 7.07000;-2.251168e-02;3.42664;1
 19.57129; 7.07333;-2.242100e-02;3.42664;1
 19.57112; 7.07667;-2.226117e-02;3.42664;1
 19.57088; 7.08000;-2.169958e-02;3.42664;1
 19.57076; 7.08333;-2.135640e-02;3.42664;1
 19.57076; 7.08667;-2.101870e-02;3.42664;1
 19.57053; 7.09000;-2.122494e-02;3.42664;1
 19.57024; 7.09333;-2.141507e-02;3.42664;1
 19.56988; 7.09667;-2.164915e-02;3.42664;1
 19.56947; 7.10000;-2.195286e-02;3.42664;1
 19.56918; 7.10333;-2.214284e-02;3.42664;1
 19.56900; 7.10667;-2.173439e-02;3.42664;1
 19.56876; 7.11000;-2.084622e-02;3.42664;1
 19.56876; 7.11333;-1.971130e-02;3.42664;1
 19.56865; 7.11667;-1.876504e-02;3.42664;1
 19.56859; 7.12000;-1.796738e-02;3.42664;1
 19.56853; 7.12333;-1.738215e-02;3.42664;1
 19.56824; 7.12667;-1.682209e-02;3.42664;1
 19.56794; 7.13000;-1.639636e-02;3.42664;1
 19.56765; 7.13333;-1.597446e-02;3.42664;1
 19.56735; 7.13667;-1.547917e-02;3.42664;1
 19.56724; 7.14000;-1.459569e-02;3.42664;1
 19.56712; 7.14333;-1.357184e-02;3.42664;1
 19.56724; 7.14667;-1.236574e-02;3.42664;1
 19.56747; 7.15000;-1.122174e-02;3.42664;1
 19.56765; 7.15333;-1.027124e-02;3.42664;1
 19.56776; 7.15667;-9.609272e-03;3.42664;1
 19.56771; 7.16000;-8.902577e-03;3.42664;1
 19.56753; 7.16333;-8.254149e-03;3.42664;1
 19.56741; 7.16667;-7.597813e-03;3.42664;1
 19.56724; 7.17000;-7.200967e-03;3.42664;1
 19.56729; 7.17333;-6.551451e-03;3.42664;1
 19.56747; 7.17667;-5.682428e-03;3.42664;1
 19.56759; 7.18000;-4.473353e-03;3.42664;1
 19.56788; 7.18333;-3.150186e-03;3.42664;1
 19.56806; 7.18667;-2.141730e-03;3.42664;1
 19.56812; 7.19000;-1.398699e-03;3.42664;1
 19.56824; 7.19333;-1.102193e-03;3.42664;1
 19.56829; 7.19667;-8.311647e-04;3.42664;1
 19.56824; 7.20000;-1.254478e-04;3.42664;1
 19.56829; 7.20333; 1.168138e-03;3.42664;1
 19.56841; 7.20667; 3.126589e-03;3.42664;1
 19.56865; 7.21000; 4.901088e-03;3.42664;1
 19.56894; 7.21333; 6.532971e-03;3.42664;1
 19.56929; 7.21667; 7.818250e-03;3.42664;1
 19.56959; 7.22000; 8.954004e-03;3.42664;1
 19.56982; 7.22333; 9.715714e-03;3.42664;1
 19.57000; 7.22667; 1.037943e-02;3.42664;1
 19.57006; 7.23000; 1.092894e-02;3.42664;1
 19.57000; 7.23333; 1.168628e-02;3.42664;1
 19.57012; 7.23667; 1.240162e-02;3.42664;1
 19.57024; 7.24000; 1.327565e-02;3.42664;1
 19.57047; 7.24333; 1.404189e-02;3.42664;1
 19.57082; 7.24667; 1.481024e-02;3.42664;1
 19.57106; 7.25000; 1.537338e-02;3.42664;1
 19.57118; 7.25333; 1.569409e-02;3.42664;1
 19.57124; 7.25667; 1.558342e-02;3.42664;1
 19.57124; 7.26000; 1.502420e-02;3.42664;1
 19.57100; 7.26333; 1.409021e-02;3.42664;1
 19.57082; 7.26667; 1.319938e-02;3.42664;1
 19.57071; 7.27000; 1.243655e-02;3.42664;1
 19.57065; 7.27333; 1.200037e-02;3.42664;1
 19.57071; 7.27667; 1.151252e-02;3.42664;1
 19.57082; 7.28000; 1.118452e-02;3.42664;1
 19.57088; 7.28333; 1.077760e-02;3.42664;1
 19.57082; 7.28667; 9.936156e-03;3.42664;1
 19.57071; 7.29000; 8.645260e-03;3.42664;1
 19.57047; 7.29333; 7.104886e-03;3.42664;1
 19.57018; 7.29667; 5.861577e-03;3.42664;1
 19.56994; 7.30000; 4.908321e-03;3.42664;1
 19.56965; 7.30333; 4.093029e-03;3.42664;1
 19.56953; 7.30667; 3.487410e-03;3.42664;1
 19.56947; 7.31000; 3.011305e-03;3.42664;1
 19.56959; 7.31333; 2.925647e-03;3.42664;1
 19.56953; 7.31667; 2.835848e-03;3.42664;1
 19.56953; 7.32000; 2.130389e-03;3.42664;1
 19.56929; 7.32333; 7.936922e-04;3.42664;1
 19.56906; 7.32667;-9.262165e-04;3.42664;1
 19.56876; 7.33000;-2.428591e-03;3.42664;1
 19.56841; 7.33333;-3.690551e-03;3.42664;1
 19.56818; 7.33667;-4.675489e-03;3.42664;1
 19.56812; 7.34000;-5.295415e-03;3.42664;1
 19.56812; 7.34333;-5.906065e-03;3.42664;1
 19.56824; 7.34667;-6.509871e-03;3.42664;1
 19.56824; 7.35000;-7.286351e-03;3.42664;1
 19.56829; 7.35333;-8.192549e-03;3.42664;1
 19.56824; 7.35667;-9.013401e-03;3.42664;1
 19.56812; 7.36000;-9.831318e-03;3.42664;1
 19.56788; 7.36333;-1.066896e-02;3.42664;1
 19.56776; 7.36667;-1.158152e-02;3.42664;1
 19.56765; 7.37000;-1.222332e-02;3.42664;1
 19.56771; 7.37333;-1.241222e-02;3.42664;1
 19.56776; 7.37667;-1.260143e-02;3.42664;1
 19.56788; 7.38000;-1.267021e-02;3.42664;1
 19.56806; 7.38333;-1.291100e-02;3.42664;1
 19.56818; 7.38667;-1.343249e-02;3.42664;1
 19.56818; 7.39000;-1.410859e-02;3.42664;1
 19.56800; 7.39333;-1.474765e-02;3.42664;1
 19.56776; 7.39667;-1.490030e-02;3.42664;1
 19.56771; 7.40000;-1.497795e-02;3.42664;1
 19.56753; 7.40333;-1.464210e-02;3.42664;1
 19.56753; 7.40667;-1.433680e-02;3.42664;1
 19.56759; 7.41000;-1.361119e-02;3.42664;1
 19.56771; 7.41333;-1.268943e-02;3.42664;1
 19.56782; 7.41667;-1.149355e-02;3.42664;1
 19.56788; 7.42000;-1.068623e-02;3.42664;1
 19.56765; 7.42333;-1.012808e-02;3.42664;1
 19.56741; 7.42667;-9.792879e-03;3.42664;1
 19.56712; 7.43000;-9.309244e-03;3.42664;1
 19.56694; 7.43333;-8.832215e-03;3.42664;1
 19.56688; 7.43667;-8.027686e-03;3.42664;1
 19.56688; 7.44000;-7.096848e-03;3.42664;1
 19.56688; 7.44333;-6.124709e-03;3.42664;1
 19.56706; 7.44667;-5.220239e-03;3.42664;1
 19.56712; 7.45000;-4.662613e-03;3.42664;1
 19.56700; 7.45333;-4.388694e-03;3.42664;1
 19.56676; 7.45667;-4.475311e-03;3.42664;1
 19.56665; 7.46000;-4.523714e-03;3.42664;1
 19.56641; 7.46333;-4.417791e-03;3.42664;1
 19.56624; 7.46667;-4.099852e-03;3.42664;1
 19.56618; 7.47000;-3.491757e-03;3.42664;1
 19.56618; 7.47333;-2.743754e-03;3.42664;1
 19.56629; 7.47667;-1.901302e-03;3.42664;1
 19.56653; 7.48000;-1.254291e-03;3.42664;1
 19.56676; 7.48333;-9.446147e-04;3.42664;1
 19.56694; 7.48667;-8.846037e-04;3.42664;1
 19.56694; 7.49000;-9.584710e-04;3.42664;1
 19.56688; 7.49333;-1.092058e-03;3.42664;1
 19.56671; 7.49667;-1.324615e-03;3.42664;1
 19.56676; 7.50000;-1.431858e-03;3.42664;1
 19.56671; 7.50333;-1.167669e-03;3.42664;1
 19.56694; 7.50667;-5.026958e-04;3.42664;1
 19.56735; 7.51000; 2.656020e-04;3.42664;1
 19.56765; 7.51333; 9.154787e-04;3.42664;1
 19.56788; 7.51667; 1.262439e-03;3.42664;1
 19.56812; 7.52000; 1.443495e-03;3.42664;1
 19.56818; 7.52333; 1.273578e-03;3.42664;1
 19.56818; 7.52667; 8.181831e-04;3.42664;1
 19.56818; 7.53000; 1.735050e-04;3.42664;1
 19.56818; 7.53333;-7.927832e-05;3.42664;1
 19.56835; 7.53667; 3.281479e-04;3.42664;1
 19.56847; 7.54000; 9.655469e-04;3.42664;1
 19.56876; 7.54333; 1.597480e-03;3.42664;1
 19.56918; 7.54667; 2.132756e-03;3.42664;1
 19.56947; 7.55000; 2.766058e-03;3.42664;1
 19.56982; 7.55333; 3.120006e-03;3.42664;1
 19.56994; 7.55667; 3.350537e-03;3.42664;1
 19.57018; 7.56000; 3.542325e-03;3.42664;1
 19.57035; 7.56333; 4.243367e-03;3.42664;1
 19.57041; 7.56667; 4.953081e-03;3.42664;1
 19.57071; 7.57000; 6.115165e-03;3.42664;1
 19.57106; 7.57333; 7.192228e-03;3.42664;1
 19.57147; 7.57667; 9.007058e-03;3.42664;1
 19.57188; 7.58000; 1.105993e-02;3.42664;1
 19.57229; 7.58333; 1.306421e-02;3.42664;1
 19.57259; 7.58667; 1.463906e-02;3.42665;1
 19.57282; 7.59000; 1.555635e-02;3.42665;1
 19.57288; 7.59333; 1.644489e-02;3.42665;1
 19.57306; 7.59667; 1.743748e-02;3.42665;1
 19.57306; 7.60000; 1.877114e-02;3.42665;1
 19.57329; 7.60333; 2.059938e-02;3.42665;1
 19.57365; 7.60667; 2.245019e-02;3.42665;1
 19.57400; 7.61000; 2.428894e-02;3.42665;1
 19.57435; 7.61333; 2.578139e-02;3.42665;1
 19.57459; 7.61667; 2.682870e-02;3.42665;1
 19.57465; 7.62000; 2.775692e-02;3.42665;1
 19.57482; 7.62333; 2.855107e-02;3.42665;1
 19.57488; 7.62667; 2.904428e-02;3.42665;1
 19.57488; 7.63000; 2.927534e-02;3.42665;1
 19.57494; 7.63333; 2.932254e-02;3.42665;1
 19.57512; 7.63667; 2.984048e-02;3.42665;1
 19.57535; 7.64000; 3.034941e-02;3.42665;1
 19.57559; 7.64333; 3.092991e-02;3.42665;1
 19.57582; 7.64667; 3.121780e-02;3.42665;1
 19.57606; 7.65000; 3.135114e-02;3.42665;1
 19.57612; 7.65333; 3.118475e-02;3.42665;1
 19.57624; 7.65667; 3.082148e-02;3.42665;1
 19.57606; 7.66000; 3.021157e-02;3.42665;1
 19.57588; 7.66333; 2.993502e-02;3.42665;1
 19.57576; 7.66667; 2.985646e-02;3.42665;1
 19.57576; 7.67000; 3.006709e-02;3.42665;1
 19.57582; 7.67333; 2.993722e-02;3.42665;1
 19.57606; 7.67667; 2.985813e-02;3.42665;1
 19.57618; 7.68000; 2.969442e-02;3.42665;1
 19.57618; 7.68333; 2.927049e-02;3.42665;1
 19.57624; 7.68667; 2.843623e-02;3.42665;1
 19.57606; 7.69000; 2.745437e-02;3.42665;1
 19.57576; 7.69333; 2.642092e-02;3.42665;1
 19.57547; 7.69667; 2.555999e-02;3.42665;1
 19.57529; 7.70000; 2.469843e-02;3.42665;1
 19.57529; 7.70333; 2.407398e-02;3.42665;1
 19.57535; 7.70667; 2.352687e-02;3.42665;1
 19.57535; 7.71000; 2.300210e-02;3.42665;1
 19.57535; 7.71333; 2.221569e-02;3.42665;1
 19.57524; 7.71667; 2.096597e-02;3.42665;1
 19.57512; 7.72000; 1.937661e-02;3.42665;1
 19.57482; 7.72333; 1.780576e-02;3.42665;1
 19.57453; 7.72667; 1.624394e-02;3.42665;1
 19.57418; 7.73000; 1.500475e-02;3.42665;1
 19.57394; 7.73333; 1.425787e-02;3.42665;1
 19.57376; 7.73667; 1.387453e-02;3.42665;1
 19.57371; 7.74000; 1.355331e-02;3.42665;1
 19.57347; 7.74333; 1.283164e-02;3.42665;1
 19.57341; 7.74667; 1.168769e-02;3.42665;1
 19.57341; 7.75000; 1.026431e-02;3.42665;1
 19.57318; 7.75333; 9.095360e-03;3.42665;1
 19.57288; 7.75667; 8.103081e-03;3.42665;1
 19.57253; 7.76000; 6.943459e-03;3.42665;1
 19.57224; 7.76333; 5.559167e-03;3.42664;1
 19.57212; 7.76667; 4.496321e-03;3.42664;1
 19.57194; 7.77000; 3.872660e-03;3.42664;1
 19.57200; 7.77333; 3.461207e-03;3.42664;1
 19.57212; 7.77667; 3.090551e-03;3.42664;1
 19.57229; 7.78000; 2.357399e-03;3.42664;1
 19.57218; 7.78333; 1.352523e-03;3.42664;1
 19.57212; 7.78667;-6.014185e-04;3.42664;1
 19.57182; 7.79000;-2.751543e-03;3.42664;1
 19.57159; 7.79333;-5.036247e-03;3.42664;1
 19.57135; 7.79667;-6.555807e-03;3.42664;1
 19.57135; 7.80000;-7.702107e-03;3.42664;1
 19.57141; 7.80333;-8.729478e-03;3.42664;1
 19.57159; 7.80667;-9.886407e-03;3.42664;1
 19.57176; 7.81000;-1.093004e-02;3.42664;1
 19.57194; 7.81333;-1.201635e-02;3.42664;1
 19.57188; 7.81667;-1.309534e-02;3.42664;1
 19.57176; 7.82000;-1.437680e-02;3.42664;1
 19.57153; 7.82333;-1.556894e-02;3.42664;1
 19.57153; 7.82667;-1.660583e-02;3.42664;1
 19.57147; 7.83000;-1.746370e-02;3.42664;1
 19.57141; 7.83333;-1.808003e-02;3.42664;1
 19.57141; 7.83667;-1.836321e-02;3.42664;1
 19.57171; 7.84000;-1.829052e-02;3.42664;1
 19.57188; 7.84333;-1.788107e-02;3.42664;1
 19.57206; 7.84667;-1.755679e-02;3.42664;1
 19.57218; 7.85000;-1.715765e-02;3.42664;1
 19.57212; 7.85333;-1.730206e-02;3.42664;1
 19.57206; 7.85667;-1.743917e-02;3.42664;1
 19.57194; 7.86000;-1.774385e-02;3.42664;1
 19.57171; 7.86333;-1.728277e-02;3.42664;1
 19.57176; 7.86667;-1.642761e-02;3.42664;1
 19.57194; 7.87000;-1.526801e-02;3.42664;1
 19.57218; 7.87333;-1.425221e-02;3.42664;1
 19.57241; 7.87667;-1.333704e-02;3.42664;1
 19.57265; 7.88000;-1.250971e-02;3.42665;1
 19.57271; 7.88333;-1.168726e-02;3.42665;1
 19.57271; 7.88667;-1.099493e-02;3.42665;1
 19.57265; 7.89000;-1.038630e-02;3.42665;1
 19.57253; 7.89333;-9.637570e-03;3.42665;1
 19.57241; 7.89667;-9.067506e-03;3.42664;1
 19.57247; 7.90000;-8.581889e-03;3.42664;1
 19.57253; 7.90333;-7.373562e-03;3.42665;1
 19.57265; 7.90667;-5.676757e-03;3.42665;1
 19.57288; 7.91000;-3.474627e-03;3.42665;1
 19.57306; 7.91333;-2.119337e-03;3.42665;1
 19.57300; 7.91667;-1.104603e-03;3.42665;1
 19.57294; 7.92000;-5.633729e-04;3.42665;1
 19.57271; 7.92333;-8.337975e-05;3.42665;1
 19.57253; 7.92667; 4.260012e-04;3.42665;1
 19.57235; 7.93000; 1.653072e-03;3.42664;1
 19.57241; 7.93333; 3.100528e-03;3.42664;1
 19.57247; 7.93667; 4.365975e-03;3.42664;1
 19.57259; 7.94000; 4.646095e-03;3.42665;1
 19.57271; 7.94333; 4.338401e-03;3.42665;1
 19.57282; 7.94667; 4.402063e-03;3.42665;1
 19.57282; 7.95000; 5.179868e-03;3.42665;1
 19.57271; 7.95333; 6.666921e-03;3.42665;1
 19.57253; 7.95667; 8.290947e-03;3.42665;1
 19.57247; 7.96000; 9.918594e-03;3.42664;1
 19.57241; 7.96333; 1.135516e-02;3.42664;1
 19.57247; 7.96667; 1.257734e-02;3.42664;1
 19.57247; 7.97000; 1.372991e-02;3.42664;1
 19.57280; 7.97333; 1.514471e-02;3.42665;1
 19.57308; 7.97667; 1.691874e-02;3.42665;1
 19.57309; 7.98000; 1.860735e-02;3.42665;1
 19.57278; 7.98333; 1.994541e-02;3.42665;1
 19.57243; 7.98667; 2.106670e-02;3.42664;1
 19.57280; 7.99000; 2.227578e-02;3.42665;1
 19.57367; 7.99333; 2.348107e-02;3.42665;1
 19.57400; 7.99667; 2.452461e-02;3.42665;1
 19.57500; 7.99833; 1.746442e-02;3.42665;2
 19.57433; 8.00000; 1.948851e-02;3.42665;2
 19.57400; 8.00167; 2.176605e-02;3.42665;2
 19.57386; 8.00333; 2.429615e-02;3.42665;2
 19.57378; 8.00500; 2.695321e-02;3.42665;2
 19.57336; 8.00667; 2.961027e-02;3.42665;2
 19.57338; 8.00833; 3.214127e-02;3.42665;2
 19.57347; 8.01000; 3.416446e-02;3.42665;2
 19.57388; 8.01167; 3.542906e-02;3.42665;2
 19.57479; 8.01333; 3.593417e-02;3.42665;2
 19.57619; 8.01500; 3.593416e-02;3.42665;2
 19.57800; 8.01667; 3.530206e-02;3.42665;2
 19.58020; 8.01833; 3.353097e-02;3.42665;2
 19.58293; 8.02000; 3.024182e-02;3.42666;2
 19.58628; 8.02167; 2.720657e-02;3.42666;2
 19.59016; 8.02333; 2.353746e-02;3.42666;2
 19.59461; 8.02500; 2.024831e-02;3.42667;2
 19.59969; 8.02667; 1.771954e-02;3.42667;2
 19.60527; 8.02833; 1.620236e-02;3.42668;2
 19.61154; 8.03000; 2.126383e-02;3.42668;2
 19.61841; 8.03167; 2.708295e-02;3.42669;2
 19.62581; 8.03333; 3.416797e-02;3.42670;2
 19.63378; 8.03500; 4.239103e-02;3.42671;2
 19.64236; 8.03667; 5.074099e-02;3.42671;2
 19.65155; 8.03833; 5.896441e-02;3.42672;2
 19.66129; 8.04000; 6.845278e-02;3.42673;2
 19.67166; 8.04167; 7.781459e-02;3.42674;2
 19.68260; 8.04333; 8.856920e-02;3.42675;2
 19.69409; 8.04500; 9.894331e-02;3.42677;2
 19.70608; 8.04667;      0.10932;3.42678;2
 19.71864; 8.04833;      0.11969;3.42679;2
 19.72757; 8.05000;      0.13019;3.42680;2
 19.73687; 8.05167;      0.14006;3.42681;2
 19.74651; 8.05333;      0.14967;3.42682;2
 19.75651; 8.05500;      0.15916;3.42683;2
 19.76687; 8.05667;      0.16802;3.42684;2
 19.77761; 8.05833;      0.17662;3.42685;2
 19.78870; 8.06000;      0.18509;3.42686;2
 19.80016; 8.06167;      0.19268;3.42687;2
 19.81202; 8.06333;      0.19926;3.42688;2
 19.82428; 8.06500;      0.20495;3.42689;2
 19.83690; 8.06667;      0.20989;3.42691;2
 19.84990; 8.06833;      0.21482;3.42692;2
 19.86328; 8.07000;      0.21975;3.42693;2
 19.87707; 8.07167;      0.22380;3.42695;2
 19.89123; 8.07333;      0.22722;3.42696;2
 19.90579; 8.07500;      0.22987;3.42698;2
 19.92070; 8.07667;      0.23265;3.42699;2
 19.93597; 8.07833;      0.23518;3.42700;2
 19.95159; 8.08000;      0.23695;3.42702;2
 19.96757; 8.08167;      0.23809;3.42704;2
 19.98392; 8.08333;      0.23847;3.42705;2
 20.00062; 8.08500;      0.23822;3.42707;2
 20.01770; 8.08667;      0.23771;3.42709;2
 20.03516; 8.08833;      0.23695;3.42710;2
 20.05298; 8.09000;      0.23594;3.42712;2
 20.07111; 8.09167;      0.23429;3.42714;2
 20.08957; 8.09333;      0.23239;3.42716;2
 20.10833; 8.09500;      0.23024;3.42718;2
 20.12743; 8.09667;      0.22796;3.42719;2
 20.14685; 8.09833;      0.22746;3.42721;2
 20.16657; 8.10000;      0.22606;3.42723;2
 20.18662; 8.10167;      0.22391;3.42725;2
 20.20697; 8.10333;      0.22062;3.42727;2
 20.22757; 8.10500;      0.21758;3.42729;2
 20.24849; 8.10667;      0.21455;3.42731;2
 20.26970; 8.10833;      0.21075;3.42733;2
 20.29123; 8.11000;      0.20696;3.42736;2
 20.31300; 8.11167;      0.20329;3.42738;2
 20.33502; 8.11333;      0.19924;3.42740;2
 20.35730; 8.11500;      0.19468;3.42742;2
 20.37985; 8.11667;      0.19000;3.42744;2
 20.40269; 8.11833;      0.18557;3.42747;2
 20.42575; 8.12000;      0.18165;3.42749;2
 20.44908; 8.12167;      0.17747;3.42751;2
 20.47266; 8.12333;      0.17330;3.42753;2
 20.49643; 8.12500;      0.16938;3.42756;2
 20.52044; 8.12667;      0.16558;3.42758;2
 20.54466; 8.12833;      0.16153;3.42761;2
 20.56910; 8.13000;      0.15824;3.42763;2
 20.59375; 8.13167;      0.15533;3.42765;2
 20.61859; 8.13333;      0.15230;3.42768;2
 20.64366; 8.13500;      0.14901;3.42770;2
 20.66885; 8.13667;      0.14584;3.42773;2
 20.69426; 8.13833;      0.14255;3.42775;2
 20.71985; 8.14000;      0.13952;3.42778;2
 20.74562; 8.14167;      0.13635;3.42780;2
 20.77157; 8.14333;      0.13332;3.42783;2
 20.79769; 8.14500;      0.13104;3.42786;2
 20.82398; 8.14667;      0.12902;3.42788;2
 20.85044; 8.14833;      0.12649;3.42791;2
 20.87705; 8.15000;      0.12294;3.42793;2
 20.90382; 8.15167;      0.11902;3.42796;2
 20.93074; 8.15333;      0.11573;3.42799;2
 20.95780; 8.15500;      0.11295;3.42801;2
 20.98502; 8.15667;      0.11016;3.42804;2
 21.01238; 8.15833;      0.10801;3.42807;2
 21.03987; 8.16000;      0.10574;3.42809;2
 21.06748; 8.16167;      0.10397;3.42812;2
 21.09521; 8.16333;      0.10194;3.42815;2
 21.12311; 8.16500;      0.10055;3.42818;2
 21.15113; 8.16667; 9.928261e-02;3.42820;2
 21.17928; 8.16833; 9.801639e-02;3.42823;2
 21.20754; 8.17000; 9.687695e-02;3.42826;2
 21.23590; 8.17167; 9.586461e-02;3.42829;2
 21.26436; 8.17333; 9.472584e-02;3.42831;2
 21.29293; 8.17500; 9.383965e-02;3.42834;2
 21.32161; 8.17667; 9.295347e-02;3.42837;2
 21.35039; 8.17833; 9.219374e-02;3.42840;2
 21.37928; 8.18000; 9.206622e-02;3.42843;2
 21.40826; 8.18167; 9.219095e-02;3.42846;2
 21.43734; 8.18333; 9.206248e-02;3.42848;2
 21.46652; 8.18500; 9.218910e-02;3.42851;2
 21.49579; 8.18667; 9.193482e-02;3.42854;2
 21.52513; 8.18833; 9.155412e-02;3.42857;2
 21.55454; 8.19000; 9.117405e-02;3.42860;2
 21.58403; 8.19167; 9.142551e-02;3.42863;2
 21.61364; 8.19333; 9.129704e-02;3.42866;2
 21.64331; 8.19500; 9.142175e-02;3.42869;2
 21.67308; 8.19667; 9.205311e-02;3.42872;2
 21.70292; 8.19833; 9.281184e-02;3.42874;2
 21.73284; 8.20000; 9.318906e-02;3.42877;2
 21.76284; 8.20167; 9.344048e-02;3.42880;2
 21.79289; 8.20333; 9.407149e-02;3.42883;2
 21.82302; 8.20500; 9.508175e-02;3.42886;2
 21.85323; 8.20667; 9.710432e-02;3.42889;2
 21.88349; 8.20833; 9.912527e-02;3.42892;2
 21.91382; 8.21000;      0.10115;3.42895;2
 21.94418; 8.21167;      0.10279;3.42898;2
 21.97461; 8.21333;      0.10456;3.42901;2
 22.00510; 8.21500;      0.10607;3.42904;2
 22.03564; 8.21667;      0.10772;3.42907;2
 22.06626; 8.21833;      0.10974;3.42910;2
 22.09693; 8.22000;      0.11252;3.42913;2
 22.12766; 8.22167;      0.11504;3.42916;2
 22.15841; 8.22333;      0.11719;3.42919;2
 22.18920; 8.22500;      0.11921;3.42922;2
 22.22008; 8.22667;      0.12098;3.42925;2
 22.25098; 8.22833;      0.12300;3.42928;2
 22.28192; 8.23000;      0.12527;3.42931;2
 22.31293; 8.23167;      0.12768;3.42934;2
 22.34402; 8.23333;      0.13033;3.42937;2
 22.37515; 8.23500;      0.13298;3.42940;2
 22.40630; 8.23667;      0.13589;3.42943;2
 22.43749; 8.23833;      0.13867;3.42946;2
 22.46872; 8.24000;      0.14195;3.42949;2
 22.49998; 8.24167;      0.14536;3.42952;2
 22.53130; 8.24333;      0.14827;3.42955;2
 22.56267; 8.24500;      0.15067;3.42959;2
 22.59410; 8.24667;      0.15345;3.42962;2
 22.62554; 8.24833;      0.15597;3.42965;2
 22.65702; 8.25000;      0.15850;3.42968;2
 22.68854; 8.25167;      0.16179;3.42971;2
 22.72008; 8.25333;      0.16494;3.42974;2
 22.75166; 8.25500;      0.16835;3.42977;2
 22.78328; 8.25667;      0.17164;3.42980;2
 22.81495; 8.25833;      0.17505;3.42983;2
 22.84664; 8.26000;      0.17846;3.42986;2
 22.87836; 8.26167;      0.18187;3.42989;2
 22.91013; 8.26333;      0.18503;3.42992;2
 22.94195; 8.26500;      0.18831;3.42996;2
 22.97377; 8.26667;      0.19134;3.42999;2
 23.00564; 8.26833;      0.19374;3.43002;2
 23.03752; 8.27000;      0.19639;3.43005;2
 23.06944; 8.27167;      0.19980;3.43008;2
 23.10141; 8.27333;      0.20208;3.43011;2
 23.13343; 8.27500;      0.20435;3.43014;2
 23.16543; 8.27667;      0.20700;3.43017;2
 23.19743; 8.27833;      0.21028;3.43020;2
 23.22946; 8.28000;      0.21382;3.43024;2
 23.26156; 8.28167;      0.21799;3.43027;2
 23.29367; 8.28333;      0.22241;3.43030;2
 23.32584; 8.28500;      0.22671;3.43033;2
 23.35803; 8.28667;      0.23075;3.43036;2
 23.39025; 8.28833;      0.23479;3.43039;2
 23.42246; 8.29000;      0.23896;3.43042;2
 23.45470; 8.29167;      0.24173;3.43045;2
 23.48697; 8.29333;      0.24476;3.43049;2
 23.51923; 8.29500;      0.24805;3.43052;2
 23.55156; 8.29667;      0.25183;3.43055;2
 23.58389; 8.29833;      0.25575;3.43058;2
 23.61623; 8.30000;      0.25966;3.43061;2
 23.64859; 8.30167;      0.26370;3.43064;2
 23.68097; 8.30333;      0.26787;3.43067;2
 23.71338; 8.30500;      0.27204;3.43071;2
 23.74580; 8.30667;      0.27621;3.43074;2
 23.77825; 8.30833;      0.28000;3.43077;2
 23.81072; 8.31000;      0.28391;3.43080;2
 23.84321; 8.31167;      0.28770;3.43083;2
 23.87574; 8.31333;      0.29035;3.43086;2
 23.90830; 8.31500;      0.29300;3.43089;2
 23.94087; 8.31667;      0.29603;3.43093;2
 23.97346; 8.31833;      0.29906;3.43096;2
 24.00603; 8.32000;      0.30209;3.43099;2
 24.03864; 8.32167;      0.30524;3.43102;2
 24.07125; 8.32333;      0.30865;3.43105;2
 24.10390; 8.32500;      0.31269;3.43108;2
 24.13661; 8.32667;      0.31711;3.43112;2
 24.16930; 8.32833;      0.32140;3.43115;2
 24.20200; 8.33000;      0.32544;3.43118;2
 24.23475; 8.33167;      0.32923;3.43121;2
 24.26749; 8.33333;      0.33175;3.43124;2
 24.30023; 8.33500;      0.33491;3.43127;2
 24.33298; 8.33667;      0.33680;3.43131;2
 24.36575; 8.33833;      0.33920;3.43134;2
 24.39856; 8.34000;      0.34185;3.43137;2
 24.43136; 8.34167;      0.34462;3.43140;2
 24.46418; 8.34333;      0.34714;3.43143;2
 24.49703; 8.34500;      0.34979;3.43146;2
 24.52990; 8.34667;      0.35295;3.43150;2
 24.56279; 8.34833;      0.35623;3.43153;2
 24.59569; 8.35000;      0.35951;3.43156;2
 24.62859; 8.35167;      0.36304;3.43159;2
 24.66152; 8.35333;      0.36658;3.43162;2
 24.69449; 8.35500;      0.37011;3.43165;2
 24.72749; 8.35667;      0.37390;3.43169;2
 24.76049; 8.35833;      0.37756;3.43172;2
 24.79348; 8.36000;      0.38122;3.43175;2
 24.82649; 8.36167;      0.38462;3.43178;2
 24.85949; 8.36333;      0.38778;3.43181;2
 24.89251; 8.36500;      0.39093;3.43185;2
 24.92554; 8.36667;      0.39447;3.43188;2
 24.95859; 8.36833;      0.39800;3.43191;2
 24.99164; 8.37000;      0.40128;3.43194;2
 25.02472; 8.37167;      0.40431;3.43197;2
 25.05780; 8.37333;      0.40733;3.43201;2
 25.09090; 8.37500;      0.41036;3.43204;2
 25.12400; 8.37667;      0.41326;3.43207;2
 25.15715; 8.37833;      0.41629;3.43210;2
 25.19033; 8.38000;      0.41957;3.43213;2
 25.22351; 8.38167;      0.42310;3.43217;2
 25.25666; 8.38333;      0.42626;3.43220;2
 25.28985; 8.38500;      0.42916;3.43223;2
 25.32302; 8.38667;      0.43193;3.43226;2
 25.35620; 8.38833;      0.43471;3.43229;2
 25.38939; 8.39000;      0.43761;3.43232;2
 25.42261; 8.39167;      0.44051;3.43236;2
 25.45584; 8.39333;      0.44328;3.43239;2
 25.48908; 8.39500;      0.44606;3.43242;2
 25.52236; 8.39667;      0.44870;3.43245;2
 25.55562; 8.39833;      0.45123;3.43248;2
 25.58892; 8.40000;      0.45362;3.43252;2
 25.62225; 8.40167;      0.45589;3.43255;2
 25.65559; 8.40333;      0.45841;3.43258;2
 25.68892; 8.40500;      0.46068;3.43261;2
 25.72225; 8.40667;      0.46320;3.43264;2
 25.75557; 8.40833;      0.46547;3.43268;2
 25.78892; 8.41000;      0.46812;3.43271;2
 25.82228; 8.41167;      0.47039;3.43274;2
 25.85567; 8.41333;      0.47253;3.43277;2
 25.88907; 8.41500;      0.47404;3.43280;2
 25.92244; 8.41667;      0.47568;3.43284;2
 25.95582; 8.41833;      0.47744;3.43287;2
 25.98921; 8.42000;      0.47920;3.43290;2
 26.02264; 8.42167;      0.48097;3.43293;2
 26.05605; 8.42333;      0.48286;3.43297;2
 26.08951; 8.42500;      0.48475;3.43300;2
 26.12295; 8.42667;      0.48701;3.43303;2
 26.15638; 8.42833;      0.48878;3.43306;2
 26.18982; 8.43000;      0.49067;3.43309;2
 26.22328; 8.43167;      0.49243;3.43313;2
 26.25672; 8.43333;      0.49419;3.43316;2
 26.29016; 8.43500;      0.49596;3.43319;2
 26.32364; 8.43667;      0.49772;3.43322;2
 26.35713; 8.43833;      0.49948;3.43325;2
 26.39062; 8.44000;      0.50124;3.43329;2
 26.42413; 8.44167;      0.50288;3.43332;2
 26.45769; 8.44333;      0.50452;3.43335;2
 26.49126; 8.44500;      0.50615;3.43338;2
 26.52480; 8.44667;      0.50792;3.43341;2
 26.55833; 8.44833;      0.50943;3.43345;2
 26.59189; 8.45000;      0.51119;3.43348;2
 26.62546; 8.45167;      0.51295;3.43351;2
 26.65902; 8.45333;      0.51446;3.43354;2
 26.69256; 8.45500;      0.51610;3.43357;2
 26.72611; 8.45667;      0.51774;3.43361;2
 26.75967; 8.45833;      0.51937;3.43364;2
 26.79325; 8.46000;      0.52101;3.43367;2
 26.82684; 8.46167;      0.52252;3.43370;2
 26.86043; 8.46333;      0.52378;3.43374;2
 26.89403; 8.46500;      0.52541;3.43377;2
 26.92764; 8.46667;      0.52680;3.43380;2
 26.96123; 8.46833;      0.52831;3.43383;2
 26.99480; 8.47000;      0.52956;3.43386;2
 27.02839; 8.47167;      0.53107;3.43390;2
 27.06200; 8.47333;      0.53246;3.43393;2
 27.09562; 8.47500;      0.53384;3.43396;2
 27.12923; 8.47667;      0.53523;3.43399;2
 27.16287; 8.47833;      0.53674;3.43402;2
 27.19649; 8.48000;      0.53799;3.43406;2
 27.23013; 8.48167;      0.53925;3.43409;2
 27.26379; 8.48333;      0.54051;3.43412;2
 27.29748; 8.48500;      0.54151;3.43415;2
 27.33113; 8.48667;      0.54264;3.43418;2
 27.36480; 8.48833;      0.54377;3.43422;2
 27.39846; 8.49000;      0.54490;3.43425;2
 27.43213; 8.49167;      0.54591;3.43428;2
 27.46582; 8.49333;      0.54704;3.43431;2
 27.49952; 8.49500;      0.54842;3.43435;2
 27.53323; 8.49667;      0.54981;3.43438;2
 27.56692; 8.49833;      0.55094;3.43441;2
 27.60061; 8.50000;      0.55219;3.43444;2
 27.63430; 8.50167;      0.55333;3.43447;2
 27.66795; 8.50333;      0.55458;3.43451;2
 27.70162; 8.50500;      0.55584;3.43454;2
 27.73533; 8.50667;      0.55747;3.43457;2
 27.76905; 8.50833;      0.55898;3.43460;2
 27.80275; 8.51000;      0.56037;3.43463;2
 27.83646; 8.51167;      0.56162;3.43467;2
 27.87018; 8.51333;      0.56313;3.43470;2
 27.90387; 8.51500;      0.56439;3.43473;2
 27.93759; 8.51667;      0.56565;3.43476;2
 27.97131; 8.51833;      0.56665;3.43479;2
 28.00505; 8.52000;      0.56753;3.43483;2
 28.03880; 8.52167;      0.56853;3.43486;2
 28.07256; 8.52333;      0.56966;3.43489;2
 28.10631; 8.52500;      0.57054;3.43492;2
 28.14005; 8.52667;      0.57155;3.43495;2
 28.17380; 8.52833;      0.57243;3.43499;2
 28.20757; 8.53000;      0.57343;3.43502;2
 28.24133; 8.53167;      0.57443;3.43505;2
 28.27510; 8.53333;      0.57531;3.43508;2
 28.30889; 8.53500;      0.57632;3.43512;2
 28.34270; 8.53667;      0.57732;3.43515;2
 28.37649; 8.53833;      0.57820;3.43518;2
 28.41028; 8.54000;      0.57958;3.43521;2
 28.44407; 8.54167;      0.58071;3.43524;2
 28.47787; 8.54333;      0.58197;3.43528;2
 28.51166; 8.54500;      0.58082;3.43531;2
 28.54543; 8.54667;      0.58019;3.43534;2
 28.57923; 8.54833;      0.57968;3.43537;2
 28.61303; 8.55000;      0.57967;3.43540;2
 28.64682; 8.55167;      0.58005;3.43544;2
 28.68061; 8.55333;      0.58130;3.43547;2
 28.71444; 8.55500;      0.58243;3.43550;2
 28.74829; 8.55667;      0.58369;3.43553;2
 28.78211; 8.55833;      0.58482;3.43556;2
 28.81592; 8.56000;      0.58595;3.43560;2
 28.84972; 8.56167;      0.58670;3.43563;2
 28.88354; 8.56333;      0.58733;3.43566;2
 28.91739; 8.56500;      0.58820;3.43569;2
 28.95123; 8.56667;      0.58933;3.43572;2
 28.98507; 8.56833;      0.59084;3.43576;2
 29.01893; 8.57000;      0.59185;3.43579;2
 29.05279; 8.57167;      0.59272;3.43582;2
 29.08662; 8.57333;      0.59373;3.43585;2
 29.12043; 8.57500;      0.59473;3.43588;2
 29.15425; 8.57667;      0.59574;3.43592;2
 29.18810; 8.57833;      0.59674;3.43595;2
 29.22190; 8.58000;      0.59774;3.43598;2
 29.25574; 8.58167;      0.59862;3.43601;2
 29.28959; 8.58333;      0.59937;3.43604;2
 29.32343; 8.58500;      0.60025;3.43608;2
 29.35726; 8.58667;      0.60125;3.43611;2
 29.39111; 8.58833;      0.60226;3.43614;2
 29.42495; 8.59000;      0.60314;3.43617;2
 29.45882; 8.59167;      0.60414;3.43620;2
 29.49269; 8.59333;      0.60502;3.43624;2
 29.52656; 8.59500;      0.60602;3.43627;2
 29.56039; 8.59667;      0.60690;3.43630;2
 29.59423; 8.59833;      0.60777;3.43633;2
 29.62808; 8.60000;      0.60865;3.43636;2
 29.66197; 8.60167;      0.60953;3.43640;2
 29.69585; 8.60333;      0.61028;3.43643;2
 29.72975; 8.60500;      0.61065;3.43646;2
 29.76361; 8.60667;      0.61103;3.43649;2
 29.79746; 8.60833;      0.61152;3.43652;2
 29.83133; 8.61000;      0.61215;3.43656;2
 29.86521; 8.61167;      0.61290;3.43659;2
 29.89910; 8.61333;      0.61378;3.43662;2
 29.93297; 8.61500;      0.61453;3.43665;2
 29.96685; 8.61667;      0.61541;3.43668;2
 30.00074; 8.61833;      0.61641;3.43672;2
 30.03464; 8.62000;      0.61729;3.43675;2
 30.06852; 8.62167;      0.61842;3.43678;2
 30.10238; 8.62333;      0.61942;3.43681;2
 30.13623; 8.62500;      0.62030;3.43684;2
 30.17011; 8.62667;      0.62117;3.43688;2
 30.20402; 8.62833;      0.62167;3.43691;2
 30.23790; 8.63000;      0.62217;3.43694;2
 30.27180; 8.63167;      0.62267;3.43697;2
 30.30572; 8.63333;      0.62329;3.43700;2
 30.33962; 8.63500;      0.62392;3.43703;2
 30.37351; 8.63667;      0.62442;3.43707;2
 30.40739; 8.63833;      0.62492;3.43710;2
 30.44128; 8.64000;      0.62542;3.43713;2
 30.47515; 8.64167;      0.62579;3.43716;2
 30.50905; 8.64333;      0.62540;3.43719;2
 30.54293; 8.64500;      0.62552;3.43723;2
 30.57680; 8.64667;      0.62615;3.43726;2
 30.61069; 8.64833;      0.62652;3.43729;2
 30.64457; 8.65000;      0.62689;3.43732;2
 30.67849; 8.65167;      0.62752;3.43735;2
 30.71241; 8.65333;      0.62802;3.43739;2
 30.74630; 8.65500;      0.62839;3.43742;2
 30.78018; 8.65667;      0.62914;3.43745;2
 30.81407; 8.65833;      0.62977;3.43748;2
 30.84795; 8.66000;      0.63064;3.43751;2
 30.88185; 8.66167;      0.63139;3.43754;2
 30.91575; 8.66333;      0.63214;3.43758;2
 30.94964; 8.66500;      0.63277;3.43761;2
 30.98349; 8.66667;      0.63352;3.43764;2
 31.01739; 8.66833;      0.63414;3.43767;2
 31.05131; 8.67000;      0.63477;3.43770;2
 31.08520; 8.67167;      0.63590;3.43774;2
 31.11910; 8.67333;      0.63652;3.43777;2
 31.15302; 8.67500;      0.63677;3.43780;2
 31.18697; 8.67667;      0.63689;3.43783;2
 31.22090; 8.67833;      0.63726;3.43786;2
 31.25480; 8.68000;      0.63751;3.43789;2
 31.28874; 8.68167;      0.63788;3.43793;2
 31.32264; 8.68333;      0.63813;3.43796;2
 31.35652; 8.68500;      0.63863;3.43799;2
 31.39041; 8.68667;      0.63912;3.43802;2
 31.42430; 8.68833;      0.63950;3.43805;2
 31.45818; 8.69000;      0.64012;3.43809;2
 31.49207; 8.69167;      0.64112;3.43812;2
 31.52597; 8.69333;      0.64175;3.43815;2
 31.55987; 8.69500;      0.64187;3.43818;2
 31.59375; 8.69667;      0.64186;3.43821;2
 31.62767; 8.69833;      0.64211;3.43824;2
 31.66159; 8.70000;      0.64248;3.43828;2
 31.69551; 8.70167;      0.64285;3.43831;2
 31.72939; 8.70333;      0.64297;3.43834;2
 31.76328; 8.70500;      0.64347;3.43837;2
 31.79716; 8.70667;      0.64397;3.43840;2
 31.83108; 8.70833;      0.64434;3.43843;2
 31.86498; 8.71000;      0.64484;3.43847;2
 31.89887; 8.71167;      0.64521;3.43850;2
 31.93279; 8.71333;      0.64584;3.43853;2
 31.96670; 8.71500;      0.64659;3.43856;2
 32.00062; 8.71667;      0.64734;3.43859;2
 32.03454; 8.71833;      0.64784;3.43862;2
 32.06843; 8.72000;      0.64821;3.43866;2
 32.10230; 8.72167;      0.64846;3.43869;2
 32.13620; 8.72333;      0.64883;3.43872;2
 32.17010; 8.72500;      0.64907;3.43875;2
 32.20398; 8.72667;      0.64932;3.43878;2
 32.23785; 8.72833;      0.64969;3.43881;2
 32.27172; 8.73000;      0.64994;3.43885;2
 32.30561; 8.73167;      0.65006;3.43888;2
 32.33944; 8.73333;      0.65030;3.43891;2
 32.37330; 8.73500;      0.65068;3.43894;2
 32.40718; 8.73667;      0.65105;3.43897;2
 32.44105; 8.73833;      0.65155;3.43900;2
 32.47492; 8.74000;      0.65204;3.43904;2
 32.50879; 8.74167;      0.65267;3.43907;2
 32.54266; 8.74333;      0.65304;3.43910;2
 32.57652; 8.74500;      0.65341;3.43913;2
 32.61039; 8.74667;      0.65391;3.43916;2
 32.64428; 8.74833;      0.65416;3.43919;2
 32.67818; 8.75000;      0.65453;3.43923;2
 32.71203; 8.75167;      0.65478;3.43926;2
 32.74587; 8.75333;      0.65527;3.43929;2
 32.77969; 8.75500;      0.65552;3.43932;2
 32.81351; 8.75667;      0.65577;3.43935;2
 32.84733; 8.75833;      0.65614;3.43938;2
 32.88116; 8.76000;      0.65626;3.43941;2
 32.91502; 8.76167;      0.65600;3.43945;2
 32.94885; 8.76333;      0.65663;3.43948;2
 32.98270; 8.76500;      0.65700;3.43951;2
 33.01656; 8.76667;      0.65737;3.43954;2
 33.05043; 8.76833;      0.65762;3.43957;2
 33.08428; 8.77000;      0.65773;3.43960;2
 33.11811; 8.77167;      0.65798;3.43963;2
 33.15195; 8.77333;      0.65848;3.43967;2
 33.18582; 8.77500;      0.65873;3.43970;2
 33.21966; 8.77667;      0.65935;3.43973;2
 33.25349; 8.77833;      0.65972;3.43976;2
 33.28731; 8.78000;      0.66009;3.43979;2
 33.32115; 8.78167;      0.65984;3.43982;2
 33.35498; 8.78333;      0.65996;3.43985;2
 33.38885; 8.78500;      0.66020;3.43989;2
 33.42272; 8.78667;      0.66057;3.43992;2
 33.45659; 8.78833;      0.66069;3.43995;2
 33.49046; 8.79000;      0.66107;3.43998;2
 33.52433; 8.79167;      0.66144;3.44001;2
 33.55821; 8.79333;      0.66168;3.44004;2
 33.59207; 8.79500;      0.66180;3.44008;2
 33.62593; 8.79667;      0.66192;3.44011;2
 33.65979; 8.79833;      0.66204;3.44014;2
 33.69361; 8.80000;      0.66216;3.44017;2
 33.72744; 8.80167;      0.66241;3.44020;2
 33.76126; 8.80333;      0.66266;3.44023;2
 33.79510; 8.80500;      0.66303;3.44026;2
 33.82893; 8.80667;      0.66340;3.44030;2
 33.86275; 8.80833;      0.66364;3.44033;2
 33.89657; 8.81000;      0.66389;3.44036;2
 33.93043; 8.81167;      0.66401;3.44039;2
 33.96428; 8.81333;      0.66413;3.44042;2
 33.99808; 8.81500;      0.66413;3.44045;2
 34.03190; 8.81667;      0.66374;3.44048;2
 34.06570; 8.81833;      0.66348;3.44051;2
 34.09951; 8.82000;      0.66348;3.44055;2
 34.13333; 8.82167;      0.66335;3.44058;2
 34.16718; 8.82333;      0.66372;3.44061;2
 34.20100; 8.82500;      0.66396;3.44064;2
 34.23480; 8.82667;      0.66408;3.44067;2
 34.26864; 8.82833;      0.66408;3.44070;2
 34.30248; 8.83000;      0.66432;3.44073;2
 34.33628; 8.83167;      0.66482;3.44077;2
 34.37007; 8.83333;      0.66519;3.44080;2
 34.40389; 8.83500;      0.66557;3.44083;2
 34.43769; 8.83667;      0.66581;3.44086;2
 34.47149; 8.83833;      0.66618;3.44089;2
 34.50531; 8.84000;      0.66668;3.44092;2
 34.53911; 8.84167;      0.66743;3.44095;2
 34.57292; 8.84333;      0.66780;3.44098;2
 34.60674; 8.84500;      0.66817;3.44102;2
 34.64056; 8.84667;      0.66829;3.44105;2
 34.67436; 8.84833;      0.66854;3.44108;2
 34.70815; 8.85000;      0.66866;3.44111;2
 34.74192; 8.85167;      0.66878;3.44114;2
 34.77570; 8.85333;      0.66877;3.44117;2
 34.80949; 8.85500;      0.66864;3.44120;2
 34.84328; 8.85667;      0.66864;3.44123;2
 34.87710; 8.85833;      0.66888;3.44127;2
 34.91090; 8.86000;      0.66850;3.44130;2
 34.94470; 8.86167;      0.66824;3.44133;2
 34.97848; 8.86333;      0.66811;3.44136;2
 35.01226; 8.86500;      0.66810;3.44139;2
 35.04605; 8.86667;      0.66822;3.44142;2
 35.07982; 8.86833;      0.66847;3.44145;2
 35.11357; 8.87000;      0.66884;3.44148;2
 35.14733; 8.87167;      0.66934;3.44152;2
 35.18110; 8.87333;      0.66971;3.44155;2
 35.21489; 8.87500;      0.66996;3.44158;2
 35.24862; 8.87667;      0.67020;3.44161;2
 35.28239; 8.87833;      0.67045;3.44164;2
 35.31613; 8.88000;      0.67044;3.44167;2
 35.34990; 8.88167;      0.67056;3.44170;2
 35.38367; 8.88333;      0.67068;3.44173;2
 35.41744; 8.88500;      0.67093;3.44176;2
 35.45116; 8.88667;      0.67105;3.44180;2
 35.48489; 8.88833;      0.67117;3.44183;2
 35.51862; 8.89000;      0.67141;3.44186;2
 35.55238; 8.89167;      0.67153;3.44189;2
 35.58613; 8.89333;      0.67153;3.44192;2
 35.61987; 8.89500;      0.67177;3.44195;2
 35.65361; 8.89667;      0.67202;3.44198;2
 35.68731; 8.89833;      0.67214;3.44201;2
 35.72105; 8.90000;      0.67226;3.44204;2
 35.75480; 8.90167;      0.67238;3.44208;2
 35.78851; 8.90333;      0.67250;3.44211;2
 35.82223; 8.90500;      0.67249;3.44214;2
 35.85597; 8.90667;      0.67261;3.44217;2
 35.88969; 8.90833;      0.67273;3.44220;2
 35.92341; 8.91000;      0.67272;3.44223;2
 35.95713; 8.91167;      0.67272;3.44226;2
 35.99085; 8.91333;      0.67296;3.44229;2
 36.02457; 8.91500;      0.67308;3.44232;2
 36.05831; 8.91667;      0.67320;3.44236;2
 36.09203; 8.91833;      0.67345;3.44239;2
 36.12575; 8.92000;      0.67357;3.44242;2
 36.15948; 8.92167;      0.67419;3.44245;2
 36.19318; 8.92333;      0.67469;3.44248;2
 36.22687; 8.92500;      0.67506;3.44251;2
 36.26057; 8.92667;      0.67556;3.44254;2
 36.29431; 8.92833;      0.67581;3.44257;2
 36.32802; 8.93000;      0.67605;3.44260;2
 36.36172; 8.93167;      0.67630;3.44263;2
 36.39544; 8.93333;      0.67629;3.44266;2
 36.42916; 8.93500;      0.67666;3.44270;2
 36.46288; 8.93667;      0.67615;3.44273;2
 36.49659; 8.93833;      0.67577;3.44276;2
 36.53028; 8.94000;      0.67551;3.44279;2
 36.56395; 8.94167;      0.67538;3.44282;2
 36.59762; 8.94333;      0.67512;3.44285;2
 36.63133; 8.94500;      0.67512;3.44288;2
 36.66502; 8.94667;      0.67486;3.44291;2
 36.69867; 8.94833;      0.67485;3.44294;2
 36.73234; 8.95000;      0.67485;3.44297;2
 36.76603; 8.95167;      0.67471;3.44301;2
 36.79972; 8.95333;      0.67471;3.44304;2
 36.83341; 8.95500;      0.67470;3.44307;2
 36.86710; 8.95667;      0.67470;3.44310;2
 36.90080; 8.95833;      0.67482;3.44313;2
 36.93449; 8.96000;      0.67481;3.44316;2
 36.96820; 8.96167;      0.67493;3.44319;2
 37.00185; 8.96333;      0.67555;3.44322;2
 37.03554; 8.96500;      0.67580;3.44325;2
 37.06923; 8.96667;      0.67617;3.44328;2
 37.10290; 8.96833;      0.67629;3.44331;2
 37.13657; 8.97000;      0.67641;3.44334;2
 37.17025; 8.97167;      0.67653;3.44338;2
 37.20392; 8.97333;      0.67665;3.44341;2
 37.23757; 8.97500;      0.67677;3.44344;2
 37.27120; 8.97667;      0.67676;3.44347;2
 37.30485; 8.97833;      0.67688;3.44350;2
 37.33852; 8.98000;      0.67700;3.44353;2
 37.37220; 8.98167;      0.67700;3.44356;2
 37.40585; 8.98333;      0.67712;3.44359;2
 37.43951; 8.98500;      0.67724;3.44362;2
 37.47316; 8.98667;      0.67736;3.44365;2
 37.50684; 8.98833;      0.67760;3.44368;2
 37.54049; 8.99000;      0.67772;3.44371;2
 37.57413; 8.99167;      0.67784;3.44375;2
 37.60774; 8.99333;      0.67784;3.44378;2
 37.64136; 8.99500;      0.67808;3.44381;2
 37.67498; 8.99667;      0.67808;3.44384;2
 37.70859; 8.99833;      0.67845;3.44387;2
 37.74223; 9.00000;      0.67945;3.44390;2
 37.77587; 9.00167;      0.67995;3.44393;2
 37.80948; 9.00333;      0.68032;3.44396;2
 37.84311; 9.00500;      0.68044;3.44399;2
 37.87679; 9.00667;      0.68056;3.44402;2
 37.91041; 9.00833;      0.68068;3.44405;2
 37.94405; 9.01000;      0.68067;3.44408;2
 37.97769; 9.01167;      0.68079;3.44411;2
 38.01131; 9.01333;      0.68053;3.44415;2
 38.04490; 9.01500;      0.68040;3.44418;2
 38.07849; 9.01667;      0.68027;3.44421;2
 38.11208; 9.01833;      0.68039;3.44424;2
 38.14567; 9.02000;      0.68064;3.44427;2
 38.17930; 9.02167;      0.68050;3.44430;2
 38.21289; 9.02333;      0.68062;3.44433;2
 38.24648; 9.02500;      0.67974;3.44436;2
 38.28007; 9.02667;      0.67948;3.44439;2
 38.31366; 9.02833;      0.67947;3.44442;2
 38.34723; 9.03000;      0.67972;3.44445;2
 38.38082; 9.03167;      0.67971;3.44448;2
 38.41441; 9.03333;      0.67983;3.44451;2
 38.44800; 9.03500;      0.68045;3.44454;2
 38.48159; 9.03667;      0.68083;3.44457;2
 38.51518; 9.03833;      0.68094;3.44461;2
 38.54879; 9.04000;      0.68081;3.44464;2
 38.58239; 9.04167;      0.68068;3.44467;2
 38.61600; 9.04333;      0.68042;3.44470;2
 38.64961; 9.04500;      0.68017;3.44473;2
 38.68320; 9.04667;      0.67991;3.44476;2
 38.71679; 9.04833;      0.67965;3.44479;2
 38.75038; 9.05000;      0.67977;3.44482;2
 38.78395; 9.05167;      0.67977;3.44485;2
 38.81752; 9.05333;      0.68014;3.44488;2
 38.85111; 9.05500;      0.68038;3.44491;2
 38.88469; 9.05667;      0.68088;3.44494;2
 38.91828; 9.05833;      0.68100;3.44497;2
 38.95184; 9.06000;      0.68112;3.44500;2
 38.98541; 9.06167;      0.68124;3.44503;2
 39.01897; 9.06333;      0.68136;3.44506;2
 39.05254; 9.06500;      0.68135;3.44509;2
 39.08611; 9.06667;      0.68122;3.44513;2
 39.11969; 9.06833;      0.68109;3.44516;2
 39.15325; 9.07000;      0.68083;3.44519;2
 39.18682; 9.07167;      0.68095;3.44522;2
 39.22039; 9.07333;      0.68094;3.44525;2
 39.25395; 9.07500;      0.68132;3.44528;2
 39.28751; 9.07667;      0.68156;3.44531;2
 39.32110; 9.07833;      0.68168;3.44534;2
 39.35467; 9.08000;      0.68180;3.44537;2
 39.38823; 9.08167;      0.68205;3.44540;2
 39.42177; 9.08333;      0.68217;3.44543;2
 39.45531; 9.08500;      0.68229;3.44546;2
 39.48887; 9.08667;      0.68228;3.44549;2
 39.52241; 9.08833;      0.68240;3.44552;2
 39.55597; 9.09000;      0.68239;3.44555;2
 39.58951; 9.09167;      0.68226;3.44558;2
 39.62307; 9.09333;      0.68238;3.44561;2
 39.65662; 9.09500;      0.68313;3.44564;2
 39.69016; 9.09667;      0.68350;3.44567;2
 39.72370; 9.09833;      0.68362;3.44571;2
 39.75728; 9.10000;      0.68374;3.44574;2
 39.79082; 9.10167;      0.68374;3.44577;2
 39.82434; 9.10333;      0.68360;3.44580;2
 39.85789; 9.10500;      0.68360;3.44583;2
 39.89143; 9.10667;      0.68372;3.44586;2
 39.92492; 9.10833;      0.68359;3.44589;2
 39.95844; 9.11000;      0.68371;3.44592;2
 39.99197; 9.11167;      0.68383;3.44595;2
 40.02552; 9.11333;      0.68382;3.44598;2
 40.05907; 9.11500;      0.68394;3.44601;2
 40.09261; 9.11667;      0.68419;3.44604;2
 40.12613; 9.11833;      0.68431;3.44607;2
 40.15969; 9.12000;      0.68405;3.44610;2
 40.19323; 9.12167;      0.68404;3.44613;2
 40.22674; 9.12333;      0.68429;3.44616;2
 40.26028; 9.12500;      0.68441;3.44619;2
 40.29384; 9.12667;      0.68453;3.44622;2
 40.32738; 9.12833;      0.68452;3.44625;2
 40.36092; 9.13000;      0.68464;3.44628;2
 40.39446; 9.13167;      0.68451;3.44631;2
 40.42798; 9.13333;      0.68425;3.44634;2
 40.46151; 9.13500;      0.68412;3.44637;2
 40.49503; 9.13667;      0.68399;3.44641;2
 40.52856; 9.13833;      0.68411;3.44644;2
 40.56205; 9.14000;      0.68410;3.44647;2
 40.59554; 9.14167;      0.68397;3.44650;2
 40.62903; 9.14333;      0.68384;3.44653;2
 40.66257; 9.14500;      0.68370;3.44656;2
 40.69610; 9.14667;      0.68370;3.44659;2
 40.72961; 9.14833;      0.68369;3.44662;2
 40.76311; 9.15000;      0.68369;3.44665;2
 40.79664; 9.15167;      0.68381;3.44668;2
 40.83018; 9.15333;      0.68380;3.44671;2
 40.86370; 9.15500;      0.68380;3.44674;2
 40.89720; 9.15667;      0.68379;3.44677;2
 40.93072; 9.15833;      0.68391;3.44680;2
 40.96420; 9.16000;      0.68390;3.44683;2
 40.99770; 9.16167;      0.68402;3.44686;2
 41.03121; 9.16333;      0.68402;3.44689;2
 41.06472; 9.16500;      0.68426;3.44692;2
 41.09823; 9.16667;      0.68426;3.44695;2
 41.13172; 9.16833;      0.68438;3.44698;2
 41.16521; 9.17000;      0.68462;3.44701;2
 41.19870; 9.17167;      0.68487;3.44704;2
 41.23220; 9.17333;      0.68499;3.44707;2
 41.26570; 9.17500;      0.68511;3.44710;2
 41.29921; 9.17667;      0.68510;3.44713;2
 41.33270; 9.17833;      0.68497;3.44716;2
 41.36618; 9.18000;      0.68484;3.44719;2
 41.39967; 9.18167;      0.68471;3.44722;2
 41.43316; 9.18333;      0.68470;3.44725;2
 41.46667; 9.18500;      0.68469;3.44728;2
 41.50016; 9.18667;      0.68469;3.44731;2
 41.53361; 9.18833;      0.68481;3.44734;2
 41.56707; 9.19000;      0.68480;3.44738;2
 41.60052; 9.19167;      0.68479;3.44741;2
 41.63400; 9.19333;      0.68479;3.44744;2
 41.66748; 9.19500;      0.68478;3.44747;2
 41.70093; 9.19667;      0.68465;3.44750;2
 41.73438; 9.19833;      0.68452;3.44753;2
 41.76784; 9.20000;      0.68464;3.44756;2
 41.80128; 9.20167;      0.68451;3.44759;2
 41.83474; 9.20333;      0.68450;3.44762;2
 41.86820; 9.20500;      0.68450;3.44765;2
 41.90167; 9.20667;      0.68449;3.44768;2
 41.93515; 9.20833;      0.68461;3.44771;2
 41.96862; 9.21000;      0.68460;3.44774;2
 42.00210; 9.21167;      0.68472;3.44777;2
 42.03554; 9.21333;      0.68472;3.44780;2
 42.06897; 9.21500;      0.68484;3.44783;2
 42.10243; 9.21667;      0.68508;3.44786;2
 42.13589; 9.21833;      0.68533;3.44789;2
 42.16936; 9.22000;      0.68532;3.44792;2
 42.20280; 9.22167;      0.68532;3.44795;2
 42.23626; 9.22333;      0.68531;3.44798;2
 42.26972; 9.22500;      0.68543;3.44801;2
 42.30316; 9.22667;      0.68542;3.44804;2
 42.33661; 9.22833;      0.68529;3.44807;2
 42.37003; 9.23000;      0.68541;3.44810;2
 42.40346; 9.23167;      0.68541;3.44813;2
 42.43692; 9.23333;      0.68553;3.44816;2
 42.47036; 9.23500;      0.68552;3.44819;2
 42.50379; 9.23667;      0.68551;3.44822;2
 42.53720; 9.23833;      0.68563;3.44825;2
 42.57062; 9.24000;      0.68575;3.44828;2
 42.60407; 9.24167;      0.68575;3.44831;2
 42.63749; 9.24333;      0.68587;3.44834;2
 42.67093; 9.24500;      0.68599;3.44837;2
 42.70434; 9.24667;      0.68611;3.44840;2
 42.73777; 9.24833;      0.68597;3.44843;2
 42.77121; 9.25000;      0.68609;3.44846;2
 42.80464; 9.25167;      0.68609;3.44849;2
 42.83807; 9.25333;      0.68633;3.44852;2
 42.87148; 9.25500;      0.68645;3.44855;2
 42.90489; 9.25667;      0.68657;3.44858;2
 42.93831; 9.25833;      0.68669;3.44861;2
 42.97174; 9.26000;      0.68669;3.44864;2
 43.00518; 9.26167;      0.68668;3.44867;2
 43.03861; 9.26333;      0.68655;3.44870;2
 43.07203; 9.26500;      0.68642;3.44873;2
 43.10543; 9.26667;      0.68629;3.44876;2
 43.13884; 9.26833;      0.68603;3.44879;2
 43.17223; 9.27000;      0.68602;3.44882;2
 43.20561; 9.27167;      0.68589;3.44885;2
 43.23902; 9.27333;      0.68589;3.44888;2
 43.27243; 9.27500;      0.68613;3.44891;2
 43.30582; 9.27667;      0.68600;3.44894;2
 43.33923; 9.27833;      0.68599;3.44897;2
 43.37262; 9.28000;      0.68624;3.44900;2
 43.40602; 9.28167;      0.68661;3.44903;2
 43.43941; 9.28333;      0.68686;3.44906;2
 43.47279; 9.28500;      0.68710;3.44909;2
 43.50618; 9.28667;      0.68722;3.44912;2
 43.53957; 9.28833;      0.68747;3.44915;2
 43.57297; 9.29000;      0.68759;3.44918;2
 43.60636; 9.29167;      0.68783;3.44921;2
 43.63975; 9.29333;      0.68795;3.44924;2
 43.67315; 9.29500;      0.68807;3.44927;2
 43.70652; 9.29667;      0.68806;3.44930;2
 43.73995; 9.29833;      0.68818;3.44933;2
 43.77338; 9.30000;      0.68818;3.44936;2
 43.80679; 9.30167;      0.68817;3.44939;2
 43.84018; 9.30333;      0.68804;3.44942;2
 43.87356; 9.30500;      0.68803;3.44945;2
 43.90693; 9.30667;      0.68803;3.44948;2
 43.94030; 9.30833;      0.68777;3.44951;2
 43.97367; 9.31000;      0.68777;3.44954;2
 44.00707; 9.31167;      0.68776;3.44957;2
 44.04043; 9.31333;      0.68750;3.44960;2
 44.07380; 9.31500;      0.68737;3.44963;2
 44.10718; 9.31667;      0.68724;3.44966;2
 44.14054; 9.31833;      0.68723;3.44969;2
 44.17392; 9.32000;      0.68710;3.44972;2
 44.20728; 9.32167;      0.68722;3.44975;2
 44.24062; 9.32333;      0.68722;3.44978;2
 44.27397; 9.32500;      0.68734;3.44981;2
 44.30733; 9.32667;      0.68720;3.44984;2
 44.34071; 9.32833;      0.68707;3.44987;2
 44.37407; 9.33000;      0.68694;3.44990;2
 44.40744; 9.33167;      0.68681;3.44993;2
 44.44082; 9.33333;      0.68680;3.44996;2
 44.47416; 9.33500;      0.68680;3.44999;2
 44.50754; 9.33667;      0.68692;3.45002;2
 44.54092; 9.33833;      0.68704;3.45005;2
 44.57430; 9.34000;      0.68715;3.45008;2
 44.60766; 9.34167;      0.68740;3.45011;2
 44.64102; 9.34333;      0.68752;3.45014;2
 44.67439; 9.34500;      0.68764;3.45017;2
 44.70774; 9.34667;      0.68776;3.45020;2
 44.74111; 9.34833;      0.68788;3.45023;2
 44.77446; 9.35000;      0.68800;3.45026;2
 44.80779; 9.35167;      0.68812;3.45029;2
 44.84115; 9.35333;      0.68811;3.45032;2
 44.87449; 9.35500;      0.68811;3.45035;2
 44.90784; 9.35667;      0.68810;3.45038;2
 44.94118; 9.35833;      0.68847;3.45041;2
 44.97452; 9.36000;      0.68859;3.45044;2
 45.00785; 9.36167;      0.68884;3.45047;2
 45.04120; 9.36333;      0.68858;3.45050;2
 45.07456; 9.36500;      0.68832;3.45053;2
 45.10789; 9.36667;      0.68819;3.45056;2
 45.14123; 9.36833;      0.68818;3.45059;2
 45.17459; 9.37000;      0.68831;3.45062;2
 45.20795; 9.37167;      0.68855;3.45065;2
 45.24130; 9.37333;      0.68905;3.45067;2
 45.27462; 9.37500;      0.68942;3.45070;2
 45.30797; 9.37667;      0.68954;3.45073;2
 45.34131; 9.37833;      0.68941;3.45076;2
 45.37464; 9.38000;      0.68940;3.45079;2
 45.40797; 9.38167;      0.68952;3.45082;2
 45.44128; 9.38333;      0.68939;3.45085;2
 45.47461; 9.38500;      0.68963;3.45088;2
 45.50793; 9.38667;      0.68950;3.45091;2
 45.54126; 9.38833;      0.68950;3.45094;2
 45.57459; 9.39000;      0.68936;3.45097;2
 45.60793; 9.39167;      0.68936;3.45100;2
 45.64128; 9.39333;      0.68935;3.45103;2
 45.67461; 9.39500;      0.68947;3.45106;2
 45.70795; 9.39667;      0.68934;3.45109;2
 45.74129; 9.39833;      0.68921;3.45112;2
 45.77462; 9.40000;      0.68920;3.45115;2
 45.80795; 9.40167;      0.68895;3.45118;2
 45.84131; 9.40333;      0.68894;3.45121;2
 45.87467; 9.40500;      0.68881;3.45124;2
 45.90800; 9.40667;      0.68880;3.45127;2
 45.94133; 9.40833;      0.68880;3.45130;2
 45.97469; 9.41000;      0.68879;3.45133;2
 46.00798; 9.41167;      0.68853;3.45136;2
 46.04126; 9.41333;      0.68840;3.45139;2
 46.07457; 9.41500;      0.68902;3.45142;2
 46.10789; 9.41667;      0.68952;3.45145;2
 46.14120; 9.41833;      0.68989;3.45148;2
 46.17452; 9.42000;      0.69001;3.45151;2
 46.20784; 9.42167;      0.69026;3.45154;2
 46.24118; 9.42333;      0.69038;3.45157;2
 46.27452; 9.42500;      0.69037;3.45160;2
 46.30785; 9.42667;      0.69036;3.45163;2
 46.34116; 9.42833;      0.69023;3.45166;2
 46.37446; 9.43000;      0.68998;3.45169;2
 46.40777; 9.43167;      0.68997;3.45172;2
 46.44108; 9.43333;      0.68984;3.45175;2
 46.47438; 9.43500;      0.68971;3.45177;2
 46.50769; 9.43667;      0.68970;3.45180;2
 46.54097; 9.43833;      0.68969;3.45183;2
 46.57428; 9.44000;      0.68969;3.45186;2
 46.60759; 9.44167;      0.68956;3.45189;2
 46.64090; 9.44333;      0.68955;3.45192;2
 46.67423; 9.44500;      0.68942;3.45195;2
 46.70754; 9.44667;      0.68941;3.45198;2
 46.74085; 9.44833;      0.68928;3.45201;2
 46.77415; 9.45000;      0.68928;3.45204;2
 46.80746; 9.45167;      0.68927;3.45207;2
 46.84077; 9.45333;      0.68927;3.45210;2
 46.87407; 9.45500;      0.68913;3.45213;2
 46.90738; 9.45667;      0.68925;3.45216;2
 46.94067; 9.45833;      0.68937;3.45219;2
 46.97397; 9.46000;      0.68987;3.45222;2
 47.00725; 9.46167;      0.68999;3.45225;2
 47.04052; 9.46333;      0.68998;3.45228;2
 47.07377; 9.46500;      0.68985;3.45231;2
 47.10702; 9.46667;      0.68984;3.45234;2
 47.14029; 9.46833;      0.68984;3.45237;2
 47.17361; 9.47000;      0.68996;3.45240;2
 47.20689; 9.47167;      0.68995;3.45243;2
 47.24015; 9.47333;      0.68982;3.45246;2
 47.27344; 9.47500;      0.68982;3.45249;2
 47.30675; 9.47667;      0.68981;3.45252;2
 47.34003; 9.47833;      0.68980;3.45254;2
 47.37331; 9.48000;      0.68992;3.45257;2
 47.40661; 9.48167;      0.69004;3.45260;2
 47.43992; 9.48333;      0.69029;3.45263;2
 47.47325; 9.48500;      0.69041;3.45266;2
 47.50652; 9.48667;      0.69053;3.45269;2
 47.53982; 9.48833;      0.69052;3.45272;2
 47.57310; 9.49000;      0.69039;3.45275;2
 47.60638; 9.49167;      0.69038;3.45278;2
 47.63967; 9.49333;      0.69038;3.45281;2
 47.67297; 9.49500;      0.69050;3.45284;2
 47.70625; 9.49667;      0.69049;3.45287;2
 47.73952; 9.49833;      0.69061;3.45290;2
 47.77280; 9.50000;      0.69086;3.45293;2
 47.80608; 9.50167;      0.69098;3.45296;2
 47.83934; 9.50333;      0.69122;3.45299;2
 47.87257; 9.50500;      0.69134;3.45302;2
 47.90582; 9.50667;      0.69159;3.45305;2
 47.93910; 9.50833;      0.69183;3.45308;2
 47.97239; 9.51000;      0.69208;3.45311;2
 48.00567; 9.51167;      0.69220;3.45314;2
 48.03898; 9.51333;      0.69219;3.45317;2
 48.07228; 9.51500;      0.69206;3.45319;2
 48.10556; 9.51667;      0.69230;3.45322;2
 48.13885; 9.51833;      0.69230;3.45325;2
 48.17213; 9.52000;      0.69254;3.45328;2
 48.20539; 9.52167;      0.69266;3.45331;2
 48.23866; 9.52333;      0.69278;3.45334;2
 48.27190; 9.52500;      0.69290;3.45337;2
 48.30516; 9.52667;      0.69265;3.45340;2
 48.33843; 9.52833;      0.69251;3.45343;2
 48.37169; 9.53000;      0.69251;3.45346;2
 48.40497; 9.53167;      0.69250;3.45349;2
 48.43825; 9.53333;      0.69250;3.45352;2
 48.47152; 9.53500;      0.69236;3.45355;2
 48.50479; 9.53667;      0.69248;3.45358;2
 48.53807; 9.53833;      0.69260;3.45361;2
 48.57134; 9.54000;      0.69272;3.45364;2
 48.60461; 9.54167;      0.69310;3.45367;2
 48.63787; 9.54333;      0.69321;3.45370;2
 48.67115; 9.54500;      0.69321;3.45373;2
 48.70443; 9.54667;      0.69345;3.45376;2
 48.73770; 9.54833;      0.69357;3.45378;2
 48.77098; 9.55000;      0.69369;3.45381;2
 48.80425; 9.55167;      0.69381;3.45384;2
 48.83749; 9.55333;      0.69393;3.45387;2
 48.87075; 9.55500;      0.69393;3.45390;2
 48.90400; 9.55667;      0.69405;3.45393;2
 48.93725; 9.55833;      0.69417;3.45396;2
 48.97052; 9.56000;      0.69428;3.45399;2
 49.00382; 9.56167;      0.69453;3.45402;2
 49.03711; 9.56333;      0.69465;3.45405;2
 49.07039; 9.56500;      0.69502;3.45408;2
 49.10370; 9.56667;      0.69527;3.45411;2
 49.13703; 9.56833;      0.69539;3.45414;2
 49.17033; 9.57000;      0.69575;3.45417;2
 49.20359; 9.57167;      0.69600;3.45420;2
 49.23685; 9.57333;      0.69625;3.45423;2
 49.27013; 9.57500;      0.69649;3.45426;2
 49.30341; 9.57667;      0.69673;3.45429;2
 49.33667; 9.57833;      0.69698;3.45431;2
 49.36993; 9.58000;      0.69722;3.45434;2
 49.40320; 9.58167;      0.69735;3.45437;2
 49.43644; 9.58333;      0.69746;3.45440;2
 49.46969; 9.58500;      0.69746;3.45443;2
 49.50293; 9.58667;      0.69758;3.45446;2
 49.53621; 9.58833;      0.69782;3.45449;2
 49.56949; 9.59000;      0.69807;3.45452;2
 49.60275; 9.59167;      0.69831;3.45455;2
 49.63603; 9.59333;      0.69856;3.45458;2
 49.66928; 9.59500;      0.69880;3.45461;2
 49.70251; 9.59667;      0.69905;3.45464;2
 49.73575; 9.59833;      0.69942;3.45467;2
 49.76900; 9.60000;      0.69967;3.45470;2
 49.80226; 9.60167;      0.69978;3.45473;2
 49.83549; 9.60333;      0.70003;3.45476;2
 49.86875; 9.60500;      0.70015;3.45478;2
 49.90202; 9.60667;      0.70027;3.45481;2
 49.93528; 9.60833;      0.70064;3.45484;2
 49.96854; 9.61000;      0.70088;3.45487;2
 50.00179; 9.61167;      0.70113;3.45490;2
 50.03500; 9.61333;      0.70125;3.45493;2
 50.06823; 9.61500;      0.70162;3.45496;2
 50.10148; 9.61667;      0.70174;3.45499;2
 50.13474; 9.61833;      0.70211;3.45502;2
 50.16798; 9.62000;      0.70235;3.45505;2
 50.20123; 9.62167;      0.70247;3.45508;2
 50.23446; 9.62333;      0.70272;3.45511;2
 50.26770; 9.62500;      0.70284;3.45514;2
 50.30095; 9.62667;      0.70308;3.45517;2
 50.33418; 9.62833;      0.70358;3.45520;2
 50.36741; 9.63000;      0.70382;3.45522;2
 50.40066; 9.63167;      0.70382;3.45525;2
 50.43387; 9.63333;      0.70369;3.45528;2
 50.46708; 9.63500;      0.70355;3.45531;2
 50.50031; 9.63667;      0.70355;3.45534;2
 50.53356; 9.63833;      0.70354;3.45537;2
 50.56677; 9.64000;      0.70354;3.45540;2
 50.60000; 9.64167;      0.70353;3.45543;2
 50.63321; 9.64333;      0.70353;3.45546;2
 50.66644; 9.64500;      0.70352;3.45549;2
 50.69966; 9.64667;      0.70364;3.45552;2
 50.73285; 9.64833;      0.70363;3.45555;2
 50.76605; 9.65000;      0.70363;3.45558;2
 50.79925; 9.65167;      0.70387;3.45561;2
 50.83246; 9.65333;      0.70399;3.45563;2
 50.86569; 9.65500;      0.70399;3.45566;2
 50.89892; 9.65667;      0.70398;3.45569;2
 50.93218; 9.65833;      0.70385;3.45572;2
 50.96543; 9.66000;      0.70384;3.45575;2
 50.99864; 9.66167;      0.70396;3.45578;2
 51.03184; 9.66333;      0.70395;3.45581;2
 51.06505; 9.66500;      0.70382;3.45584;2
 51.09829; 9.66667;      0.70369;3.45587;2
 51.13152; 9.66833;      0.70356;3.45590;2
 51.16470; 9.67000;      0.70356;3.45593;2
 51.19792; 9.67167;      0.70355;3.45596;2
 51.23113; 9.67333;      0.70342;3.45599;2
 51.26433; 9.67500;      0.70354;3.45601;2
 51.29756; 9.67667;      0.70341;3.45604;2
 51.33077; 9.67833;      0.70353;3.45607;2
 51.36397; 9.68000;      0.70352;3.45610;2
 51.39716; 9.68167;      0.70351;3.45613;2
 51.43034; 9.68333;      0.70351;3.45616;2
 51.46352; 9.68500;      0.70325;3.45619;2
 51.49674; 9.68667;      0.70337;3.45622;2
 51.52997; 9.68833;      0.70337;3.45625;2
 51.56318; 9.69000;      0.70336;3.45628;2
 51.59638; 9.69167;      0.70335;3.45631;2
 51.62959; 9.69333;      0.70322;3.45634;2
 51.66279; 9.69500;      0.70297;3.45637;2
 51.69600; 9.69667;      0.70296;3.45639;2
 51.72923; 9.69833;      0.70345;3.45642;2
 51.76249; 9.70000;      0.70357;3.45645;2
 51.79572; 9.70167;      0.70382;3.45648;2
 51.82892; 9.70333;      0.70381;3.45651;2
 51.86213; 9.70500;      0.70381;3.45654;2
 51.89534; 9.70667;      0.70393;3.45657;2
 51.92854; 9.70833;      0.70405;3.45660;2
 51.96174; 9.71000;      0.70404;3.45663;2
 51.99493; 9.71167;      0.70403;3.45666;2
 52.02813; 9.71333;      0.70390;3.45669;2
 52.06134; 9.71500;      0.70390;3.45672;2
 52.09456; 9.71667;      0.70389;3.45675;2
 52.12779; 9.71833;      0.70401;3.45677;2
 52.16100; 9.72000;      0.70388;3.45680;2
 52.19420; 9.72167;      0.70375;3.45683;2
 52.22741; 9.72333;      0.70362;3.45686;2
 52.26066; 9.72500;      0.70361;3.45689;2
 52.29390; 9.72667;      0.70360;3.45692;2
 52.32713; 9.72833;      0.70347;3.45695;2
 52.36036; 9.73000;      0.70334;3.45698;2
 52.39359; 9.73167;      0.70321;3.45701;2
 52.42679; 9.73333;      0.70308;3.45704;2
 52.46002; 9.73500;      0.70307;3.45707;2
 52.49323; 9.73667;      0.70294;3.45710;2
 52.52643; 9.73833;      0.70294;3.45712;2
 52.55964; 9.74000;      0.70306;3.45715;2
 52.59285; 9.74167;      0.70292;3.45718;2
 52.62607; 9.74333;      0.70292;3.45721;2
 52.65930; 9.74500;      0.70279;3.45724;2
 52.69252; 9.74667;      0.70266;3.45727;2
 52.72574; 9.74833;      0.70265;3.45730;2
 52.75895; 9.75000;      0.70252;3.45733;2
 52.79218; 9.75167;      0.70239;3.45736;2
 52.82541; 9.75333;      0.70251;3.45739;2
 52.85862; 9.75500;      0.70262;3.45742;2
 52.89184; 9.75667;      0.70262;3.45744;2
 52.92503; 9.75833;      0.70261;3.45747;2
 52.95823; 9.76000;      0.70261;3.45750;2
 52.99143; 9.76167;      0.70273;3.45753;2
 53.02464; 9.76333;      0.70260;3.45756;2
 53.05784; 9.76500;      0.70272;3.45759;2
 53.09103; 9.76667;      0.70271;3.45762;2
 53.12425; 9.76833;      0.70295;3.45765;2
 53.15748; 9.77000;      0.70320;3.45768;2
 53.19070; 9.77167;      0.70319;3.45771;2
 53.22390; 9.77333;      0.70344;3.45774;2
 53.25708; 9.77500;      0.70343;3.45777;2
 53.29031; 9.77667;      0.70330;3.45779;2
 53.32352; 9.77833;      0.70330;3.45782;2
 53.35674; 9.78000;      0.70341;3.45785;2
 53.38995; 9.78167;      0.70341;3.45788;2
 53.42315; 9.78333;      0.70340;3.45791;2
 53.45638; 9.78500;      0.70340;3.45794;2
 53.48961; 9.78667;      0.70352;3.45797;2
 53.52280; 9.78833;      0.70376;3.45800;2
 53.55600; 9.79000;      0.70376;3.45803;2
 53.58920; 9.79167;      0.70362;3.45806;2
 53.62239; 9.79333;      0.70349;3.45809;2
 53.65557; 9.79500;      0.70336;3.45811;2
 53.68877; 9.79667;      0.70323;3.45814;2
 53.72198; 9.79833;      0.70297;3.45817;2
 53.75516; 9.80000;      0.70309;3.45820;2
 53.78831; 9.80167;      0.70321;3.45823;2
 53.82149; 9.80333;      0.70333;3.45826;2
 53.85467; 9.80500;      0.70332;3.45829;2
 53.88785; 9.80667;      0.70319;3.45832;2
 53.92103; 9.80833;      0.70319;3.45835;2
 53.95425; 9.81000;      0.70331;3.45838;2
 53.98744; 9.81167;      0.70343;3.45841;2
 54.02064; 9.81333;      0.70355;3.45843;2
 54.05384; 9.81500;      0.70354;3.45846;2
 54.08703; 9.81667;      0.70353;3.45849;2
 54.12023; 9.81833;      0.70340;3.45852;2
 54.15339; 9.82000;      0.70315;3.45855;2
 54.18657; 9.82167;      0.70302;3.45858;2
 54.21980; 9.82333;      0.70276;3.45861;2
 54.25298; 9.82500;      0.70263;3.45864;2
 54.28615; 9.82667;      0.70237;3.45867;2
 54.31931; 9.82833;      0.70224;3.45870;2
 54.35248; 9.83000;      0.70186;3.45872;2
 54.38567; 9.83167;      0.70173;3.45875;2
 54.41885; 9.83333;      0.70160;3.45878;2
 54.45207; 9.83500;      0.70159;3.45881;2
 54.48530; 9.83667;      0.70133;3.45884;2
 54.51851; 9.83833;      0.70133;3.45887;2
 54.55171; 9.84000;      0.70120;3.45890;2
 54.58490; 9.84167;      0.70106;3.45893;2
 54.61811; 9.84333;      0.70093;3.45896;2
 54.65131; 9.84500;      0.70093;3.45899;2
 54.68448; 9.84667;      0.70055;3.45901;2
 54.71762; 9.84833;      0.70041;3.45904;2
 54.75079; 9.85000;      0.70041;3.45907;2
 54.78395; 9.85167;      0.70028;3.45910;2
 54.81711; 9.85333;      0.70002;3.45913;2
 54.85026; 9.85500;      0.69989;3.45916;2
 54.88343; 9.85667;      0.70013;3.45919;2
 54.91659; 9.85833;      0.70038;3.45922;2
 54.94975; 9.86000;      0.70050;3.45925;2
 54.98292; 9.86167;      0.70062;3.45928;2
 55.01608; 9.86333;      0.70074;3.45930;2
 55.04928; 9.86500;      0.70123;3.45933;2
 55.08249; 9.86667;      0.70135;3.45936;2
 55.11571; 9.86833;      0.70160;3.45939;2
 55.14887; 9.87000;      0.70172;3.45942;2
 55.18198; 9.87167;      0.70133;3.45945;2
 55.21513; 9.87333;      0.70108;3.45948;2
 55.24833; 9.87500;      0.70107;3.45951;2
 55.28152; 9.87667;      0.70119;3.45954;2
 55.31467; 9.87833;      0.70131;3.45957;2
 55.34782; 9.88000;      0.70131;3.45959;2
 55.38100; 9.88167;      0.70142;3.45962;2
 55.41418; 9.88333;      0.70154;3.45965;2
 55.44738; 9.88500;      0.70154;3.45968;2
 55.48057; 9.88667;      0.70141;3.45971;2
 55.51377; 9.88833;      0.70153;3.45974;2
 55.54698; 9.89000;      0.70165;3.45977;2
 55.58018; 9.89167;      0.70214;3.45980;2
 55.61336; 9.89333;      0.70226;3.45983;2
 55.64656; 9.89500;      0.70238;3.45985;2
 55.67977; 9.89667;      0.70262;3.45988;2
 55.71297; 9.89833;      0.70274;3.45991;2
 55.74613; 9.90000;      0.70286;3.45994;2
 55.77933; 9.90167;      0.70273;3.45997;2
 55.81252; 9.90333;      0.70285;3.46000;2
 55.84569; 9.90500;      0.70310;3.46003;2
 55.87887; 9.90667;      0.70309;3.46006;2
 55.91207; 9.90833;      0.70321;3.46009;2
 55.94525; 9.91000;      0.70320;3.46012;2
 55.97841; 9.91167;      0.70320;3.46014;2
 56.01159; 9.91333;      0.70307;3.46017;2
 56.04477; 9.91500;      0.70319;3.46020;2
 56.07795; 9.91667;      0.70318;3.46023;2
 56.11113; 9.91833;      0.70330;3.46026;2
 56.14428; 9.92000;      0.70342;3.46029;2
 56.17746; 9.92167;      0.70329;3.46032;2
 56.21062; 9.92333;      0.70341;3.46035;2
 56.24377; 9.92500;      0.70328;3.46038;2
 56.27693; 9.92667;      0.70327;3.46040;2
 56.31010; 9.92833;      0.70339;3.46043;2
 56.34328; 9.93000;      0.70351;3.46046;2
 56.37644; 9.93167;      0.70363;3.46049;2
 56.40961; 9.93333;      0.70375;3.46052;2
 56.44279; 9.93500;      0.70374;3.46055;2
 56.47595; 9.93667;      0.70399;3.46058;2
 56.50907; 9.93833;      0.70423;3.46061;2
 56.54220; 9.94000;      0.70473;3.46064;2
 56.57538; 9.94167;      0.70510;3.46066;2
 56.60852; 9.94333;      0.70497;3.46069;2
 56.64166; 9.94500;      0.70483;3.46072;2
 56.67480; 9.94667;      0.70458;3.46075;2
 56.70797; 9.94833;      0.70432;3.46078;2
 56.74115; 9.95000;      0.70419;3.46081;2
 56.77433; 9.95167;      0.70368;3.46084;2
 56.80751; 9.95333;      0.70293;3.46087;2
 56.84069; 9.95500;      0.70254;3.46090;2
 56.87387; 9.95667;      0.70229;3.46092;2
 56.90705; 9.95833;      0.70203;3.46095;2
 56.94025; 9.96000;      0.70177;3.46098;2
 56.97344; 9.96167;      0.70152;3.46101;2
 57.00662; 9.96333;      0.70151;3.46104;2
 57.03980; 9.96500;      0.70126;3.46107;2
 57.07293; 9.96667;      0.70125;3.46110;2
 57.10608; 9.96833;      0.70149;3.46113;2
 57.13921; 9.97000;      0.70161;3.46116;2
 57.17238; 9.97167;      0.70198;3.46118;2
 57.20557; 9.97333;      0.70210;3.46121;2
 57.23875; 9.97500;      0.70235;3.46124;2
 57.27190; 9.97667;      0.70247;3.46127;2
 57.30507; 9.97833;      0.70284;3.46130;2
 57.33823; 9.98000;      0.70308;3.46133;2
 57.37141; 9.98167;      0.70320;3.46136;2
 57.40457; 9.98333;      0.70345;3.46139;2
 57.43774; 9.98500;      0.70344;3.46141;2
 57.47092; 9.98667;      0.70306;3.46144;2
 57.50408; 9.98833;      0.70268;3.46147;2
 57.53725; 9.99000;      0.70255;3.46150;2
 57.57038; 9.99167;      0.70254;3.46153;2
 57.60352; 9.99333;      0.70241;3.46156;2
 57.63669; 9.99500;      0.70240;3.46159;2
 57.66984; 9.99667;      0.70240;3.46162;2
 57.70297; 9.99833;      0.70239;3.46165;2
 57.73611;10.00000;      0.70264;3.46167;2
 57.76928;10.00167;      0.70275;3.46170;2
 57.80246;10.00333;      0.70300;3.46173;2
 57.83562;10.00500;      0.70299;3.46176;2
 57.86880;10.00667;      0.70299;3.46179;2
 57.90198;10.00833;      0.70298;3.46182;2
 57.93516;10.01000;      0.70298;3.46185;2
 57.96834;10.01167;      0.70310;3.46188;2
 58.00151;10.01333;      0.70322;3.46190;2
 58.03466;10.01500;      0.70346;3.46193;2
 58.06784;10.01667;      0.70358;3.46196;2
 58.10102;10.01833;      0.70370;3.46199;2
 58.13418;10.02000;      0.70357;3.46202;2
 58.16738;10.02167;      0.70356;3.46205;2
 58.20056;10.02333;      0.70356;3.46208;2
 58.23375;10.02500;      0.70368;3.46211;2
 58.26693;10.02667;      0.70367;3.46214;2
 58.30013;10.02833;      0.70379;3.46216;2
 58.33333;10.03000;      0.70391;3.46219;2
 58.36649;10.03167;      0.70403;3.46222;2
 58.39966;10.03333;      0.70440;3.46225;2
 58.43280;10.03500;      0.70477;3.46228;2
 58.46597;10.03667;      0.70489;3.46231;2
 58.49915;10.03833;      0.70488;3.46234;2
 58.53233;10.04000;      0.70475;3.46237;2
 58.56552;10.04167;      0.70462;3.46239;2
 58.59870;10.04333;      0.70436;3.46242;2
 58.63190;10.04500;      0.70423;3.46245;2
 58.66510;10.04667;      0.70435;3.46248;2
 58.69833;10.04833;      0.70422;3.46251;2
 58.73156;10.05000;      0.70409;3.46254;2
 58.76475;10.05167;      0.70396;3.46257;2
 58.79793;10.05333;      0.70383;3.46260;2
 58.83113;10.05500;      0.70382;3.46262;2
 58.86429;10.05667;      0.70369;3.46265;2
 58.89749;10.05833;      0.70368;3.46268;2
 58.93067;10.06000;      0.70368;3.46271;2
 58.96384;10.06167;      0.70417;3.46274;2
 58.99700;10.06333;      0.70429;3.46277;2
 59.03016;10.06500;      0.70428;3.46280;2
 59.06334;10.06667;      0.70428;3.46283;2
 59.09656;10.06833;      0.70427;3.46286;2
 59.12974;10.07000;      0.70427;3.46288;2
 59.16293;10.07167;      0.70464;3.46291;2
 59.19610;10.07333;      0.70488;3.46294;2
 59.22929;10.07500;      0.70538;3.46297;2
 59.26248;10.07667;      0.70575;3.46300;2
 59.29566;10.07833;      0.70587;3.46303;2
 59.32884;10.08000;      0.70611;3.46306;2
 59.36203;10.08167;      0.70635;3.46309;2
 59.39525;10.08333;      0.70660;3.46311;2
 59.42844;10.08500;      0.70659;3.46314;2
 59.46161;10.08667;      0.70659;3.46317;2
 59.49477;10.08833;      0.70671;3.46320;2
 59.52795;10.09000;      0.70695;3.46323;2
 59.56113;10.09167;      0.70695;3.46326;2
 59.59431;10.09333;      0.70694;3.46329;2
 59.62749;10.09500;      0.70681;3.46332;2
 59.66067;10.09667;      0.70668;3.46334;2
 59.69385;10.09833;      0.70667;3.46337;2
 59.72707;10.10000;      0.70692;3.46340;2
 59.76026;10.10167;      0.70691;3.46343;2
 59.79344;10.10333;      0.70703;3.46346;2
 59.82661;10.10500;      0.70702;3.46349;2
 59.85979;10.10667;      0.70727;3.46352;2
 59.89297;10.10833;      0.70726;3.46355;2
 59.92616;10.11000;      0.70738;3.46357;2
 59.95933;10.11167;      0.70738;3.46360;2
 59.99249;10.11333;      0.70737;3.46363;2
 60.02567;10.11500;      0.70736;3.46366;2
 60.05885;10.11667;      0.70723;3.46369;2
 60.09200;10.11833;      0.70723;3.46372;2
 60.12515;10.12000;      0.70685;3.46375;2
 60.15831;10.12167;      0.70672;3.46378;2
 60.19146;10.12333;      0.70646;3.46380;2
 60.22461;10.12500;      0.70608;3.46383;2
 60.25774;10.12667;      0.70607;3.46386;2
 60.29089;10.12833;      0.70581;3.46389;2
 60.32403;10.13000;      0.70606;3.46392;2
 60.35718;10.13167;      0.70605;3.46395;2
 60.39034;10.13333;      0.70617;3.46398;2
 60.42354;10.13500;      0.70642;3.46401;2
 60.45672;10.13667;      0.70704;3.46403;2
 60.48989;10.13833;      0.70741;3.46406;2
 60.52305;10.14000;      0.70778;3.46409;2
 60.55625;10.14167;      0.70852;3.46412;2
 60.58941;10.14333;      0.70864;3.46415;2
 60.62256;10.14500;      0.70876;3.46418;2
 60.65570;10.14667;      0.70863;3.46421;2
 60.68889;10.14833;      0.70875;3.46423;2
 60.72200;10.15000;      0.70887;3.46426;2
 60.75513;10.15167;      0.70861;3.46429;2
 60.78826;10.15333;      0.70835;3.46432;2
 60.82143;10.15500;      0.70835;3.46435;2
 60.85459;10.15667;      0.70834;3.46438;2
 60.88777;10.15833;      0.70859;3.46441;2
 60.92095;10.16000;      0.70871;3.46444;2
 60.95411;10.16167;      0.70870;3.46446;2
 60.98730;10.16333;      0.70844;3.46449;2
 61.02046;10.16500;      0.70844;3.46452;2
 61.05362;10.16667;      0.70843;3.46455;2
 61.08679;10.16833;      0.70830;3.46458;2
 61.11997;10.17000;      0.70830;3.46461;2
 61.15315;10.17167;      0.70829;3.46464;2
 61.18631;10.17333;      0.70841;3.46467;2
 61.21949;10.17500;      0.70853;3.46469;2
 61.25264;10.17667;      0.70852;3.46472;2
 61.28582;10.17833;      0.70852;3.46475;2
 61.31900;10.18000;      0.70864;3.46478;2
 61.35216;10.18167;      0.70876;3.46481;2
 61.38534;10.18333;      0.70862;3.46484;2
 61.41849;10.18500;      0.70862;3.46487;2
 61.45164;10.18667;      0.70861;3.46489;2
 61.48484;10.18833;      0.70861;3.46492;2
 61.51802;10.19000;      0.70860;3.46495;2
 61.55120;10.19167;      0.70847;3.46498;2
 61.58436;10.19333;      0.70859;3.46501;2
 61.61756;10.19500;      0.70858;3.46504;2
 61.65072;10.19667;      0.70858;3.46507;2
 61.68390;10.19833;      0.70870;3.46509;2
 61.71707;10.20000;      0.70869;3.46512;2
 61.75021;10.20167;      0.70869;3.46515;2
 61.78338;10.20333;      0.70868;3.46518;2
 61.81656;10.20500;      0.70880;3.46521;2
 61.84975;10.20667;      0.70867;3.46524;2
 61.88293;10.20833;      0.70854;3.46527;2
 61.91610;10.21000;      0.70853;3.46530;2
 61.94926;10.21167;      0.70853;3.46532;2
 61.98243;10.21333;      0.70839;3.46535;2
 62.01559;10.21500;      0.70839;3.46538;2
 62.04877;10.21667;      0.70838;3.46541;2
 62.08197;10.21833;      0.70850;3.46544;2
 62.11515;10.22000;      0.70862;3.46547;2
 62.14833;10.22167;      0.70887;3.46550;2
 62.18152;10.22333;      0.70911;3.46552;2
 62.21474;10.22500;      0.70998;3.46555;2
 62.24795;10.22667;      0.71010;3.46558;2
 62.28116;10.22833;      0.70972;3.46561;2
 62.31436;10.23000;      0.70946;3.46564;2
 62.34756;10.23167;      0.70921;3.46567;2
 62.38075;10.23333;      0.70932;3.46570;2
 62.41395;10.23500;      0.70919;3.46573;2
 62.44715;10.23667;      0.70906;3.46575;2
 62.48036;10.23833;      0.70906;3.46578;2
 62.51356;10.24000;      0.70893;3.46581;2
 62.54677;10.24167;      0.70880;3.46584;2
 62.57995;10.24333;      0.70879;3.46587;2
 62.61313;10.24500;      0.70903;3.46590;2
 62.64633;10.24667;      0.70928;3.46593;2
 62.67951;10.24833;      0.70927;3.46595;2
 62.71266;10.25000;      0.70939;3.46598;2
 62.74584;10.25167;      0.70951;3.46601;2
 62.77902;10.25333;      0.70963;3.46604;2
 62.81223;10.25500;      0.70987;3.46607;2
 62.84541;10.25667;      0.70999;3.46610;2
 62.87859;10.25833;      0.71024;3.46613;2
 62.91177;10.26000;      0.71036;3.46615;2
 62.94493;10.26167;      0.71035;3.46618;2
 62.97813;10.26333;      0.71059;3.46621;2
 63.01133;10.26500;      0.71046;3.46624;2
 63.04452;10.26667;      0.71058;3.46627;2
 63.07770;10.26833;      0.71058;3.46630;2
 63.11087;10.27000;      0.71057;3.46633;2
 63.14402;10.27167;      0.71069;3.46635;2
 63.17718;10.27333;      0.71068;3.46638;2
 63.21036;10.27500;      0.71080;3.46641;2
 63.24352;10.27667;      0.71067;3.46644;2
 63.27670;10.27833;      0.71067;3.46647;2
 63.30987;10.28000;      0.71091;3.46650;2
 63.34302;10.28167;      0.71091;3.46653;2
 63.37618;10.28333;      0.71115;3.46655;2
 63.40934;10.28500;      0.71139;3.46658;2
 63.44249;10.28667;      0.71164;3.46661;2
 63.47564;10.28833;      0.71188;3.46664;2
 63.50879;10.29000;      0.71200;3.46667;2
 63.54193;10.29167;      0.71225;3.46670;2
 63.57507;10.29333;      0.71249;3.46673;2
 63.60821;10.29500;      0.71273;3.46676;2
 63.64134;10.29667;      0.71285;3.46678;2
 63.67449;10.29833;      0.71285;3.46681;2
 63.70764;10.30000;      0.71297;3.46684;2
 63.74082;10.30167;      0.71296;3.46687;2
 63.77400;10.30333;      0.71270;3.46690;2
 63.80715;10.30500;      0.71270;3.46693;2
 63.84030;10.30667;      0.71282;3.46696;2
 63.87341;10.30833;      0.71294;3.46698;2
 63.90656;10.31000;      0.71293;3.46701;2
 63.93974;10.31167;      0.71305;3.46704;2
 63.97290;10.31333;      0.71304;3.46707;2
 64.00608;10.31500;      0.71316;3.46710;2
 64.03928;10.31667;      0.71316;3.46713;2
 64.07244;10.31833;      0.71315;3.46715;2
 64.10559;10.32000;      0.71315;3.46718;2
 64.13877;10.32167;      0.71326;3.46721;2
 64.17195;10.32333;      0.71338;3.46724;2
 64.20510;10.32500;      0.71350;3.46727;2
 64.23826;10.32667;      0.71375;3.46730;2
 64.27143;10.32833;      0.71374;3.46733;2
 64.30459;10.33000;      0.71374;3.46735;2
 64.33775;10.33167;      0.71385;3.46738;2
 64.37092;10.33333;      0.71385;3.46741;2
 64.40410;10.33500;      0.71384;3.46744;2
 64.43726;10.33667;      0.71359;3.46747;2
 64.47041;10.33833;      0.71333;3.46750;2
 64.50357;10.34000;      0.71333;3.46753;2
 64.53674;10.34167;      0.71332;3.46755;2
 64.56989;10.34333;      0.71331;3.46758;2
 64.60305;10.34500;      0.71318;3.46761;2
 64.63625;10.34667;      0.71305;3.46764;2
 64.66941;10.34833;      0.71317;3.46767;2
 64.70259;10.35000;      0.71317;3.46770;2
 64.73580;10.35167;      0.71316;3.46773;2
 64.76902;10.35333;      0.71328;3.46775;2
 64.80218;10.35500;      0.71340;3.46778;2
 64.83534;10.35667;      0.71352;3.46781;2
 64.86854;10.35833;      0.71351;3.46784;2
 64.90172;10.36000;      0.71350;3.46787;2
 64.93489;10.36167;      0.71362;3.46790;2
 64.96807;10.36333;      0.71374;3.46793;2
 65.00126;10.36500;      0.71374;3.46795;2
 65.03443;10.36667;      0.71373;3.46798;2
 65.06759;10.36833;      0.71385;3.46801;2
 65.10079;10.37000;      0.71434;3.46804;2
 65.13397;10.37167;      0.71496;3.46807;2
 65.16713;10.37333;      0.71546;3.46810;2
 65.20031;10.37500;      0.71558;3.46813;2
 65.23346;10.37667;      0.71570;3.46815;2
 65.26664;10.37833;      0.71582;3.46818;2
 65.29982;10.38000;      0.71581;3.46821;2
 65.33298;10.38167;      0.71593;3.46824;2
 65.36615;10.38333;      0.71630;3.46827;2
 65.39933;10.38500;      0.71667;3.46830;2
 65.43252;10.38667;      0.71641;3.46833;2
 65.46572;10.38833;      0.71641;3.46835;2
 65.49890;10.39000;      0.71652;3.46838;2
 65.53208;10.39167;      0.71652;3.46841;2
 65.56529;10.39333;      0.71664;3.46844;2
 65.59851;10.39500;      0.71663;3.46847;2
 65.63170;10.39667;      0.71650;3.46850;2
 65.66490;10.39833;      0.71637;3.46853;2
 65.69810;10.40000;      0.71636;3.46855;2
 65.73129;10.40167;      0.71636;3.46858;2
 65.76449;10.40333;      0.71648;3.46861;2
 65.79769;10.40500;      0.71660;3.46864;2
 65.83089;10.40667;      0.71697;3.46867;2
 65.86408;10.40833;      0.71733;3.46870;2
 65.89728;10.41000;      0.71758;3.46872;2
 65.93046;10.41167;      0.71770;3.46875;2
 65.96362;10.41333;      0.71794;3.46878;2
 65.99679;10.41500;      0.71844;3.46881;2
 66.02995;10.41667;      0.71868;3.46884;2
 66.06310;10.41833;      0.71892;3.46887;2
 66.09626;10.42000;      0.71904;3.46890;2
 66.12944;10.42167;      0.71929;3.46892;2
 66.16261;10.42333;      0.71928;3.46895;2
 66.19577;10.42500;      0.71940;3.46898;2
 66.22897;10.42667;      0.71964;3.46901;2
 66.26213;10.42833;      0.71976;3.46904;2
 66.29529;10.43000;      0.71988;3.46907;2
 66.32846;10.43167;      0.72000;3.46909;2
 66.36162;10.43333;      0.71999;3.46912;2
 66.39480;10.43500;      0.72011;3.46915;2
 66.42797;10.43667;      0.72011;3.46918;2
 66.46113;10.43833;      0.72010;3.46921;2
 66.49426;10.44000;      0.72010;3.46924;2
 66.52739;10.44167;      0.72009;3.46927;2
 66.56056;10.44333;      0.72009;3.46929;2
 66.59369;10.44500;      0.72033;3.46932;2
 66.62685;10.44667;      0.72057;3.46935;2
 66.66000;10.44833;      0.72094;3.46938;2
 66.69315;10.45000;      0.72119;3.46941;2
 66.72633;10.45167;      0.72131;3.46944;2
 66.75946;10.45333;      0.72155;3.46947;2
 66.79257;10.45500;      0.72179;3.46949;2
 66.82575;10.45667;      0.72179;3.46952;2
 66.85893;10.45833;      0.72191;3.46955;2
 66.89210;10.46000;      0.72215;3.46958;2
 66.92526;10.46167;      0.72239;3.46961;2
 66.95844;10.46333;      0.72251;3.46964;2
 66.99159;10.46500;      0.72288;3.46966;2
 67.02470;10.46667;      0.72288;3.46969;2
 67.05785;10.46833;      0.72287;3.46972;2
 67.09103;10.47000;      0.72286;3.46975;2
 67.12421;10.47167;      0.72286;3.46978;2
 67.15739;10.47333;      0.72285;3.46981;2
 67.19057;10.47500;      0.72272;3.46983;2
 67.22374;10.47667;      0.72247;3.46986;2
 67.25690;10.47833;      0.72246;3.46989;2
 67.29005;10.48000;      0.72245;3.46992;2
 67.32320;10.48167;      0.72245;3.46995;2
 67.35636;10.48333;      0.72257;3.46998;2
 67.38954;10.48500;      0.72256;3.47001;2
 67.42274;10.48667;      0.72255;3.47003;2
 67.45590;10.48833;      0.72267;3.47006;2
 67.48908;10.49000;      0.72279;3.47009;2
 67.52225;10.49167;      0.72291;3.47012;2
 67.55538;10.49333;      0.72303;3.47015;2
 67.58849;10.49500;      0.72315;3.47018;2
 67.62161;10.49667;      0.72314;3.47020;2
 67.65472;10.49833;      0.72314;3.47023;2
 67.68789;10.50000;      0.72313;3.47026;2
 67.72103;10.50167;      0.72313;3.47029;2
 67.75415;10.50333;      0.72312;3.47032;2
 67.78726;10.50500;      0.72274;3.47035;2
 67.82039;10.50667;      0.72248;3.47038;2
 67.85354;10.50833;      0.72223;3.47040;2
 67.88669;10.51000;      0.72210;3.47043;2
 67.91984;10.51167;      0.72197;3.47046;2
 67.95297;10.51333;      0.72196;3.47049;2
 67.98610;10.51500;      0.72196;3.47052;2
 68.01925;10.51667;      0.72220;3.47055;2
 68.05239;10.51833;      0.72244;3.47057;2
 68.08554;10.52000;      0.72256;3.47060;2
 68.11867;10.52167;      0.72306;3.47063;2
 68.15180;10.52333;      0.72342;3.47066;2
 68.18493;10.52500;      0.72379;3.47069;2
 68.21807;10.52667;      0.72391;3.47072;2
 68.25120;10.52833;      0.72403;3.47074;2
 68.28434;10.53000;      0.72427;3.47077;2
 68.31749;10.53167;      0.72464;3.47080;2
 68.35066;10.53333;      0.72476;3.47083;2
 68.38380;10.53500;      0.72501;3.47086;2
 68.41693;10.53667;      0.72525;3.47089;2
 68.45008;10.53833;      0.72512;3.47091;2
 68.48323;10.54000;      0.72486;3.47094;2
 68.51643;10.54167;      0.72461;3.47097;2
 68.54959;10.54333;      0.72423;3.47100;2
 68.58274;10.54500;      0.72372;3.47103;2
 68.61590;10.54667;      0.72347;3.47106;2
 68.64903;10.54833;      0.72321;3.47109;2
 68.68220;10.55000;      0.72283;3.47111;2
 68.71538;10.55167;      0.72270;3.47114;2
 68.74852;10.55333;      0.72282;3.47117;2
 68.78166;10.55500;      0.72331;3.47120;2
 68.81482;10.55667;      0.72368;3.47123;2
 68.84797;10.55833;      0.72380;3.47126;2
 68.88110;10.56000;      0.72367;3.47128;2
 68.91423;10.56167;      0.72366;3.47131;2
 68.94738;10.56333;      0.72366;3.47134;2
 68.98052;10.56500;      0.72365;3.47137;2
 69.01367;10.56667;      0.72377;3.47140;2
 69.04684;10.56833;      0.72389;3.47143;2
 69.07998;10.57000;      0.72438;3.47145;2
 69.11311;10.57167;      0.72500;3.47148;2
 69.14623;10.57333;      0.72537;3.47151;2
 69.17936;10.57500;      0.72574;3.47154;2
 69.21248;10.57667;      0.72586;3.47157;2
 69.24561;10.57833;      0.72585;3.47160;2
 69.27874;10.58000;      0.72572;3.47162;2
 69.31185;10.58167;      0.72546;3.47165;2
 69.34498;10.58333;      0.72521;3.47168;2
 69.37811;10.58500;      0.72533;3.47171;2
 69.41126;10.58667;      0.72545;3.47174;2
 69.44438;10.58833;      0.72569;3.47177;2
 69.47749;10.59000;      0.72593;3.47179;2
 69.51062;10.59167;      0.72643;3.47182;2
 69.54379;10.59333;      0.72680;3.47185;2
 69.57695;10.59500;      0.72704;3.47188;2
 69.61010;10.59667;      0.72728;3.47191;2
 69.64323;10.59833;      0.72740;3.47194;2
 69.67639;10.60000;      0.72752;3.47196;2
 69.70952;10.60167;      0.72752;3.47199;2
 69.74266;10.60333;      0.72726;3.47202;2
 69.77582;10.60500;      0.72725;3.47205;2
 69.80897;10.60667;      0.72737;3.47208;2
 69.84210;10.60833;      0.72737;3.47211;2
 69.87525;10.61000;      0.72761;3.47214;2
 69.90839;10.61167;      0.72773;3.47216;2
 69.94156;10.61333;      0.72772;3.47219;2
 69.97474;10.61500;      0.72772;3.47222;2
 70.00795;10.61667;      0.72759;3.47225;2
 70.04113;10.61833;      0.72771;3.47228;2
 70.07430;10.62000;      0.72770;3.47231;2
 70.10746;10.62167;      0.72794;3.47233;2
 70.14067;10.62333;      0.72819;3.47236;2
 70.17385;10.62500;      0.72831;3.47239;2
 70.20703;10.62667;      0.72818;3.47242;2
 70.24021;10.62833;      0.72804;3.47245;2
 70.27339;10.63000;      0.72804;3.47248;2
 70.30656;10.63167;      0.72791;3.47250;2
 70.33970;10.63333;      0.72790;3.47253;2
 70.37284;10.63500;      0.72790;3.47256;2
 70.40598;10.63667;      0.72801;3.47259;2
 70.43915;10.63833;      0.72838;3.47262;2
 70.47230;10.64000;      0.72838;3.47265;2
 70.50544;10.64167;      0.72862;3.47267;2
 70.53859;10.64333;      0.72862;3.47270;2
 70.57175;10.64500;      0.72873;3.47273;2
 70.60490;10.64667;      0.72873;3.47276;2
 70.63805;10.64833;      0.72872;3.47279;2
 70.67121;10.65000;      0.72872;3.47282;2
 70.70436;10.65167;      0.72896;3.47284;2
 70.73751;10.65333;      0.72895;3.47287;2
 70.77066;10.65500;      0.72907;3.47290;2
 70.80384;10.65667;      0.72932;3.47293;2
 70.83700;10.65833;      0.72956;3.47296;2
 70.87015;10.66000;      0.72968;3.47299;2
 70.90330;10.66167;      0.72980;3.47301;2
 70.93646;10.66333;      0.73004;3.47304;2
 70.96961;10.66500;      0.73016;3.47307;2
 71.00275;10.66667;      0.72978;3.47310;2
 71.03592;10.66833;      0.72977;3.47313;2
 71.06908;10.67000;      0.72977;3.47316;2
 71.10225;10.67167;      0.72989;3.47318;2
 71.13541;10.67333;      0.73026;3.47321;2
 71.16859;10.67500;      0.73075;3.47324;2
 71.20177;10.67667;      0.73112;3.47327;2
 71.23497;10.67833;      0.73111;3.47330;2
 71.26813;10.68000;      0.73136;3.47333;2
 71.30133;10.68167;      0.73172;3.47335;2
 71.33454;10.68333;      0.73184;3.47338;2
 71.36774;10.68500;      0.73246;3.47341;2
 71.40093;10.68667;      0.73270;3.47344;2
 71.43411;10.68833;      0.73320;3.47347;2
 71.46731;10.69000;      0.73357;3.47350;2
 71.50051;10.69167;      0.73406;3.47352;2
 71.53370;10.69333;      0.73430;3.47355;2
 71.56689;10.69500;      0.73480;3.47358;2
 71.60008;10.69667;      0.73504;3.47361;2
 71.63326;10.69833;      0.73528;3.47364;2
 71.66648;10.70000;      0.73540;3.47367;2
 71.69969;10.70167;      0.73565;3.47369;2
 71.73289;10.70333;      0.73589;3.47372;2
 71.76611;10.70500;      0.73626;3.47375;2
 71.79931;10.70667;      0.73650;3.47378;2
 71.83251;10.70833;      0.73674;3.47381;2
 71.86570;10.71000;      0.73686;3.47384;2
 71.89889;10.71167;      0.73698;3.47387;2
 71.93205;10.71333;      0.73710;3.47389;2
 71.96521;10.71500;      0.73722;3.47392;2
 71.99838;10.71667;      0.73734;3.47395;2
 72.03152;10.71833;      0.73758;3.47398;2
 72.06470;10.72000;      0.73758;3.47401;2
 72.09790;10.72167;      0.73782;3.47403;2
 72.13108;10.72333;      0.73794;3.47406;2
 72.16425;10.72500;      0.73793;3.47409;2
 72.19743;10.72667;      0.73805;3.47412;2
 72.23061;10.72833;      0.73805;3.47415;2
 72.26379;10.73000;      0.73779;3.47418;2
 72.29693;10.73167;      0.73753;3.47420;2
 72.33008;10.73333;      0.73740;3.47423;2
 72.36326;10.73500;      0.73727;3.47426;2
 72.39646;10.73667;      0.73727;3.47429;2
 72.42967;10.73833;      0.73751;3.47432;2
 72.46285;10.74000;      0.73763;3.47435;2
 72.49603;10.74167;      0.73775;3.47437;2
 72.52923;10.74333;      0.73812;3.47440;2
 72.56241;10.74500;      0.73811;3.47443;2
 72.59559;10.74667;      0.73835;3.47446;2
 72.62879;10.74833;      0.73847;3.47449;2
 72.66198;10.75000;      0.73859;3.47452;2
 72.69518;10.75167;      0.73884;3.47454;2
 72.72836;10.75333;      0.73920;3.47457;2
 72.76154;10.75500;      0.73957;3.47460;2
 72.79472;10.75667;      0.73969;3.47463;2
 72.82792;10.75833;      0.73993;3.47466;2
 72.86113;10.76000;      0.73955;3.47469;2
 72.89433;10.76167;      0.73930;3.47471;2
 72.92751;10.76333;      0.73967;3.47474;2
 72.96067;10.76500;      0.73978;3.47477;2
 72.99384;10.76667;      0.74003;3.47480;2
 73.02702;10.76833;      0.74040;3.47483;2
 73.06018;10.77000;      0.74064;3.47486;2
 73.09336;10.77167;      0.74076;3.47488;2
 73.12654;10.77333;      0.74075;3.47491;2
 73.15972;10.77500;      0.74087;3.47494;2
 73.19289;10.77667;      0.74037;3.47497;2
 73.22605;10.77833;      0.74024;3.47500;2
 73.25923;10.78000;      0.74036;3.47503;2
 73.29243;10.78167;      0.74022;3.47505;2
 73.32561;10.78333;      0.74022;3.47508;2
 73.35877;10.78500;      0.74034;3.47511;2
 73.39192;10.78667;      0.74033;3.47514;2
 73.42507;10.78833;      0.74045;3.47517;2
 73.45821;10.79000;      0.74044;3.47520;2
 73.49134;10.79167;      0.74006;3.47522;2
 73.52448;10.79333;      0.73993;3.47525;2
 73.55761;10.79500;      0.73980;3.47528;2
 73.59079;10.79667;      0.73980;3.47531;2
 73.62395;10.79833;      0.73979;3.47534;2
 73.65711;10.80000;      0.73991;3.47537;2
 73.69026;10.80167;      0.74003;3.47539;2
 73.72341;10.80333;      0.74064;3.47542;2
 73.75657;10.80500;      0.74076;3.47545;2
 73.78970;10.80667;      0.74101;3.47548;2
 73.82285;10.80833;      0.74125;3.47551;2
 73.85600;10.81000;      0.74137;3.47553;2
 73.88916;10.81167;      0.74161;3.47556;2
 73.92234;10.81333;      0.74161;3.47559;2
 73.95552;10.81500;      0.74160;3.47562;2
 73.98870;10.81667;      0.74159;3.47565;2
 74.02189;10.81833;      0.74171;3.47568;2
 74.05505;10.82000;      0.74171;3.47570;2
 74.08818;10.82167;      0.74208;3.47573;2
 74.12131;10.82333;      0.74232;3.47576;2
 74.15448;10.82500;      0.74231;3.47579;2
 74.18762;10.82667;      0.74243;3.47582;2
 74.22077;10.82833;      0.74255;3.47585;2
 74.25393;10.83000;      0.74267;3.47587;2
 74.28708;10.83167;      0.74304;3.47590;2
 74.32026;10.83333;      0.74316;3.47593;2
 74.35346;10.83500;      0.74327;3.47596;2
 74.38666;10.83667;      0.74339;3.47599;2
 74.41980;10.83833;      0.74339;3.47602;2
 74.45293;10.84000;      0.74350;3.47604;2
 74.48611;10.84167;      0.74350;3.47607;2
 74.51930;10.84333;      0.74349;3.47610;2
 74.55246;10.84500;      0.74361;3.47613;2
 74.58562;10.84667;      0.74361;3.47616;2
 74.61879;10.84833;      0.74298;3.47619;2
 74.65195;10.85000;      0.74260;3.47621;2
 74.68511;10.85167;      0.74246;3.47624;2
 74.71826;10.85333;      0.74258;3.47627;2
 74.75139;10.85500;      0.74270;3.47630;2
 74.78452;10.85667;      0.74282;3.47633;2
 74.81766;10.85833;      0.74319;3.47635;2
 74.85080;10.86000;      0.74343;3.47638;2
 74.88392;10.86167;      0.74355;3.47641;2
 74.91705;10.86333;      0.74355;3.47644;2
 74.95020;10.86500;      0.74366;3.47647;2
 74.98336;10.86667;      0.74366;3.47650;2
 75.01654;10.86833;      0.74378;3.47652;2
 75.04970;10.87000;      0.74390;3.47655;2
 75.08289;10.87167;      0.74389;3.47658;2
 75.11602;10.87333;      0.74401;3.47661;2
 75.14915;10.87500;      0.74413;3.47664;2
 75.18228;10.87667;      0.74449;3.47667;2
 75.21543;10.87833;      0.74474;3.47669;2
 75.24856;10.88000;      0.74511;3.47672;2
 75.28170;10.88167;      0.74547;3.47675;2
 75.31485;10.88333;      0.74572;3.47678;2
 75.34800;10.88500;      0.74584;3.47681;2
 75.38115;10.88667;      0.74596;3.47683;2
 75.41430;10.88833;      0.74595;3.47686;2
 75.44748;10.89000;      0.74607;3.47689;2
 75.48067;10.89167;      0.74631;3.47692;2
 75.51387;10.89333;      0.74630;3.47695;2
 75.54705;10.89500;      0.74655;3.47698;2
 75.58023;10.89667;      0.74667;3.47700;2
 75.61336;10.89833;      0.74716;3.47703;2
 75.64651;10.90000;      0.74765;3.47706;2
 75.67969;10.90167;      0.74790;3.47709;2
 75.71287;10.90333;      0.74814;3.47712;2
 75.74603;10.90500;      0.74851;3.47715;2
 75.77920;10.90667;      0.74862;3.47717;2
 75.81239;10.90833;      0.74862;3.47720;2
 75.84557;10.91000;      0.74861;3.47723;2
 75.87874;10.91167;      0.74836;3.47726;2
 75.91190;10.91333;      0.74823;3.47729;2
 75.94505;10.91500;      0.74822;3.47731;2
 75.97820;10.91667;      0.74809;3.47734;2
 76.01134;10.91833;      0.74783;3.47737;2
 76.04451;10.92000;      0.74770;3.47740;2
 76.07767;10.92167;      0.74757;3.47743;2
 76.11087;10.92333;      0.74732;3.47746;2
 76.14407;10.92500;      0.74731;3.47748;2
 76.17721;10.92667;      0.74755;3.47751;2
 76.21038;10.92833;      0.74755;3.47754;2
 76.24357;10.93000;      0.74767;3.47757;2
 76.27675;10.93167;      0.74766;3.47760;2
 76.30995;10.93333;      0.74766;3.47763;2
 76.34313;10.93500;      0.74765;3.47765;2
 76.37629;10.93667;      0.74777;3.47768;2
 76.40943;10.93833;      0.74776;3.47771;2
 76.44257;10.94000;      0.74813;3.47774;2
 76.47574;10.94167;      0.74825;3.47777;2
 76.50890;10.94333;      0.74837;3.47779;2
 76.54207;10.94500;      0.74836;3.47782;2
 76.57523;10.94667;      0.74848;3.47785;2
 76.60841;10.94833;      0.74860;3.47788;2
 76.64157;10.95000;      0.74872;3.47791;2
 76.67474;10.95167;      0.74896;3.47794;2
 76.70792;10.95333;      0.74908;3.47796;2
 76.74108;10.95500;      0.74907;3.47799;2
 76.77426;10.95667;      0.74932;3.47802;2
 76.80744;10.95833;      0.74931;3.47805;2
 76.84066;10.96000;      0.74943;3.47808;2
 76.87382;10.96167;      0.74955;3.47811;2
 76.90700;10.96333;      0.74941;3.47813;2
 76.94018;10.96500;      0.74916;3.47816;2
 76.97338;10.96667;      0.74903;3.47819;2
 77.00656;10.96833;      0.74877;3.47822;2
 77.03972;10.97000;      0.74864;3.47825;2
 77.07289;10.97167;      0.74839;3.47827;2
 77.10605;10.97333;      0.74838;3.47830;2
 77.13925;10.97500;      0.74825;3.47833;2
 77.17243;10.97667;      0.74824;3.47836;2
 77.20562;10.97833;      0.74811;3.47839;2
 77.23882;10.98000;      0.74823;3.47842;2
 77.27205;10.98167;      0.74823;3.47844;2
 77.30523;10.98333;      0.74810;3.47847;2
 77.33843;10.98500;      0.74809;3.47850;2
 77.37162;10.98667;      0.74796;3.47853;2
 77.40484;10.98833;      0.74808;3.47856;2
 77.43805;10.99000;      0.74832;3.47859;2
 77.47123;10.99167;      0.74856;3.47861;2
 77.50438;10.99333;      0.74893;3.47864;2
 77.53754;10.99500;      0.74893;3.47867;2
 77.57072;10.99667;      0.74904;3.47870;2
 77.60389;10.99833;      0.74916;3.47873;2
 77.63707;11.00000;      0.74941;3.47875;2
 77.67023;11.00167;      0.74965;3.47878;2
 77.70339;11.00333;      0.74989;3.47881;2
 77.73656;11.00500;      0.75026;3.47884;2
 77.76975;11.00667;      0.75050;3.47887;2
 77.80293;11.00833;      0.75075;3.47890;2
 77.83608;11.01000;      0.75099;3.47892;2
 77.86925;11.01167;      0.75111;3.47895;2
 77.90244;11.01333;      0.75123;3.47898;2
 77.93562;11.01500;      0.75134;3.47901;2
 77.96882;11.01667;      0.75134;3.47904;2
 78.00203;11.01833;      0.75133;3.47906;2
 78.03523;11.02000;      0.75120;3.47909;2
 78.06841;11.02167;      0.75095;3.47912;2
 78.10159;11.02333;      0.75094;3.47915;2
 78.13475;11.02500;      0.75081;3.47918;2
 78.16792;11.02667;      0.75080;3.47921;2
 78.20111;11.02833;      0.75080;3.47923;2
 78.23431;11.03000;      0.75067;3.47926;2
 78.26748;11.03167;      0.75054;3.47929;2
 78.30062;11.03333;      0.75053;3.47932;2
 78.33379;11.03500;      0.75052;3.47935;2
 78.36697;11.03667;      0.75052;3.47938;2
 78.40015;11.03833;      0.75064;3.47940;2
 78.43334;11.04000;      0.75100;3.47943;2
 78.46656;11.04167;      0.75137;3.47946;2
 78.49974;11.04333;      0.75149;3.47949;2
 78.53289;11.04500;      0.75148;3.47952;2
 78.56605;11.04667;      0.75135;3.47954;2
 78.59921;11.04833;      0.75110;3.47957;2
 78.63236;11.05000;      0.75072;3.47960;2
 78.66552;11.05167;      0.75046;3.47963;2
 78.69871;11.05333;      0.75008;3.47966;2
 78.73189;11.05500;      0.74983;3.47969;2
 78.76508;11.05667;      0.74957;3.47971;2
 78.79826;11.05833;      0.74944;3.47974;2
 78.83144;11.06000;      0.74944;3.47977;2
 78.86461;11.06167;      0.74968;3.47980;2
 78.89779;11.06333;      0.75030;3.47983;2
 78.93098;11.06500;      0.75091;3.47985;2
 78.96418;11.06667;      0.75153;3.47988;2
 78.99736;11.06833;      0.75190;3.47991;2
 79.03054;11.07000;      0.75239;3.47994;2
 79.06372;11.07167;      0.75263;3.47997;2
 79.09690;11.07333;      0.75275;3.48000;2
 79.13008;11.07500;      0.75287;3.48002;2
 79.16325;11.07667;      0.75286;3.48005;2
 79.19643;11.07833;      0.75286;3.48008;2
 79.22959;11.08000;      0.75260;3.48011;2
 79.26275;11.08167;      0.75222;3.48014;2
 79.29590;11.08333;      0.75209;3.48016;2
 79.32908;11.08500;      0.75221;3.48019;2
 79.36223;11.08667;      0.75220;3.48022;2
 79.39541;11.08833;      0.75195;3.48025;2
 79.42859;11.09000;      0.75194;3.48028;2
 79.46175;11.09167;      0.75194;3.48031;2
 79.49492;11.09333;      0.75193;3.48033;2
 79.52810;11.09500;      0.75205;3.48036;2
 79.56128;11.09667;      0.75204;3.48039;2
 79.59446;11.09833;      0.75216;3.48042;2
 79.62764;11.10000;      0.75240;3.48045;2
 79.66082;11.10167;      0.75265;3.48047;2
 79.69402;11.10333;      0.75289;3.48050;2
 79.72720;11.10500;      0.75301;3.48053;2
 79.76038;11.10667;      0.75313;3.48056;2
 79.79356;11.10833;      0.75312;3.48059;2
 79.82670;11.11000;      0.75336;3.48061;2
 79.85987;11.11167;      0.75323;3.48064;2
 79.89305;11.11333;      0.75335;3.48067;2
 79.92621;11.11500;      0.75322;3.48070;2
 79.95939;11.11667;      0.75322;3.48073;2
 79.99254;11.11833;      0.75309;3.48076;2
 80.02569;11.12000;      0.75308;3.48078;2
 80.05885;11.12167;      0.75270;3.48081;2
 80.09202;11.12333;      0.75244;3.48084;2
 80.12520;11.12500;      0.75231;3.48087;2
 80.15836;11.12667;      0.75206;3.48090;2
 80.19154;11.12833;      0.75193;3.48092;2
 80.22472;11.13000;      0.75180;3.48095;2
 80.25787;11.13167;      0.75179;3.48098;2
 80.29103;11.13333;      0.75179;3.48101;2
 80.32421;11.13500;      0.75165;3.48104;2
 80.35738;11.13667;      0.75152;3.48107;2
 80.39052;11.13833;      0.75152;3.48109;2
 80.42367;11.14000;      0.75164;3.48112;2
 80.45682;11.14167;      0.75175;3.48115;2
 80.48997;11.14333;      0.75200;3.48118;2
 80.52313;11.14500;      0.75212;3.48121;2
 80.55631;11.14667;      0.75224;3.48123;2
 80.58948;11.14833;      0.75235;3.48126;2
 80.62266;11.15000;      0.75235;3.48129;2
 80.65582;11.15167;      0.75147;3.48132;2
 80.68898;11.15333;      0.75096;3.48135;2
 80.72215;11.15500;      0.75071;3.48137;2
 80.75531;11.15667;      0.75070;3.48140;2
 80.78849;11.15833;      0.75057;3.48143;2
 80.82169;11.16000;      0.75044;3.48146;2
 80.85487;11.16167;      0.75031;3.48149;2
 80.88805;11.16333;      0.75031;3.48152;2
 80.92123;11.16500;      0.75055;3.48154;2
 80.95439;11.16667;      0.75079;3.48157;2
 80.98756;11.16833;      0.75103;3.48160;2
 81.02072;11.17000;      0.75140;3.48163;2
 81.05389;11.17167;      0.75152;3.48166;2
 81.08707;11.17333;      0.75176;3.48168;2
 81.12025;11.17500;      0.75213;3.48171;2
 81.15341;11.17667;      0.75237;3.48174;2
 81.18659;11.17833;      0.75274;3.48177;2
 81.21979;11.18000;      0.75311;3.48180;2
 81.25297;11.18167;      0.75348;3.48183;2
 81.28613;11.18333;      0.75384;3.48185;2
 81.31928;11.18500;      0.75396;3.48188;2
 81.35241;11.18667;      0.75408;3.48191;2
 81.38557;11.18833;      0.75432;3.48194;2
 81.41869;11.19000;      0.75407;3.48197;2
 81.45182;11.19167;      0.75381;3.48199;2
 81.48497;11.19333;      0.75368;3.48202;2
 81.51811;11.19500;      0.75368;3.48205;2
 81.55128;11.19667;      0.75379;3.48208;2
 81.58444;11.19833;      0.75366;3.48211;2
 81.61761;11.20000;      0.75366;3.48213;2
 81.65077;11.20167;      0.75390;3.48216;2
 81.68395;11.20333;      0.75389;3.48219;2
 81.71713;11.20500;      0.75414;3.48222;2
 81.75031;11.20667;      0.75413;3.48225;2
 81.78349;11.20833;      0.75462;3.48228;2
 81.81664;11.21000;      0.75524;3.48230;2
 81.84984;11.21167;      0.75561;3.48233;2
 81.88303;11.21333;      0.75573;3.48236;2
 81.91621;11.21500;      0.75584;3.48239;2
 81.94939;11.21667;      0.75596;3.48242;2
 81.98254;11.21833;      0.75596;3.48244;2
 82.01574;11.22000;      0.75620;3.48247;2
 82.04892;11.22167;      0.75644;3.48250;2
 82.08208;11.22333;      0.75656;3.48253;2
 82.11526;11.22500;      0.75668;3.48256;2
 82.14844;11.22667;      0.75680;3.48258;2
 82.18162;11.22833;      0.75654;3.48261;2
 82.21479;11.23000;      0.75641;3.48264;2
 82.24795;11.23167;      0.75628;3.48267;2
 82.28113;11.23333;      0.75640;3.48270;2
 82.31430;11.23500;      0.75627;3.48273;2
 82.34746;11.23667;      0.75614;3.48275;2
 82.38062;11.23833;      0.75613;3.48278;2
 82.41379;11.24000;      0.75612;3.48281;2
 82.44697;11.24167;      0.75612;3.48284;2
 82.48016;11.24333;      0.75599;3.48287;2
 82.51336;11.24500;      0.75611;3.48289;2
 82.54656;11.24667;      0.75622;3.48292;2
 82.57974;11.24833;      0.75647;3.48295;2
 82.61293;11.25000;      0.75659;3.48298;2
 82.64610;11.25167;      0.75646;3.48301;2
 82.67926;11.25333;      0.75657;3.48303;2
 82.71244;11.25500;      0.75682;3.48306;2
 82.74561;11.25667;      0.75694;3.48309;2
 82.77877;11.25833;      0.75705;3.48312;2
 82.81192;11.26000;      0.75717;3.48315;2
 82.84505;11.26167;      0.75729;3.48318;2
 82.87820;11.26333;      0.75728;3.48320;2
 82.91134;11.26500;      0.75740;3.48323;2
 82.94449;11.26667;      0.75740;3.48326;2
 82.97764;11.26833;      0.75751;3.48329;2
 83.01077;11.27000;      0.75763;3.48332;2
 83.04390;11.27167;      0.75763;3.48334;2
 83.07705;11.27333;      0.75762;3.48337;2
 83.11020;11.27500;      0.75762;3.48340;2
 83.14334;11.27667;      0.75761;3.48343;2
 83.17651;11.27833;      0.75760;3.48346;2
 83.20967;11.28000;      0.75772;3.48348;2
 83.24282;11.28167;      0.75771;3.48351;2
 83.27598;11.28333;      0.75783;3.48354;2
 83.30915;11.28500;      0.75783;3.48357;2
 83.34234;11.28667;      0.75795;3.48360;2
 83.37552;11.28833;      0.75781;3.48362;2
 83.40869;11.29000;      0.75768;3.48365;2
 83.44189;11.29167;      0.75768;3.48368;2
 83.47507;11.29333;      0.75767;3.48371;2
 83.50823;11.29500;      0.75754;3.48374;2
 83.54141;11.29667;      0.75766;3.48377;2
 83.57457;11.29833;      0.75803;3.48379;2
 83.60772;11.30000;      0.75839;3.48382;2
 83.64087;11.30167;      0.75864;3.48385;2
 83.67403;11.30333;      0.75875;3.48388;2
 83.70718;11.30500;      0.75875;3.48391;2
 83.74033;11.30667;      0.75887;3.48393;2
 83.77349;11.30833;      0.75886;3.48396;2
 83.80664;11.31000;      0.75898;3.48399;2
 83.83979;11.31167;      0.75897;3.48402;2
 83.87292;11.31333;      0.75897;3.48405;2
 83.90607;11.31500;      0.75909;3.48407;2
 83.93921;11.31667;      0.75908;3.48410;2
 83.97238;11.31833;      0.75920;3.48413;2
 84.00556;11.32000;      0.75932;3.48416;2
 84.03870;11.32167;      0.75943;3.48419;2
 84.07187;11.32333;      0.75955;3.48421;2
 84.10505;11.32500;      0.75992;3.48424;2
 84.13820;11.32667;      0.76016;3.48427;2
 84.17134;11.32833;      0.76041;3.48430;2
 84.20449;11.33000;      0.76052;3.48433;2
 84.23766;11.33167;      0.76064;3.48436;2
 84.27080;11.33333;      0.76076;3.48438;2
 84.30397;11.33500;      0.76100;3.48441;2
 84.33715;11.33667;      0.76125;3.48444;2
 84.37033;11.33833;      0.76149;3.48447;2
 84.40351;11.34000;      0.76173;3.48450;2
 84.43667;11.34167;      0.76197;3.48452;2
 84.46984;11.34333;      0.76209;3.48455;2
 84.50300;11.34500;      0.76208;3.48458;2
 84.53615;11.34667;      0.76208;3.48461;2
 84.56930;11.34833;      0.76207;3.48464;2
 84.60244;11.35000;      0.76207;3.48466;2
 84.63559;11.35167;      0.76218;3.48469;2
 84.66875;11.35333;      0.76230;3.48472;2
 84.70193;11.35500;      0.76255;3.48475;2
 84.73510;11.35667;      0.76266;3.48478;2
 84.76828;11.35833;      0.76278;3.48480;2
 84.80144;11.36000;      0.76290;3.48483;2
 84.83461;11.36167;      0.76302;3.48486;2
 84.86779;11.36333;      0.76326;3.48489;2
 84.90098;11.36500;      0.76338;3.48492;2
 84.93416;11.36667;      0.76350;3.48495;2
 84.96736;11.36833;      0.76374;3.48497;2
 85.00054;11.37000;      0.76411;3.48500;2
 85.03375;11.37167;      0.76423;3.48503;2
 85.06698;11.37333;      0.76434;3.48506;2
 85.10016;11.37500;      0.76459;3.48509;2
 85.13333;11.37667;      0.76470;3.48511;2
 85.16651;11.37833;      0.76482;3.48514;2
 85.19969;11.38000;      0.76482;3.48517;2
 85.23284;11.38167;      0.76494;3.48520;2
 85.26600;11.38333;      0.76505;3.48523;2
 85.29916;11.38500;      0.76492;3.48525;2
 85.33233;11.38667;      0.76517;3.48528;2
 85.36549;11.38833;      0.76516;3.48531;2
 85.39867;11.39000;      0.76515;3.48534;2
 85.43184;11.39167;      0.76527;3.48537;2
 85.46500;11.39333;      0.76539;3.48539;2
 85.49818;11.39500;      0.76551;3.48542;2
 85.53139;11.39667;      0.76587;3.48545;2
 85.56459;11.39833;      0.76624;3.48548;2
 85.59777;11.40000;      0.76624;3.48551;2
 85.63097;11.40167;      0.76610;3.48553;2
 85.66416;11.40333;      0.76597;3.48556;2
 85.69734;11.40500;      0.76597;3.48559;2
 85.73052;11.40667;      0.76584;3.48562;2
 85.76371;11.40833;      0.76583;3.48565;2
 85.79687;11.41000;      0.76583;3.48567;2
 85.83007;11.41167;      0.76582;3.48570;2
 85.86326;11.41333;      0.76606;3.48573;2
 85.89646;11.41500;      0.76643;3.48576;2
 85.92962;11.41667;      0.76655;3.48579;2
 85.96279;11.41833;      0.76679;3.48582;2
 85.99595;11.42000;      0.76716;3.48584;2
 86.02911;11.42167;      0.76727;3.48587;2
 86.06230;11.42333;      0.76727;3.48590;2
 86.09548;11.42500;      0.76739;3.48593;2
 86.12862;11.42667;      0.76763;3.48596;2
 86.16180;11.42833;      0.76787;3.48598;2
 86.19498;11.43000;      0.76799;3.48601;2
 86.22816;11.43167;      0.76823;3.48604;2
 86.26134;11.43333;      0.76835;3.48607;2
 86.29454;11.43500;      0.76810;3.48610;2
 86.32772;11.43667;      0.76809;3.48612;2
 86.36089;11.43833;      0.76783;3.48615;2
 86.39403;11.44000;      0.76770;3.48618;2
 86.42720;11.44167;      0.76757;3.48621;2
 86.46039;11.44333;      0.76757;3.48624;2
 86.49359;11.44500;      0.76756;3.48626;2
 86.52674;11.44667;      0.76731;3.48629;2
 86.55993;11.44833;      0.76730;3.48632;2
 86.59313;11.45000;      0.76717;3.48635;2
 86.62631;11.45167;      0.76729;3.48638;2
 86.65949;11.45333;      0.76728;3.48640;2
 86.69269;11.45500;      0.76727;3.48643;2
 86.72587;11.45667;      0.76739;3.48646;2
 86.75905;11.45833;      0.76726;3.48649;2
 86.79223;11.46000;      0.76750;3.48652;2
 86.82541;11.46167;      0.76750;3.48655;2
 86.85857;11.46333;      0.76774;3.48657;2
 86.89175;11.46500;      0.76786;3.48660;2
 86.92493;11.46667;      0.76773;3.48663;2
 86.95811;11.46833;      0.76772;3.48666;2
 86.99128;11.47000;      0.76784;3.48669;2
 87.02448;11.47167;      0.76796;3.48671;2
 87.05762;11.47333;      0.76795;3.48674;2
 87.09077;11.47500;      0.76795;3.48677;2
 87.12397;11.47667;      0.76806;3.48680;2
 87.15716;11.47833;      0.76806;3.48683;2
 87.19034;11.48000;      0.76818;3.48685;2
 87.22354;11.48167;      0.76817;3.48688;2
 87.25675;11.48333;      0.76829;3.48691;2
 87.28997;11.48500;      0.76853;3.48694;2
 87.32318;11.48667;      0.76877;3.48697;2
 87.35638;11.48833;      0.76902;3.48699;2
 87.38956;11.49000;      0.76926;3.48702;2
 87.42275;11.49167;      0.76950;3.48705;2
 87.45597;11.49333;      0.76962;3.48708;2
 87.48916;11.49500;      0.76974;3.48711;2
 87.52234;11.49667;      0.76998;3.48713;2
 87.55552;11.49833;      0.77010;3.48716;2
 87.58872;11.50000;      0.77022;3.48719;2
 87.62192;11.50167;      0.77021;3.48722;2
 87.65511;11.50333;      0.77020;3.48725;2
 87.68831;11.50500;      0.77020;3.48727;2
 87.72154;11.50667;      0.77019;3.48730;2
 87.75475;11.50833;      0.77031;3.48733;2
 87.78795;11.51000;      0.77030;3.48736;2
 87.82115;11.51167;      0.77042;3.48739;2
 87.85434;11.51333;      0.77029;3.48742;2
 87.88754;11.51500;      0.77041;3.48744;2
 87.92072;11.51667;      0.77040;3.48747;2
 87.95392;11.51833;      0.77052;3.48750;2
 87.98713;11.52000;      0.77076;3.48753;2
 88.02031;11.52167;      0.77088;3.48756;2
 88.05351;11.52333;      0.77100;3.48758;2
 88.08671;11.52500;      0.77099;3.48761;2
 88.11990;11.52667;      0.77099;3.48764;2
 88.15313;11.52833;      0.77098;3.48767;2
 88.18634;11.53000;      0.77085;3.48770;2
 88.21952;11.53167;      0.77084;3.48772;2
 88.25272;11.53333;      0.77084;3.48775;2
 88.28590;11.53500;      0.77083;3.48778;2
 88.31908;11.53667;      0.77083;3.48781;2
 88.35226;11.53833;      0.77082;3.48784;2
 88.38546;11.54000;      0.77094;3.48786;2
 88.41866;11.54167;      0.77093;3.48789;2
 88.45185;11.54333;      0.77117;3.48792;2
 88.48502;11.54500;      0.77117;3.48795;2
 88.51818;11.54667;      0.77104;3.48798;2
 88.55139;11.54833;      0.77128;3.48800;2
 88.58457;11.55000;      0.77127;3.48803;2
 88.61775;11.55167;      0.77127;3.48806;2
 88.65095;11.55333;      0.77114;3.48809;2
 88.68413;11.55500;      0.77113;3.48812;2
 88.71731;11.55667;      0.77112;3.48814;2
 88.75051;11.55833;      0.77149;3.48817;2
 88.78370;11.56000;      0.77161;3.48820;2
 88.81689;11.56167;      0.77173;3.48823;2
 88.85007;11.56333;      0.77197;3.48826;2
 88.88328;11.56500;      0.77209;3.48828;2
 88.91646;11.56667;      0.77221;3.48831;2
 88.94964;11.56833;      0.77232;3.48834;2
 88.98284;11.57000;      0.77269;3.48837;2
 89.01602;11.57167;      0.77281;3.48840;2
 89.04918;11.57333;      0.77293;3.48842;2
 89.08238;11.57500;      0.77304;3.48845;2
 89.11556;11.57667;      0.77304;3.48848;2
 89.14874;11.57833;      0.77328;3.48851;2
 89.18190;11.58000;      0.77327;3.48854;2
 89.21507;11.58167;      0.77339;3.48856;2
 89.24823;11.58333;      0.77351;3.48859;2
 89.28139;11.58500;      0.77326;3.48862;2
 89.31454;11.58667;      0.77263;3.48865;2
 89.34769;11.58833;      0.77188;3.48868;2
 89.38087;11.59000;      0.77137;3.48870;2
 89.41405;11.59167;      0.77112;3.48873;2
 89.44721;11.59333;      0.77074;3.48876;2
 89.48039;11.59500;      0.77073;3.48879;2
 89.51359;11.59667;      0.77098;3.48882;2
 89.54679;11.59833;      0.77109;3.48884;2
 89.57998;11.60000;      0.77121;3.48887;2
 89.61315;11.60167;      0.77158;3.48890;2
 89.64631;11.60333;      0.77170;3.48893;2
 89.67949;11.60500;      0.77206;3.48896;2
 89.71267;11.60667;      0.77218;3.48899;2
 89.74582;11.60833;      0.77217;3.48901;2
 89.77900;11.61000;      0.77229;3.48904;2
 89.81218;11.61167;      0.77266;3.48907;2
 89.84534;11.61333;      0.77290;3.48910;2
 89.87849;11.61500;      0.77302;3.48913;2
 89.91166;11.61667;      0.77326;3.48915;2
 89.94485;11.61833;      0.77338;3.48918;2
 89.97805;11.62000;      0.77350;3.48921;2
 90.01121;11.62167;      0.77362;3.48924;2
 90.04443;11.62333;      0.77373;3.48927;2
 90.07762;11.62500;      0.77385;3.48929;2
 90.11080;11.62667;      0.77409;3.48932;2
 90.14398;11.62833;      0.77421;3.48935;2
 90.17716;11.63000;      0.77433;3.48938;2
 90.21036;11.63167;      0.77445;3.48941;2
 90.24356;11.63333;      0.77444;3.48943;2
 90.27675;11.63500;      0.77431;3.48946;2
 90.30997;11.63667;      0.77406;3.48949;2
 90.34316;11.63833;      0.77393;3.48952;2
 90.37638;11.64000;      0.77392;3.48955;2
 90.40957;11.64167;      0.77391;3.48957;2
 90.44279;11.64333;      0.77378;3.48960;2
 90.47597;11.64500;      0.77390;3.48963;2
 90.50916;11.64667;      0.77389;3.48966;2
 90.54236;11.64833;      0.77389;3.48969;2
 90.57552;11.65000;      0.77388;3.48971;2
 90.60870;11.65167;      0.77388;3.48974;2
 90.64189;11.65333;      0.77399;3.48977;2
 90.67507;11.65500;      0.77386;3.48980;2
 90.70825;11.65667;      0.77386;3.48983;2
 90.74141;11.65833;      0.77435;3.48985;2
 90.77461;11.66000;      0.77447;3.48988;2
 90.80782;11.66167;      0.77471;3.48991;2
 90.84102;11.66333;      0.77470;3.48994;2
 90.87420;11.66500;      0.77482;3.48997;2
 90.90736;11.66667;      0.77494;3.48999;2
 90.94054;11.66833;      0.77518;3.49002;2
 90.97370;11.67000;      0.77530;3.49005;2
 91.00689;11.67167;      0.77529;3.49008;2
 91.04008;11.67333;      0.77516;3.49011;2
 91.07328;11.67500;      0.77528;3.49013;2
 91.10648;11.67667;      0.77552;3.49016;2
 91.13967;11.67833;      0.77577;3.49019;2
 91.17287;11.68000;      0.77588;3.49022;2
 91.20607;11.68167;      0.77600;3.49025;2
 91.23926;11.68333;      0.77612;3.49027;2
 91.27244;11.68500;      0.77624;3.49030;2
 91.30562;11.68667;      0.77623;3.49033;2
 91.33882;11.68833;      0.77647;3.49036;2
 91.37202;11.69000;      0.77672;3.49039;2
 91.40520;11.69167;      0.77696;3.49041;2
 91.43839;11.69333;      0.77707;3.49044;2
 91.47157;11.69500;      0.77719;3.49047;2
 91.50475;11.69667;      0.77719;3.49050;2
 91.53792;11.69833;      0.77730;3.49053;2
 91.57108;11.70000;      0.77767;3.49055;2
 91.60423;11.70167;      0.77791;3.49058;2
 91.63739;11.70333;      0.77803;3.49061;2
 91.67057;11.70500;      0.77827;3.49064;2
 91.70372;11.70667;      0.77839;3.49067;2
 91.73689;11.70833;      0.77851;3.49069;2
 91.77007;11.71000;      0.77850;3.49072;2
 91.80325;11.71167;      0.77837;3.49075;2
 91.83643;11.71333;      0.77837;3.49078;2
 91.86962;11.71500;      0.77848;3.49081;2
 91.90284;11.71667;      0.77848;3.49083;2
 91.93602;11.71833;      0.77822;3.49086;2
 91.96920;11.72000;      0.77822;3.49089;2
 92.00238;11.72167;      0.77833;3.49092;2
 92.03559;11.72333;      0.77858;3.49094;2
 92.06877;11.72500;      0.77882;3.49097;2
 92.10193;11.72667;      0.77918;3.49100;2
 92.13510;11.72833;      0.77930;3.49103;2
 92.16825;11.73000;      0.77930;3.49106;2
 92.20138;11.73167;      0.77929;3.49108;2
 92.23449;11.73333;      0.77916;3.49111;2
 92.26767;11.73500;      0.77903;3.49114;2
 92.30087;11.73667;      0.77890;3.49117;2
 92.33403;11.73833;      0.77864;3.49120;2
 92.36720;11.74000;      0.77851;3.49122;2
 92.40036;11.74167;      0.77838;3.49125;2
 92.43351;11.74333;      0.77838;3.49128;2
 92.46669;11.74500;      0.77850;3.49131;2
 92.49989;11.74667;      0.77849;3.49134;2
 92.53308;11.74833;      0.77848;3.49136;2
 92.56626;11.75000;      0.77860;3.49139;2
 92.59948;11.75167;      0.77847;3.49142;2
 92.63269;11.75333;      0.77846;3.49145;2
 92.66589;11.75500;      0.77846;3.49148;2
 92.69907;11.75667;      0.77895;3.49150;2
 92.73226;11.75833;      0.77919;3.49153;2
 92.76546;11.76000;      0.77956;3.49156;2
 92.79862;11.76167;      0.77967;3.49159;2
 92.83177;11.76333;      0.78004;3.49162;2
 92.86493;11.76500;      0.78028;3.49164;2
 92.89811;11.76667;      0.78040;3.49167;2
 92.93131;11.76833;      0.78052;3.49170;2
 92.96451;11.77000;      0.78064;3.49173;2
 92.99770;11.77167;      0.78063;3.49176;2
 93.03085;11.77333;      0.78062;3.49178;2
 93.06400;11.77500;      0.78062;3.49181;2
 93.09716;11.77667;      0.78061;3.49184;2
 93.13034;11.77833;      0.78061;3.49187;2
 93.16352;11.78000;      0.78072;3.49190;2
 93.19667;11.78167;      0.78072;3.49192;2
 93.22985;11.78333;      0.78071;3.49195;2
 93.26305;11.78500;      0.78058;3.49198;2
 93.29625;11.78667;      0.78070;3.49201;2
 93.32943;11.78833;      0.78094;3.49204;2
 93.36259;11.79000;      0.78118;3.49206;2
 93.39577;11.79167;      0.78142;3.49209;2
 93.42895;11.79333;      0.78154;3.49212;2
 93.46215;11.79500;      0.78178;3.49215;2
 93.49536;11.79667;      0.78190;3.49218;2
 93.52856;11.79833;      0.78202;3.49220;2
 93.56175;11.80000;      0.78214;3.49223;2
 93.59495;11.80167;      0.78213;3.49226;2
 93.62816;11.80333;      0.78237;3.49229;2
 93.66138;11.80500;      0.78237;3.49232;2
 93.69459;11.80667;      0.78236;3.49234;2
 93.72780;11.80833;      0.78235;3.49237;2
 93.76102;11.81000;      0.78235;3.49240;2
 93.79420;11.81167;      0.78234;3.49243;2
 93.82738;11.81333;      0.78246;3.49246;2
 93.86057;11.81500;      0.78270;3.49248;2
 93.89379;11.81667;      0.78270;3.49251;2
 93.92697;11.81833;      0.78281;3.49254;2
 93.96015;11.82000;      0.78293;3.49257;2
 93.99331;11.82167;      0.78292;3.49259;2
 94.02649;11.82333;      0.78267;3.49262;2
 94.05966;11.82500;      0.78204;3.49265;2
 94.09284;11.82667;      0.78129;3.49268;2
 94.12603;11.82833;      0.78042;3.49271;2
 94.15921;11.83000;      0.77979;3.49273;2
 94.19241;11.83167;      0.77941;3.49276;2
 94.22562;11.83333;      0.77903;3.49279;2
 94.25882;11.83500;      0.77853;3.49282;2
 94.29200;11.83667;      0.77815;3.49285;2
 94.32516;11.83833;      0.77802;3.49287;2
 94.35834;11.84000;      0.77802;3.49290;2
 94.39154;11.84167;      0.77851;3.49293;2
 94.42472;11.84333;      0.77887;3.49296;2
 94.45792;11.84500;      0.77924;3.49299;2
 94.49110;11.84667;      0.77973;3.49301;2
 94.52429;11.84833;      0.77997;3.49304;2
 94.55746;11.85000;      0.78009;3.49307;2
 94.59064;11.85167;      0.78008;3.49310;2
 94.62382;11.85333;      0.78008;3.49313;2
 94.65698;11.85500;      0.78019;3.49315;2
 94.69016;11.85667;      0.78044;3.49318;2
 94.72336;11.85833;      0.78055;3.49321;2
 94.75654;11.86000;      0.78104;3.49324;2
 94.78972;11.86167;      0.78141;3.49327;2
 94.82290;11.86333;      0.78165;3.49329;2
 94.85608;11.86500;      0.78189;3.49332;2
 94.88926;11.86667;      0.78214;3.49335;2
 94.92248;11.86833;      0.78238;3.49338;2
 94.95567;11.87000;      0.78249;3.49341;2
 94.98884;11.87167;      0.78261;3.49343;2
 95.02200;11.87333;      0.78273;3.49346;2
 95.05520;11.87500;      0.78285;3.49349;2
 95.08841;11.87667;      0.78297;3.49352;2
 95.12162;11.87833;      0.78308;3.49355;2
 95.15480;11.88000;      0.78333;3.49357;2
 95.18798;11.88167;      0.78332;3.49360;2
 95.22120;11.88333;      0.78331;3.49363;2
 95.25439;11.88500;      0.78331;3.49366;2
 95.28757;11.88667;      0.78380;3.49368;2
 95.32075;11.88833;      0.78404;3.49371;2
 95.35397;11.89000;      0.78428;3.49374;2
 95.38718;11.89167;      0.78440;3.49377;2
 95.42036;11.89333;      0.78452;3.49380;2
 95.45356;11.89500;      0.78463;3.49382;2
 95.48672;11.89667;      0.78475;3.49385;2
 95.51989;11.89833;      0.78487;3.49388;2
 95.55305;11.90000;      0.78511;3.49391;2
 95.58623;11.90167;      0.78535;3.49394;2
 95.61941;11.90333;      0.78547;3.49396;2
 95.65257;11.90500;      0.78546;3.49399;2
 95.68572;11.90667;      0.78571;3.49402;2
 95.71889;11.90833;      0.78595;3.49405;2
 95.75207;11.91000;      0.78594;3.49408;2
 95.78523;11.91167;      0.78569;3.49410;2
 95.81841;11.91333;      0.78543;3.49413;2
 95.85159;11.91500;      0.78530;3.49416;2
 95.88475;11.91667;      0.78530;3.49419;2
 95.91790;11.91833;      0.78529;3.49421;2
 95.95108;11.92000;      0.78529;3.49424;2
 95.98428;11.92167;      0.78540;3.49427;2
 96.01748;11.92333;      0.78540;3.49430;2
 96.05067;11.92500;      0.78551;3.49433;2
 96.08387;11.92667;      0.78600;3.49435;2
 96.11705;11.92833;      0.78625;3.49438;2
 96.15025;11.93000;      0.78636;3.49441;2
 96.18346;11.93167;      0.78661;3.49444;2
 96.21667;11.93333;      0.78697;3.49447;2
 96.24987;11.93500;      0.78734;3.49449;2
 96.28308;11.93667;      0.78758;3.49452;2
 96.31626;11.93833;      0.78757;3.49455;2
 96.34944;11.94000;      0.78757;3.49458;2
 96.38262;11.94167;      0.78744;3.49461;2
 96.41582;11.94333;      0.78731;3.49463;2
 96.44900;11.94500;      0.78705;3.49466;2
 96.48218;11.94667;      0.78680;3.49469;2
 96.51534;11.94833;      0.78654;3.49472;2
 96.54852;11.95000;      0.78641;3.49475;2
 96.58174;11.95167;      0.78641;3.49477;2
 96.61492;11.95333;      0.78640;3.49480;2
 96.64810;11.95500;      0.78627;3.49483;2
 96.68128;11.95667;      0.78614;3.49486;2
 96.71446;11.95833;      0.78626;3.49488;2
 96.74766;11.96000;      0.78625;3.49491;2
 96.78084;11.96167;      0.78637;3.49494;2
 96.81402;11.96333;      0.78649;3.49497;2
 96.84721;11.96500;      0.78673;3.49500;2
 96.88043;11.96667;      0.78672;3.49502;2
 96.91364;11.96833;      0.78684;3.49505;2
 96.94682;11.97000;      0.78696;3.49508;2
 96.98000;11.97167;      0.78695;3.49511;2
 97.01321;11.97333;      0.78707;3.49514;2
 97.04643;11.97500;      0.78706;3.49516;2
 97.07964;11.97667;      0.78718;3.49519;2
 97.11285;11.97833;      0.78717;3.49522;2
 97.14603;11.98000;      0.78729;3.49525;2
 97.17923;11.98167;      0.78741;3.49528;2
 97.21243;11.98333;      0.78740;3.49530;2
 97.24561;11.98500;      0.78740;3.49533;2
 97.27880;11.98667;      0.78739;3.49536;2
 97.31202;11.98833;      0.78738;3.49539;2
 97.34523;11.99000;      0.78750;3.49542;2
 97.37843;11.99167;      0.78750;3.49544;2
 97.41164;11.99333;      0.78761;3.49547;2
 97.44487;11.99500;      0.78773;3.49550;2
 97.47807;11.99667;      0.78785;3.49553;2
 97.51128;11.99833;      0.78784;3.49555;2
 97.54449;12.00000;      0.78796;3.49558;2
 97.57772;12.00167;      0.78808;3.49561;2
 97.61093;12.00333;      0.78819;3.49564;2
 97.64413;12.00500;      0.78844;3.49567;2
 97.67734;12.00667;      0.78855;3.49569;2
 97.71057;12.00833;      0.78867;3.49572;2
 97.74380;12.01000;      0.78904;3.49575;2
 97.77702;12.01167;      0.78928;3.49578;2
 97.81023;12.01333;      0.78952;3.49581;2
 97.84344;12.01500;      0.78976;3.49583;2
 97.87666;12.01667;      0.79000;3.49586;2
 97.90987;12.01833;      0.79025;3.49589;2
 97.94310;12.02000;      0.79036;3.49592;2
 97.97631;12.02167;      0.79048;3.49595;2
 98.00951;12.02333;      0.79048;3.49597;2
 98.04269;12.02500;      0.79047;3.49600;2
 98.07589;12.02667;      0.79046;3.49603;2
 98.10907;12.02833;      0.79009;3.49606;2
 98.14223;12.03000;      0.78971;3.49609;2
 98.17539;12.03167;      0.78920;3.49611;2
 98.20856;12.03333;      0.78895;3.49614;2
 98.24172;12.03500;      0.78894;3.49617;2
 98.27492;12.03667;      0.78894;3.49620;2
 98.30810;12.03833;      0.78893;3.49622;2
 98.34128;12.04000;      0.78905;3.49625;2
 98.37448;12.04167;      0.78917;3.49628;2
 98.40769;12.04333;      0.78928;3.49631;2
 98.44089;12.04500;      0.78915;3.49634;2
 98.47410;12.04667;      0.78915;3.49636;2
 98.50731;12.04833;      0.78889;3.49639;2
 98.54051;12.05000;      0.78864;3.49642;2
 98.57369;12.05167;      0.78826;3.49645;2
 98.60685;12.05333;      0.78801;3.49647;2
 98.64007;12.05500;      0.78812;3.49650;2
 98.67328;12.05667;      0.78849;3.49653;2
 98.70648;12.05833;      0.78923;3.49656;2
 98.73967;12.06000;      0.78959;3.49659;2
 98.77285;12.06167;      0.78984;3.49661;2
 98.80607;12.06333;      0.79008;3.49664;2
 98.83926;12.06500;      0.79007;3.49667;2
 98.87244;12.06667;      0.78969;3.49670;2
 98.90562;12.06833;      0.78956;3.49673;2
 98.93879;12.07000;      0.78943;3.49675;2
 98.97197;12.07167;      0.78943;3.49678;2
 99.00516;12.07333;      0.78954;3.49681;2
 99.03834;12.07500;      0.78954;3.49684;2
 99.07152;12.07667;      0.78965;3.49687;2
 99.10470;12.07833;      0.78977;3.49689;2
 99.13785;12.08000;      0.78989;3.49692;2
 99.17102;12.08167;      0.79013;3.49695;2
 99.20418;12.08333;      0.79037;3.49698;2
 99.23738;12.08500;      0.79061;3.49700;2
 99.27057;12.08667;      0.79073;3.49703;2
 99.30375;12.08833;      0.79097;3.49706;2
 99.33692;12.09000;      0.79122;3.49709;2
 99.37008;12.09167;      0.79133;3.49712;2
 99.40326;12.09333;      0.79170;3.49714;2
 99.43643;12.09500;      0.79182;3.49717;2
 99.46959;12.09667;      0.79206;3.49720;2
 99.50275;12.09833;      0.79230;3.49723;2
 99.53592;12.10000;      0.79242;3.49726;2
 99.56908;12.10167;      0.79253;3.49728;2
 99.60225;12.10333;      0.79253;3.49731;2
 99.63541;12.10500;      0.79252;3.49734;2
 99.66857;12.10667;      0.79252;3.49737;2
 99.70174;12.10833;      0.79251;3.49739;2
 99.73492;12.11000;      0.79238;3.49742;2
 99.76807;12.11167;      0.79237;3.49745;2
 99.80123;12.11333;      0.79237;3.49748;2
 99.83441;12.11500;      0.79248;3.49751;2
 99.86759;12.11667;      0.79248;3.49753;2
 99.90077;12.11833;      0.79260;3.49756;2
 99.93393;12.12000;      0.79284;3.49759;2
 99.96710;12.12167;      0.79295;3.49762;2
100.00026;12.12333;      0.79307;3.49764;2
100.03346;12.12500;      0.79307;3.49767;2
100.06667;12.12667;      0.79306;3.49770;2
100.09985;12.12833;      0.79305;3.49773;2
100.13305;12.13000;      0.79305;3.49776;2
100.16625;12.13167;      0.79316;3.49778;2
100.19943;12.13333;      0.79303;3.49781;2
100.23261;12.13500;      0.79290;3.49784;2
100.26580;12.13667;      0.79290;3.49787;2
100.29897;12.13833;      0.79277;3.49789;2
100.33215;12.14000;      0.79289;3.49792;2
100.36534;12.14167;      0.79263;3.49795;2
100.39852;12.14333;      0.79275;3.49798;2
100.43171;12.14500;      0.79262;3.49801;2
100.46487;12.14667;      0.79274;3.49803;2
100.49803;12.14833;      0.79273;3.49806;2
100.53121;12.15000;      0.79285;3.49809;2
100.56439;12.15167;      0.79309;3.49812;2
100.59759;12.15333;      0.79321;3.49815;2
100.63080;12.15500;      0.79332;3.49817;2
100.66400;12.15667;      0.79344;3.49820;2
100.69718;12.15833;      0.79356;3.49823;2
100.73038;12.16000;      0.79368;3.49826;2
100.76357;12.16167;      0.79367;3.49828;2
100.79677;12.16333;      0.79354;3.49831;2
100.82995;12.16500;      0.79403;3.49834;2
100.86316;12.16667;      0.79427;3.49837;2
100.89636;12.16833;      0.79451;3.49840;2
100.92956;12.17000;      0.79438;3.49842;2
100.96277;12.17167;      0.79413;3.49845;2
100.99595;12.17333;      0.79400;3.49848;2
101.02911;12.17500;      0.79362;3.49851;2
101.06231;12.17667;      0.79361;3.49854;2
101.09551;12.17833;      0.79348;3.49856;2
101.12871;12.18000;      0.79335;3.49859;2
101.16192;12.18167;      0.79347;3.49862;2
101.19513;12.18333;      0.79346;3.49865;2
101.22834;12.18500;      0.79358;3.49867;2
101.26152;12.18667;      0.79382;3.49870;2
101.29472;12.18833;      0.79394;3.49873;2
101.32792;12.19000;      0.79418;3.49876;2
101.36113;12.19167;      0.79405;3.49879;2
101.39434;12.19333;      0.79405;3.49881;2
101.42754;12.19500;      0.79416;3.49884;2
101.46072;12.19667;      0.79428;3.49887;2
101.49390;12.19833;      0.79452;3.49890;2
101.52713;12.20000;      0.79464;3.49892;2
101.56034;12.20167;      0.79500;3.49895;2
101.59354;12.20333;      0.79525;3.49898;2
101.62674;12.20500;      0.79549;3.49901;2
101.65995;12.20667;      0.79561;3.49904;2
101.69318;12.20833;      0.79572;3.49906;2
101.72638;12.21000;      0.79597;3.49909;2
101.75957;12.21167;      0.79608;3.49912;2
101.79280;12.21333;      0.79620;3.49915;2
101.82600;12.21500;      0.79632;3.49917;2
101.85918;12.21667;      0.79668;3.49920;2
101.89238;12.21833;      0.79680;3.49923;2
101.92554;12.22000;      0.79692;3.49926;2
101.95874;12.22167;      0.79704;3.49929;2
101.99193;12.22333;      0.79691;3.49931;2
102.02511;12.22500;      0.79690;3.49934;2
102.05828;12.22667;      0.79689;3.49937;2
102.09146;12.22833;      0.79689;3.49940;2
102.12466;12.23000;      0.79700;3.49942;2
102.15787;12.23167;      0.79687;3.49945;2
102.19110;12.23333;      0.79699;3.49948;2
102.22431;12.23500;      0.79711;3.49951;2
102.25751;12.23667;      0.79735;3.49954;2
102.29070;12.23833;      0.79747;3.49956;2
102.32392;12.24000;      0.79771;3.49959;2
102.35715;12.24167;      0.79795;3.49962;2
102.39034;12.24333;      0.79819;3.49965;2
102.42356;12.24500;      0.79819;3.49968;2
102.45674;12.24667;      0.79818;3.49970;2
102.48993;12.24833;      0.79817;3.49973;2
102.52315;12.25000;      0.79841;3.49976;2
102.55636;12.25167;      0.79866;3.49979;2
102.58957;12.25333;      0.79902;3.49981;2
102.62277;12.25500;      0.79902;3.49984;2
102.65597;12.25667;      0.79901;3.49987;2
102.68916;12.25833;      0.79888;3.49990;2
102.72234;12.26000;      0.79900;3.49993;2
102.75552;12.26167;      0.79911;3.49995;2
102.78870;12.26333;      0.79923;3.49998;2
102.82190;12.26500;      0.79935;3.50001;2
102.85510;12.26667;      0.79947;3.50004;2
102.88828;12.26833;      0.79946;3.50006;2
102.92148;12.27000;      0.79958;3.50009;2
102.95467;12.27167;      0.79957;3.50012;2
102.98785;12.27333;      0.79932;3.50015;2
103.02107;12.27500;      0.79931;3.50018;2
103.05428;12.27667;      0.79943;3.50020;2
103.08748;12.27833;      0.79954;3.50023;2
103.12067;12.28000;      0.79979;3.50026;2
103.15387;12.28167;      0.79990;3.50029;2
103.18707;12.28333;      0.80015;3.50031;2
103.22026;12.28500;      0.80014;3.50034;2
103.25348;12.28667;      0.80013;3.50037;2
103.28669;12.28833;      0.80013;3.50040;2
103.31989;12.29000;      0.80012;3.50043;2
103.35308;12.29167;      0.80024;3.50045;2
103.38626;12.29333;      0.80048;3.50048;2
103.41946;12.29500;      0.80060;3.50051;2
103.45267;12.29667;      0.80071;3.50054;2
103.48590;12.29833;      0.80096;3.50056;2
103.51913;12.30000;      0.80107;3.50059;2
103.55231;12.30167;      0.80131;3.50062;2
103.58549;12.30333;      0.80143;3.50065;2
103.61869;12.30500;      0.80155;3.50068;2
103.65189;12.30667;      0.80179;3.50070;2
103.68507;12.30833;      0.80178;3.50073;2
103.71826;12.31000;      0.80178;3.50076;2
103.75148;12.31167;      0.80177;3.50079;2
103.78469;12.31333;      0.80201;3.50081;2
103.81787;12.31500;      0.80213;3.50084;2
103.85107;12.31667;      0.80225;3.50087;2
103.88428;12.31833;      0.80249;3.50090;2
103.91746;12.32000;      0.80261;3.50093;2
103.95067;12.32167;      0.80272;3.50095;2
103.98389;12.32333;      0.80296;3.50098;2
104.01708;12.32500;      0.80308;3.50101;2
104.05028;12.32667;      0.80332;3.50104;2
104.08348;12.32833;      0.80319;3.50106;2
104.11666;12.33000;      0.80343;3.50109;2
104.14984;12.33167;      0.80343;3.50112;2
104.18302;12.33333;      0.80355;3.50115;2
104.21620;12.33500;      0.80366;3.50117;2
104.24938;12.33667;      0.80390;3.50120;2
104.28259;12.33833;      0.80402;3.50123;2
104.31580;12.34000;      0.80402;3.50126;2
104.34900;12.34167;      0.80450;3.50129;2
104.38218;12.34333;      0.80487;3.50131;2
104.41539;12.34500;      0.80499;3.50134;2
104.44857;12.34667;      0.80535;3.50137;2
104.48177;12.34833;      0.80572;3.50140;2
104.51497;12.35000;      0.80584;3.50142;2
104.54815;12.35167;      0.80608;3.50145;2
104.58134;12.35333;      0.80632;3.50148;2
104.61456;12.35500;      0.80668;3.50151;2
104.64775;12.35667;      0.80680;3.50154;2
104.68095;12.35833;      0.80692;3.50156;2
104.71413;12.36000;      0.80691;3.50159;2
104.74733;12.36167;      0.80666;3.50162;2
104.78054;12.36333;      0.80678;3.50165;2
104.81375;12.36500;      0.80677;3.50167;2
104.84693;12.36667;      0.80689;3.50170;2
104.88011;12.36833;      0.80676;3.50173;2
104.91331;12.37000;      0.80687;3.50176;2
104.94651;12.37167;      0.80687;3.50178;2
104.97969;12.37333;      0.80686;3.50181;2
105.01289;12.37500;      0.80673;3.50184;2
105.04608;12.37667;      0.80660;3.50187;2
105.07928;12.37833;      0.80659;3.50190;2
105.11248;12.38000;      0.80646;3.50192;2
105.14567;12.38167;      0.80633;3.50195;2
105.17885;12.38333;      0.80608;3.50198;2
105.21207;12.38500;      0.80595;3.50201;2
105.24526;12.38667;      0.80594;3.50203;2
105.27844;12.38833;      0.80594;3.50206;2
105.31164;12.39000;      0.80593;3.50209;2
105.34484;12.39167;      0.80592;3.50212;2
105.37803;12.39333;      0.80592;3.50214;2
105.41123;12.39500;      0.80603;3.50217;2
105.44441;12.39667;      0.80615;3.50220;2
105.47757;12.39833;      0.80615;3.50223;2
105.51074;12.40000;      0.80614;3.50226;2
105.54392;12.40167;      0.80626;3.50228;2
105.57711;12.40333;      0.80625;3.50231;2
105.61031;12.40500;      0.80637;3.50234;2
105.64351;12.40667;      0.80636;3.50237;2
105.67669;12.40833;      0.80648;3.50239;2
105.70989;12.41000;      0.80622;3.50242;2
105.74307;12.41167;      0.80634;3.50245;2
105.77628;12.41333;      0.80658;3.50248;2
105.80948;12.41500;      0.80682;3.50251;2
105.84269;12.41667;      0.80682;3.50253;2
105.87589;12.41833;      0.80693;3.50256;2
105.90907;12.42000;      0.80718;3.50259;2
105.94226;12.42167;      0.80729;3.50262;2
105.97543;12.42333;      0.80741;3.50264;2
106.00859;12.42500;      0.80765;3.50267;2
106.04177;12.42667;      0.80777;3.50270;2
106.07497;12.42833;      0.80789;3.50273;2
106.10818;12.43000;      0.80800;3.50275;2
106.14141;12.43167;      0.80800;3.50278;2
106.17461;12.43333;      0.80811;3.50281;2
106.20780;12.43500;      0.80823;3.50284;2
106.24100;12.43667;      0.80835;3.50287;2
106.27423;12.43833;      0.80834;3.50289;2
106.30743;12.44000;      0.80834;3.50292;2
106.34062;12.44167;      0.80821;3.50295;2
106.37382;12.44333;      0.80808;3.50298;2
106.40703;12.44500;      0.80819;3.50300;2
106.44023;12.44667;      0.80819;3.50303;2
106.47344;12.44833;      0.80818;3.50306;2
106.50667;12.45000;      0.80817;3.50309;2
106.53987;12.45167;      0.80829;3.50311;2
106.57307;12.45333;      0.80841;3.50314;2
106.60623;12.45500;      0.80853;3.50317;2
106.63941;12.45667;      0.80864;3.50320;2
106.67259;12.45833;      0.80888;3.50322;2
106.70577;12.46000;      0.80913;3.50325;2
106.73895;12.46167;      0.80937;3.50328;2
106.77215;12.46333;      0.80949;3.50331;2
106.80531;12.46500;      0.80973;3.50334;2
106.83849;12.46667;      0.80984;3.50336;2
106.87169;12.46833;      0.80984;3.50339;2
106.90489;12.47000;      0.80995;3.50342;2
106.93807;12.47167;      0.80982;3.50345;2
106.97126;12.47333;      0.80982;3.50347;2
107.00444;12.47500;      0.80981;3.50350;2
107.03762;12.47667;      0.80993;3.50353;2
107.07080;12.47833;      0.80992;3.50356;2
107.10398;12.48000;      0.81004;3.50358;2
107.13718;12.48167;      0.81016;3.50361;2
107.17036;12.48333;      0.81027;3.50364;2
107.20356;12.48500;      0.81039;3.50367;2
107.23672;12.48667;      0.81063;3.50370;2
107.26990;12.48833;      0.81075;3.50372;2
107.30310;12.49000;      0.81087;3.50375;2
107.33628;12.49167;      0.81123;3.50378;2
107.36944;12.49333;      0.81135;3.50381;2
107.40261;12.49500;      0.81134;3.50383;2
107.43579;12.49667;      0.81146;3.50386;2
107.46895;12.49833;      0.81145;3.50389;2
107.50211;12.50000;      0.81108;3.50392;2
107.53530;12.50167;      0.81070;3.50394;2
107.56848;12.50333;      0.81044;3.50397;2
107.60166;12.50500;      0.81019;3.50400;2
107.63485;12.50667;      0.80981;3.50403;2
107.66803;12.50833;      0.80968;3.50405;2
107.70121;12.51000;      0.80980;3.50408;2
107.73438;12.51167;      0.80979;3.50411;2
107.76754;12.51333;      0.81004;3.50414;2
107.80069;12.51500;      0.81028;3.50416;2
107.83384;12.51667;      0.81027;3.50419;2
107.86698;12.51833;      0.81026;3.50422;2
107.90015;12.52000;      0.81038;3.50425;2
107.93331;12.52167;      0.81037;3.50428;2
107.96649;12.52333;      0.81037;3.50430;2
107.99967;12.52500;      0.81024;3.50433;2
108.03285;12.52667;      0.81023;3.50436;2
108.06605;12.52833;      0.80985;3.50439;2
108.09925;12.53000;      0.80960;3.50441;2
108.13241;12.53167;      0.80935;3.50444;2
108.16556;12.53333;      0.80946;3.50447;2
108.19871;12.53500;      0.80970;3.50450;2
108.23185;12.53667;      0.80995;3.50452;2
108.26502;12.53833;      0.81006;3.50455;2
108.29816;12.54000;      0.80993;3.50458;2
108.33133;12.54167;      0.80993;3.50461;2
108.36448;12.54333;      0.81004;3.50463;2
108.39762;12.54500;      0.81004;3.50466;2
108.43075;12.54667;      0.81015;3.50469;2
108.46389;12.54833;      0.81027;3.50472;2
108.49702;12.55000;      0.81039;3.50474;2
108.53015;12.55167;      0.81051;3.50477;2
108.56333;12.55333;      0.81062;3.50480;2
108.59649;12.55500;      0.81062;3.50483;2
108.62964;12.55667;      0.81086;3.50485;2
108.66280;12.55833;      0.81098;3.50488;2
108.69598;12.56000;      0.81109;3.50491;2
108.72915;12.56167;      0.81133;3.50494;2
108.76230;12.56333;      0.81157;3.50497;2
108.79544;12.56500;      0.81169;3.50499;2
108.82862;12.56667;      0.81193;3.50502;2
108.86179;12.56833;      0.81217;3.50505;2
108.89493;12.57000;      0.81229;3.50508;2
108.92808;12.57167;      0.81253;3.50510;2
108.96123;12.57333;      0.81265;3.50513;2
108.99438;12.57500;      0.81289;3.50516;2
109.02754;12.57667;      0.81301;3.50519;2
109.06072;12.57833;      0.81275;3.50521;2
109.09389;12.58000;      0.81262;3.50524;2
109.12707;12.58167;      0.81262;3.50527;2
109.16021;12.58333;      0.81286;3.50530;2
109.19338;12.58500;      0.81298;3.50532;2
109.22654;12.58667;      0.81322;3.50535;2
109.25969;12.58833;      0.81333;3.50538;2
109.29285;12.59000;      0.81358;3.50541;2
109.32602;12.59167;      0.81394;3.50543;2
109.35918;12.59333;      0.81406;3.50546;2
109.39236;12.59500;      0.81417;3.50549;2
109.42556;12.59667;      0.81454;3.50552;2
109.45874;12.59833;      0.81490;3.50554;2
109.49192;12.60000;      0.81502;3.50557;2
109.52511;12.60167;      0.81526;3.50560;2
109.55830;12.60333;      0.81526;3.50563;2
109.59146;12.60500;      0.81550;3.50565;2
109.62464;12.60667;      0.81574;3.50568;2
109.65780;12.60833;      0.81585;3.50571;2
109.69097;12.61000;      0.81585;3.50574;2
109.72415;12.61167;      0.81584;3.50576;2
109.75733;12.61333;      0.81583;3.50579;2
109.79052;12.61500;      0.81583;3.50582;2
109.82367;12.61667;      0.81570;3.50585;2
109.85685;12.61833;      0.81557;3.50588;2
109.89005;12.62000;      0.81556;3.50590;2
109.92325;12.62167;      0.81630;3.50593;2
109.95644;12.62333;      0.81654;3.50596;2
109.98962;12.62500;      0.81653;3.50598;2
110.02282;12.62667;      0.81665;3.50601;2
110.05600;12.62833;      0.81677;3.50604;2
110.08916;12.63000;      0.81688;3.50607;2
110.12233;12.63167;      0.81688;3.50610;2
110.15549;12.63333;      0.81712;3.50612;2
110.18869;12.63500;      0.81736;3.50615;2
110.22192;12.63667;      0.81748;3.50618;2
110.25513;12.63833;      0.81747;3.50621;2
110.28833;12.64000;      0.81734;3.50623;2
110.32152;12.64167;      0.81721;3.50626;2
110.35472;12.64333;      0.81708;3.50629;2
110.38793;12.64500;      0.81720;3.50632;2
110.42113;12.64667;      0.81731;3.50634;2
110.45433;12.64833;      0.81731;3.50637;2
110.48754;12.65000;      0.81718;3.50640;2
110.52075;12.65167;      0.81717;3.50643;2
110.55395;12.65333;      0.81704;3.50645;2
110.58715;12.65500;      0.81716;3.50648;2
110.62036;12.65667;      0.81740;3.50651;2
110.65359;12.65833;      0.81752;3.50654;2
110.68679;12.66000;      0.81751;3.50656;2
110.71997;12.66167;      0.81763;3.50659;2
110.75315;12.66333;      0.81774;3.50662;2
110.78636;12.66500;      0.81774;3.50665;2
110.81956;12.66667;      0.81785;3.50667;2
110.85274;12.66833;      0.81810;3.50670;2
110.88592;12.67000;      0.81834;3.50673;2
110.91911;12.67167;      0.81870;3.50676;2
110.95231;12.67333;      0.81882;3.50678;2
110.98552;12.67500;      0.81869;3.50681;2
111.01872;12.67667;      0.81856;3.50684;2
111.05192;12.67833;      0.81867;3.50687;2
111.08510;12.68000;      0.81879;3.50689;2
111.11828;12.68167;      0.81879;3.50692;2
111.15146;12.68333;      0.81903;3.50695;2
111.18466;12.68500;      0.81914;3.50698;2
111.21785;12.68667;      0.81914;3.50700;2
111.25103;12.68833;      0.81926;3.50703;2
111.28423;12.69000;      0.81937;3.50706;2
111.31743;12.69167;      0.81961;3.50709;2
111.35062;12.69333;      0.81998;3.50711;2
111.38382;12.69500;      0.82034;3.50714;2
111.41703;12.69667;      0.82058;3.50717;2
111.45021;12.69833;      0.82095;3.50720;2
111.48339;12.70000;      0.82119;3.50722;2
111.51659;12.70167;      0.82143;3.50725;2
111.54979;12.70333;      0.82154;3.50728;2
111.58298;12.70500;      0.82179;3.50731;2
111.61618;12.70667;      0.82190;3.50733;2
111.64938;12.70833;      0.82202;3.50736;2
111.68257;12.71000;      0.82214;3.50739;2
111.71579;12.71167;      0.82225;3.50742;2
111.74900;12.71333;      0.82237;3.50744;2
111.78221;12.71500;      0.82274;3.50747;2
111.81539;12.71667;      0.82285;3.50750;2
111.84861;12.71833;      0.82322;3.50753;2
111.88179;12.72000;      0.82346;3.50755;2
111.91495;12.72167;      0.82357;3.50758;2
111.94813;12.72333;      0.82357;3.50761;2
111.98131;12.72500;      0.82393;3.50764;2
112.01448;12.72667;      0.82417;3.50766;2
112.04764;12.72833;      0.82429;3.50769;2
112.08084;12.73000;      0.82441;3.50772;2
112.11403;12.73167;      0.82428;3.50775;2
112.14723;12.73333;      0.82415;3.50777;2
112.18043;12.73500;      0.82414;3.50780;2
112.21359;12.73667;      0.82438;3.50783;2
112.24674;12.73833;      0.82450;3.50786;2
112.27990;12.74000;      0.82462;3.50788;2
112.31308;12.74167;      0.82473;3.50791;2
112.34626;12.74333;      0.82497;3.50794;2
112.37944;12.74500;      0.82497;3.50797;2
112.41261;12.74667;      0.82558;3.50799;2
112.44579;12.74833;      0.82582;3.50802;2
112.47898;12.75000;      0.82594;3.50805;2
112.51218;12.75167;      0.82618;3.50808;2
112.54538;12.75333;      0.82605;3.50810;2
112.57857;12.75500;      0.82579;3.50813;2
112.61175;12.75667;      0.82517;3.50816;2
112.64493;12.75833;      0.82479;3.50819;2
112.67811;12.76000;      0.82466;3.50821;2
112.71131;12.76167;      0.82478;3.50824;2
112.74449;12.76333;      0.82502;3.50827;2
112.77769;12.76500;      0.82563;3.50830;2
112.81087;12.76667;      0.82587;3.50832;2
112.84405;12.76833;      0.82611;3.50835;2
112.87725;12.77000;      0.82623;3.50838;2
112.91044;12.77167;      0.82647;3.50841;2
112.94366;12.77333;      0.82659;3.50843;2
112.97685;12.77500;      0.82695;3.50846;2
113.01005;12.77667;      0.82707;3.50849;2
113.04325;12.77833;      0.82731;3.50852;2
113.07644;12.78000;      0.82767;3.50854;2
113.10964;12.78167;      0.82791;3.50857;2
113.14284;12.78333;      0.82803;3.50860;2
113.17602;12.78500;      0.82827;3.50862;2
113.20921;12.78667;      0.82863;3.50865;2
113.24243;12.78833;      0.82888;3.50868;2
113.27564;12.79000;      0.82887;3.50871;2
113.30885;12.79167;      0.82911;3.50873;2
113.34205;12.79333;      0.82923;3.50876;2
113.37523;12.79500;      0.82934;3.50879;2
113.40841;12.79667;      0.82959;3.50882;2
113.44157;12.79833;      0.82983;3.50884;2
113.47474;12.80000;      0.82994;3.50887;2
113.50792;12.80167;      0.83018;3.50890;2
113.54110;12.80333;      0.83042;3.50893;2
113.57428;12.80500;      0.83054;3.50895;2
113.60746;12.80667;      0.83066;3.50898;2
113.64064;12.80833;      0.83077;3.50901;2
113.67380;12.81000;      0.83089;3.50904;2
113.70695;12.81167;      0.83101;3.50906;2
113.74010;12.81333;      0.83125;3.50909;2
113.77326;12.81500;      0.83137;3.50912;2
113.80644;12.81667;      0.83148;3.50915;2
113.83964;12.81833;      0.83148;3.50917;2
113.87284;12.82000;      0.83172;3.50920;2
113.90603;12.82167;      0.83196;3.50923;2
113.93921;12.82333;      0.83208;3.50926;2
113.97239;12.82500;      0.83232;3.50928;2
114.00557;12.82667;      0.83280;3.50931;2
114.03879;12.82833;      0.83317;3.50934;2
114.07200;12.83000;      0.83341;3.50937;2
114.10518;12.83167;      0.83389;3.50939;2
114.13834;12.83333;      0.83414;3.50942;2
114.17152;12.83500;      0.83450;3.50945;2
114.20474;12.83667;      0.83474;3.50947;2
114.23795;12.83833;      0.83498;3.50950;2
114.27115;12.84000;      0.83535;3.50953;2
114.30434;12.84167;      0.83546;3.50956;2
114.33754;12.84333;      0.83570;3.50958;2
114.37072;12.84500;      0.83582;3.50961;2
114.40392;12.84667;      0.83594;3.50964;2
114.43711;12.84833;      0.83593;3.50967;2
114.47030;12.85000;      0.83605;3.50969;2
114.50346;12.85167;      0.83616;3.50972;2
114.53661;12.85333;      0.83628;3.50975;2
114.56975;12.85500;      0.83640;3.50978;2
114.60292;12.85667;      0.83651;3.50980;2
114.63607;12.85833;      0.83663;3.50983;2
114.66923;12.86000;      0.83675;3.50986;2
114.70241;12.86167;      0.83674;3.50989;2
114.73559;12.86333;      0.83686;3.50991;2
114.76879;12.86500;      0.83698;3.50994;2
114.80198;12.86667;      0.83697;3.50997;2
114.83518;12.86833;      0.83696;3.50999;2
114.86838;12.87000;      0.83683;3.51002;2
114.90156;12.87167;      0.83670;3.51005;2
114.93474;12.87333;      0.83657;3.51008;2
114.96790;12.87500;      0.83657;3.51010;2
115.00110;12.87667;      0.83656;3.51013;2
115.03426;12.87833;      0.83692;3.51016;2
115.06744;12.88000;      0.83704;3.51019;2
115.10066;12.88167;      0.83728;3.51021;2
115.13385;12.88333;      0.83765;3.51024;2
115.16703;12.88500;      0.83801;3.51027;2
115.20023;12.88667;      0.83837;3.51030;2
115.23341;12.88833;      0.83861;3.51032;2
115.26659;12.89000;      0.83885;3.51035;2
115.29975;12.89167;      0.83922;3.51038;2
115.33292;12.89333;      0.83934;3.51041;2
115.36608;12.89500;      0.83933;3.51043;2
115.39926;12.89667;      0.83945;3.51046;2
115.43244;12.89833;      0.83932;3.51049;2
115.46562;12.90000;      0.83931;3.51051;2
115.49884;12.90167;      0.83930;3.51054;2
115.53203;12.90333;      0.83930;3.51057;2
115.56523;12.90500;      0.83954;3.51060;2
115.59841;12.90667;      0.83965;3.51062;2
115.63159;12.90833;      0.83977;3.51065;2
115.66475;12.91000;      0.84001;3.51068;2
115.69792;12.91167;      0.84025;3.51071;2
115.73113;12.91333;      0.84037;3.51073;2
115.76436;12.91500;      0.84048;3.51076;2
115.79756;12.91667;      0.84060;3.51079;2
115.83074;12.91833;      0.84059;3.51082;2
115.86392;12.92000;      0.84071;3.51084;2
115.89711;12.92167;      0.84071;3.51087;2
115.93031;12.92333;      0.84082;3.51090;2
115.96351;12.92500;      0.84082;3.51092;2
115.99667;12.92667;      0.84093;3.51095;2
116.02985;12.92833;      0.84105;3.51098;2
116.06303;12.93000;      0.84080;3.51101;2
116.09620;12.93167;      0.84054;3.51103;2
116.12939;12.93333;      0.84041;3.51106;2
116.16259;12.93500;      0.84016;3.51109;2
116.19579;12.93667;      0.83978;3.51112;2
116.22895;12.93833;      0.83965;3.51114;2
116.26213;12.94000;      0.83989;3.51117;2
116.29533;12.94167;      0.84026;3.51120;2
116.32849;12.94333;      0.84050;3.51122;2
116.36166;12.94500;      0.84061;3.51125;2
116.39485;12.94667;      0.84061;3.51128;2
116.42805;12.94833;      0.84048;3.51131;2
116.46123;12.95000;      0.84059;3.51133;2
116.49444;12.95167;      0.84071;3.51136;2
116.52764;12.95333;      0.84071;3.51139;2
116.56084;12.95500;      0.84058;3.51142;2
116.59405;12.95667;      0.84082;3.51144;2
116.62725;12.95833;      0.84093;3.51147;2
116.66048;12.96000;      0.84117;3.51150;2
116.69369;12.96167;      0.84141;3.51152;2
116.72687;12.96333;      0.84153;3.51155;2
116.76003;12.96500;      0.84177;3.51158;2
116.79323;12.96667;      0.84189;3.51161;2
116.82643;12.96833;      0.84213;3.51163;2
116.85961;12.97000;      0.84249;3.51166;2
116.89279;12.97167;      0.84273;3.51169;2
116.92598;12.97333;      0.84297;3.51172;2
116.95918;12.97500;      0.84309;3.51174;2
116.99238;12.97667;      0.84333;3.51177;2
117.02556;12.97833;      0.84357;3.51180;2
117.05877;12.98000;      0.84381;3.51182;2
117.09197;12.98167;      0.84405;3.51185;2
117.12513;12.98333;      0.84429;3.51188;2
117.15831;12.98500;      0.84441;3.51191;2
117.19152;12.98667;      0.84465;3.51193;2
117.22474;12.98833;      0.84489;3.51196;2
117.25795;12.99000;      0.84500;3.51199;2
117.29115;12.99167;      0.84512;3.51202;2
117.32434;12.99333;      0.84536;3.51204;2
117.35756;12.99500;      0.84548;3.51207;2
117.39079;12.99667;      0.84560;3.51210;2
117.42398;12.99833;      0.84571;3.51212;2
117.45718;13.00000;      0.84583;3.51215;2
117.49041;13.00167;      0.84607;3.51218;2
117.52361;13.00333;      0.84619;3.51221;2
117.55682;13.00500;      0.84643;3.51223;2
117.59005;13.00667;      0.84654;3.51226;2
117.62326;13.00833;      0.84691;3.51229;2
117.65648;13.01000;      0.84715;3.51232;2
117.68970;13.01167;      0.84739;3.51234;2
117.72295;13.01333;      0.84750;3.51237;2
117.75615;13.01500;      0.84775;3.51240;2
117.78934;13.01667;      0.84799;3.51242;2
117.82254;13.01833;      0.84810;3.51245;2
117.85574;13.02000;      0.84822;3.51248;2
117.88892;13.02167;      0.84821;3.51251;2
117.92211;13.02333;      0.84833;3.51253;2
117.95531;13.02500;      0.84832;3.51256;2
117.98852;13.02667;      0.84844;3.51259;2
118.02175;13.02833;      0.84856;3.51261;2
118.05497;13.03000;      0.84867;3.51264;2
118.08815;13.03167;      0.84891;3.51267;2
118.12134;13.03333;      0.84915;3.51270;2
118.15454;13.03500;      0.84939;3.51272;2
118.18775;13.03667;      0.84939;3.51275;2
118.22095;13.03833;      0.84963;3.51278;2
118.25416;13.04000;      0.84975;3.51280;2
118.28736;13.04167;      0.84999;3.51283;2
118.32057;13.04333;      0.85035;3.51286;2
118.35380;13.04500;      0.85047;3.51289;2
118.38700;13.04667;      0.85058;3.51291;2
118.42018;13.04833;      0.85070;3.51294;2
118.45336;13.05000;      0.85057;3.51297;2
118.48656;13.05167;      0.85069;3.51300;2
118.51974;13.05333;      0.85080;3.51302;2
118.55295;13.05500;      0.85104;3.51305;2
118.58616;13.05667;      0.85116;3.51308;2
118.61938;13.05833;      0.85128;3.51310;2
118.65259;13.06000;      0.85164;3.51313;2
118.68579;13.06167;      0.85213;3.51316;2
118.71898;13.06333;      0.85249;3.51319;2
118.75220;13.06500;      0.85273;3.51321;2
118.78541;13.06667;      0.85309;3.51324;2
118.81861;13.06833;      0.85333;3.51327;2
118.85180;13.07000;      0.85370;3.51329;2
118.88502;13.07167;      0.85394;3.51332;2
118.91825;13.07333;      0.85381;3.51335;2
118.95148;13.07500;      0.85368;3.51338;2
118.98469;13.07667;      0.85355;3.51340;2
119.01790;13.07833;      0.85342;3.51343;2
119.05113;13.08000;      0.85341;3.51346;2
119.08434;13.08167;      0.85341;3.51348;2
119.11757;13.08333;      0.85327;3.51351;2
119.15079;13.08500;      0.85339;3.51354;2
119.18398;13.08667;      0.85351;3.51357;2
119.21718;13.08833;      0.85363;3.51359;2
119.25036;13.09000;      0.85374;3.51362;2
119.28356;13.09167;      0.85411;3.51365;2
119.31675;13.09333;      0.85422;3.51367;2
119.34998;13.09500;      0.85422;3.51370;2
119.38320;13.09667;      0.85421;3.51373;2
119.41638;13.09833;      0.85396;3.51376;2
119.44959;13.10000;      0.85395;3.51378;2
119.48280;13.10167;      0.85407;3.51381;2
119.51600;13.10333;      0.85431;3.51384;2
119.54923;13.10500;      0.85492;3.51386;2
119.58243;13.10667;      0.85528;3.51389;2
119.61561;13.10833;      0.85564;3.51392;2
119.64880;13.11000;      0.85564;3.51395;2
119.68202;13.11167;      0.85563;3.51397;2
119.71521;13.11333;      0.85550;3.51400;2
119.74841;13.11500;      0.85562;3.51403;2
119.78162;13.11667;      0.85549;3.51405;2
119.81482;13.11833;      0.85560;3.51408;2
119.84803;13.12000;      0.85547;3.51411;2
119.88125;13.12167;      0.85534;3.51414;2
119.91446;13.12333;      0.85534;3.51416;2
119.94764;13.12500;      0.85545;3.51419;2
119.98082;13.12667;      0.85545;3.51422;2
120.01400;13.12833;      0.85569;3.51424;2
120.04718;13.13000;      0.85568;3.51427;2
120.08038;13.13167;      0.85567;3.51430;2
120.11359;13.13333;      0.85554;3.51433;2
120.14680;13.13500;      0.85554;3.51435;2
120.18002;13.13667;      0.85565;3.51438;2
120.21321;13.13833;      0.85614;3.51441;2
120.24641;13.14000;      0.85638;3.51443;2
120.27961;13.14167;      0.85662;3.51446;2
120.31282;13.14333;      0.85674;3.51449;2
120.34600;13.14500;      0.85698;3.51452;2
120.37920;13.14667;      0.85722;3.51454;2
120.41241;13.14833;      0.85721;3.51457;2
120.44562;13.15000;      0.85733;3.51460;2
120.47882;13.15167;      0.85745;3.51462;2
120.51202;13.15333;      0.85781;3.51465;2
120.54523;13.15500;      0.85768;3.51468;2
120.57843;13.15667;      0.85780;3.51470;2
120.61164;13.15833;      0.85779;3.51473;2
120.64484;13.16000;      0.85791;3.51476;2
120.67803;13.16167;      0.85790;3.51479;2
120.71123;13.16333;      0.85826;3.51481;2
120.74444;13.16500;      0.85838;3.51484;2
120.77766;13.16667;      0.85850;3.51487;2
120.81085;13.16833;      0.85874;3.51489;2
120.84405;13.17000;      0.85885;3.51492;2
120.87726;13.17167;      0.85909;3.51495;2
120.91048;13.17333;      0.85933;3.51498;2
120.94366;13.17500;      0.85957;3.51500;2
120.97682;13.17667;      0.85957;3.51503;2
121.01002;13.17833;      0.85968;3.51506;2
121.04323;13.18000;      0.85968;3.51508;2
121.07643;13.18167;      0.85979;3.51511;2
121.10961;13.18333;      0.85991;3.51514;2
121.14275;13.18500;      0.86003;3.51516;2
121.17593;13.18667;      0.85990;3.51519;2
121.20913;13.18833;      0.86001;3.51522;2
121.24231;13.19000;      0.86001;3.51525;2
121.27551;13.19167;      0.86000;3.51527;2
121.30869;13.19333;      0.85999;3.51530;2
121.34185;13.19500;      0.85999;3.51533;2
121.37500;13.19667;      0.86010;3.51535;2
121.40816;13.19833;      0.86010;3.51538;2
121.44134;13.20000;      0.85997;3.51541;2
121.47452;13.20167;      0.85971;3.51543;2
121.50772;13.20333;      0.85946;3.51546;2
121.54089;13.20500;      0.85896;3.51549;2
121.57405;13.20667;      0.85871;3.51552;2
121.60725;13.20833;      0.85858;3.51554;2
121.64044;13.21000;      0.85845;3.51557;2
121.67362;13.21167;      0.85844;3.51560;2
121.70675;13.21333;      0.85843;3.51562;2
121.73993;13.21500;      0.85843;3.51565;2
121.77311;13.21667;      0.85842;3.51568;2
121.80630;13.21833;      0.85841;3.51570;2
121.83948;13.22000;      0.85853;3.51573;2
121.87262;13.22167;      0.85902;3.51576;2
121.90579;13.22333;      0.85951;3.51579;2
121.93897;13.22500;      0.85974;3.51581;2
121.97215;13.22667;      0.85974;3.51584;2
122.00534;13.22833;      0.85985;3.51587;2
122.03854;13.23000;      0.86009;3.51589;2
122.07174;13.23167;      0.86046;3.51592;2
122.10492;13.23333;      0.86057;3.51595;2
122.13811;13.23500;      0.86081;3.51597;2
122.17133;13.23667;      0.86105;3.51600;2
122.20452;13.23833;      0.86129;3.51603;2
122.23772;13.24000;      0.86129;3.51606;2
122.27092;13.24167;      0.86103;3.51608;2
122.30411;13.24333;      0.86103;3.51611;2
122.33731;13.24500;      0.86114;3.51614;2
122.37051;13.24667;      0.86114;3.51616;2
122.40369;13.24833;      0.86113;3.51619;2
122.43689;13.25000;      0.86137;3.51622;2
122.47008;13.25167;      0.86149;3.51624;2
122.50326;13.25333;      0.86148;3.51627;2
122.53646;13.25500;      0.86160;3.51630;2
122.56962;13.25667;      0.86221;3.51632;2
122.60279;13.25833;      0.86232;3.51635;2
122.63593;13.26000;      0.86232;3.51638;2
122.66908;13.26167;      0.86243;3.51641;2
122.70226;13.26333;      0.86255;3.51643;2
122.73548;13.26500;      0.86267;3.51646;2
122.76866;13.26667;      0.86266;3.51649;2
122.80182;13.26833;      0.86265;3.51651;2
122.83502;13.27000;      0.86265;3.51654;2
122.86820;13.27167;      0.86239;3.51657;2
122.90134;13.27333;      0.86190;3.51659;2
122.93452;13.27500;      0.86176;3.51662;2
122.96770;13.27667;      0.86176;3.51665;2
123.00090;13.27833;      0.86175;3.51667;2
123.03408;13.28000;      0.86187;3.51670;2
123.06726;13.28167;      0.86248;3.51673;2
123.10043;13.28333;      0.86272;3.51675;2
123.13362;13.28500;      0.86308;3.51678;2
123.16684;13.28667;      0.86344;3.51681;2
123.20005;13.28833;      0.86344;3.51684;2
123.23326;13.29000;      0.86343;3.51686;2
123.26648;13.29167;      0.86355;3.51689;2
123.29967;13.29333;      0.86354;3.51692;2
123.33285;13.29500;      0.86366;3.51694;2
123.36605;13.29667;      0.86402;3.51697;2
123.39925;13.29833;      0.86426;3.51700;2
123.43243;13.30000;      0.86426;3.51702;2
123.46562;13.30167;      0.86413;3.51705;2
123.49880;13.30333;      0.86400;3.51708;2
123.53197;13.30500;      0.86423;3.51710;2
123.56516;13.30667;      0.86435;3.51713;2
123.59834;13.30833;      0.86447;3.51716;2
123.63151;13.31000;      0.86471;3.51719;2
123.66467;13.31167;      0.86482;3.51721;2
123.69785;13.31333;      0.86494;3.51724;2
123.73108;13.31500;      0.86518;3.51727;2
123.76430;13.31667;      0.86567;3.51729;2
123.79749;13.31833;      0.86603;3.51732;2
123.83067;13.32000;      0.86639;3.51735;2
123.86385;13.32167;      0.86639;3.51737;2
123.89707;13.32333;      0.86650;3.51740;2
123.93026;13.32500;      0.86650;3.51743;2
123.96346;13.32667;      0.86674;3.51745;2
123.99667;13.32833;      0.86685;3.51748;2
124.02987;13.33000;      0.86734;3.51751;2
124.06307;13.33167;      0.86758;3.51753;2
124.09628;13.33333;      0.86733;3.51756;2
124.12949;13.33500;      0.86720;3.51759;2
124.16269;13.33667;      0.86707;3.51762;2
124.19585;13.33833;      0.86718;3.51764;2
124.22903;13.34000;      0.86755;3.51767;2
124.26223;13.34167;      0.86779;3.51770;2
124.29541;13.34333;      0.86815;3.51772;2
124.32859;13.34500;      0.86827;3.51775;2
124.36177;13.34667;      0.86826;3.51778;2
124.39497;13.34833;      0.86825;3.51780;2
124.42815;13.35000;      0.86849;3.51783;2
124.46133;13.35167;      0.86861;3.51786;2
124.49451;13.35333;      0.86860;3.51788;2
124.52770;13.35500;      0.86884;3.51791;2
124.56089;13.35667;      0.86884;3.51794;2
124.59410;13.35833;      0.86907;3.51796;2
124.62731;13.36000;      0.86919;3.51799;2
124.66054;13.36167;      0.86931;3.51802;2
124.69377;13.36333;      0.86942;3.51804;2
124.72697;13.36500;      0.86954;3.51807;2
124.76015;13.36667;      0.86966;3.51810;2
124.79334;13.36833;      0.86965;3.51812;2
124.82657;13.37000;      0.86989;3.51815;2
124.85977;13.37167;      0.87013;3.51818;2
124.89297;13.37333;      0.87062;3.51820;2
124.92620;13.37500;      0.87086;3.51823;2
124.95939;13.37667;      0.87110;3.51826;2
124.99264;13.37833;      0.87121;3.51828;2
125.02584;13.38000;      0.87133;3.51831;2
125.05903;13.38167;      0.87145;3.51834;2
125.09223;13.38333;      0.87156;3.51837;2
125.12546;13.38500;      0.87180;3.51839;2
125.15866;13.38667;      0.87217;3.51842;2
125.19185;13.38833;      0.87253;3.51845;2
125.22503;13.39000;      0.87289;3.51847;2
125.25821;13.39167;      0.87338;3.51850;2
125.29141;13.39333;      0.87362;3.51853;2
125.32461;13.39500;      0.87398;3.51855;2
125.35782;13.39667;      0.87422;3.51858;2
125.39103;13.39833;      0.87434;3.51861;2
125.42426;13.40000;      0.87433;3.51863;2
125.45751;13.40167;      0.87445;3.51866;2
125.49074;13.40333;      0.87469;3.51869;2
125.52395;13.40500;      0.87480;3.51871;2
125.55718;13.40667;      0.87480;3.51874;2
125.59039;13.40833;      0.87491;3.51877;2
125.62364;13.41000;      0.87540;3.51879;2
125.65687;13.41167;      0.87564;3.51882;2
125.69010;13.41333;      0.87576;3.51885;2
125.72334;13.41500;      0.87587;3.51887;2
125.75657;13.41667;      0.87611;3.51890;2
125.78979;13.41833;      0.87623;3.51893;2
125.82302;13.42000;      0.87635;3.51895;2
125.85626;13.42167;      0.87659;3.51898;2
125.88951;13.42333;      0.87683;3.51901;2
125.92272;13.42500;      0.87694;3.51903;2
125.95592;13.42667;      0.87730;3.51906;2
125.98913;13.42833;      0.87742;3.51909;2
126.02234;13.43000;      0.87778;3.51911;2
126.05557;13.43167;      0.87815;3.51914;2
126.08879;13.43333;      0.87839;3.51917;2
126.12200;13.43500;      0.87863;3.51919;2
126.15520;13.43667;      0.87911;3.51922;2
126.18843;13.43833;      0.87935;3.51925;2
126.22166;13.44000;      0.87959;3.51927;2
126.25487;13.44167;      0.87983;3.51930;2
126.28807;13.44333;      0.88007;3.51933;2
126.32129;13.44500;      0.88031;3.51935;2
126.35452;13.44667;      0.88055;3.51938;2
126.38775;13.44833;      0.88091;3.51941;2
126.42098;13.45000;      0.88115;3.51943;2
126.45420;13.45167;      0.88139;3.51946;2
126.48741;13.45333;      0.88151;3.51949;2
126.52064;13.45500;      0.88162;3.51951;2
126.55387;13.45667;      0.88162;3.51954;2
126.58711;13.45833;      0.88137;3.51957;2
126.62034;13.46000;      0.88136;3.51959;2
126.65357;13.46167;      0.88123;3.51962;2
126.68677;13.46333;      0.88135;3.51965;2
126.71997;13.46500;      0.88122;3.51968;2
126.75316;13.46667;      0.88121;3.51970;2
126.78636;13.46833;      0.88133;3.51973;2
126.81956;13.47000;      0.88132;3.51975;2
126.85275;13.47167;      0.88156;3.51978;2
126.88597;13.47333;      0.88217;3.51981;2
126.91916;13.47500;      0.88241;3.51983;2
126.95236;13.47667;      0.88240;3.51986;2
126.98556;13.47833;      0.88252;3.51989;2
127.01872;13.48000;      0.88263;3.51991;2
127.05193;13.48167;      0.88287;3.51994;2
127.08515;13.48333;      0.88324;3.51997;2
127.11836;13.48500;      0.88360;3.51999;2
127.15156;13.48667;      0.88396;3.52002;2
127.18479;13.48833;      0.88396;3.52005;2
127.21800;13.49000;      0.88432;3.52007;2
127.25121;13.49167;      0.88443;3.52010;2
127.28444;13.49333;      0.88480;3.52013;2
127.31766;13.49500;      0.88504;3.52015;2
127.35085;13.49667;      0.88515;3.52018;2
127.38407;13.49833;      0.88539;3.52021;2
127.41729;13.50000;      0.88551;3.52023;2
127.45052;13.50167;      0.88563;3.52026;2
127.48374;13.50333;      0.88587;3.52029;2
127.51695;13.50500;      0.88647;3.52031;2
127.55016;13.50667;      0.88684;3.52034;2
127.58336;13.50833;      0.88732;3.52037;2
127.61657;13.51000;      0.88756;3.52039;2
127.64975;13.51167;      0.88780;3.52042;2
127.68295;13.51333;      0.88804;3.52045;2
127.71615;13.51500;      0.88828;3.52047;2
127.74934;13.51667;      0.88840;3.52050;2
127.78252;13.51833;      0.88864;3.52053;2
127.81571;13.52000;      0.88900;3.52055;2
127.84887;13.52167;      0.88887;3.52058;2
127.88207;13.52333;      0.88899;3.52061;2
127.91526;13.52500;      0.88898;3.52063;2
127.94848;13.52667;      0.88910;3.52066;2
127.98169;13.52833;      0.88921;3.52069;2
128.01490;13.53000;      0.88933;3.52071;2
128.04810;13.53167;      0.88957;3.52074;2
128.08128;13.53333;      0.88968;3.52077;2
128.11448;13.53500;      0.88968;3.52079;2
128.14767;13.53667;      0.88967;3.52082;2
128.18089;13.53833;      0.88979;3.52085;2
128.21405;13.54000;      0.89015;3.52087;2
128.24723;13.54167;      0.89039;3.52090;2
128.28041;13.54333;      0.89075;3.52092;2
128.31361;13.54500;      0.89111;3.52095;2
128.34680;13.54667;      0.89148;3.52098;2
128.38000;13.54833;      0.89159;3.52100;2
128.41320;13.55000;      0.89196;3.52103;2
128.44639;13.55167;      0.89220;3.52106;2
128.47961;13.55333;      0.89231;3.52108;2
128.51282;13.55500;      0.89255;3.52111;2
128.54603;13.55667;      0.89292;3.52114;2
128.57925;13.55833;      0.89315;3.52116;2
128.61246;13.56000;      0.89339;3.52119;2
128.64566;13.56167;      0.89363;3.52122;2
128.67885;13.56333;      0.89400;3.52124;2
128.71207;13.56500;      0.89436;3.52127;2
128.74528;13.56667;      0.89472;3.52130;2
128.77851;13.56833;      0.89521;3.52132;2
128.81172;13.57000;      0.89557;3.52135;2
128.84494;13.57167;      0.89593;3.52138;2
128.87815;13.57333;      0.89654;3.52140;2
128.91136;13.57500;      0.89690;3.52143;2
128.94459;13.57667;      0.89727;3.52145;2
128.97780;13.57833;      0.89788;3.52148;2
129.01100;13.58000;      0.89861;3.52151;2
129.04420;13.58167;      0.89897;3.52153;2
129.07739;13.58333;      0.89933;3.52156;2
129.11059;13.58500;      0.89969;3.52159;2
129.14375;13.58667;      0.89993;3.52161;2
129.17695;13.58833;      0.90017;3.52164;2
129.21013;13.59000;      0.90090;3.52167;2
129.24333;13.59167;      0.90127;3.52169;2
129.27653;13.59333;      0.90138;3.52172;2
129.30971;13.59500;      0.90138;3.52175;2
129.34289;13.59667;      0.90137;3.52177;2
129.37610;13.59833;      0.90136;3.52180;2
129.40930;13.60000;      0.90160;3.52182;2
129.44248;13.60167;      0.90197;3.52185;2
129.47566;13.60333;      0.90220;3.52188;2
129.50884;13.60500;      0.90244;3.52190;2
129.54202;13.60667;      0.90268;3.52193;2
129.57523;13.60833;      0.90292;3.52196;2
129.60844;13.61000;      0.90341;3.52198;2
129.64164;13.61167;      0.90352;3.52201;2
129.67484;13.61333;      0.90401;3.52204;2
129.70803;13.61500;      0.90437;3.52206;2
129.74123;13.61667;      0.90498;3.52209;2
129.77443;13.61833;      0.90584;3.52212;2
129.80764;13.62000;      0.90620;3.52214;2
129.84087;13.62167;      0.90656;3.52217;2
129.87410;13.62333;      0.90680;3.52219;2
129.90728;13.62500;      0.90704;3.52222;2
129.94046;13.62667;      0.90740;3.52225;2
129.97364;13.62833;      0.90752;3.52227;2
130.00685;13.63000;      0.90776;3.52230;2
130.04005;13.63167;      0.90787;3.52233;2
130.07325;13.63333;      0.90799;3.52235;2
130.10644;13.63500;      0.90811;3.52238;2
130.13964;13.63667;      0.90835;3.52241;2
130.17284;13.63833;      0.90859;3.52243;2
130.20603;13.64000;      0.90895;3.52246;2
130.23926;13.64167;      0.90919;3.52248;2
130.27249;13.64333;      0.90967;3.52251;2
130.30572;13.64500;      0.91040;3.52254;2
130.33892;13.64667;      0.91089;3.52256;2
130.37211;13.64833;      0.91137;3.52259;2
130.40531;13.65000;      0.91161;3.52262;2
130.43849;13.65167;      0.91210;3.52264;2
130.47167;13.65333;      0.91258;3.52267;2
130.50487;13.65500;      0.91319;3.52270;2
130.53806;13.65667;      0.91392;3.52272;2
130.57125;13.65833;      0.91441;3.52275;2
130.60444;13.66000;      0.91490;3.52277;2
130.63762;13.66167;      0.91538;3.52280;2
130.67082;13.66333;      0.91550;3.52283;2
130.70403;13.66500;      0.91549;3.52285;2
130.73723;13.66667;      0.91548;3.52288;2
130.77041;13.66833;      0.91548;3.52291;2
130.80359;13.67000;      0.91559;3.52293;2
130.83677;13.67167;      0.91571;3.52296;2
130.86997;13.67333;      0.91583;3.52298;2
130.90313;13.67500;      0.91606;3.52301;2
130.93631;13.67667;      0.91643;3.52304;2
130.96951;13.67833;      0.91654;3.52306;2
131.00269;13.68000;      0.91666;3.52309;2
131.03589;13.68167;      0.91690;3.52312;2
131.06908;13.68333;      0.91738;3.52314;2
131.10229;13.68500;      0.91787;3.52317;2
131.13549;13.68667;      0.91835;3.52319;2
131.16870;13.68833;      0.91872;3.52322;2
131.20189;13.69000;      0.91896;3.52325;2
131.23507;13.69167;      0.91907;3.52327;2
131.26826;13.69333;      0.91931;3.52330;2
131.30146;13.69500;      0.91955;3.52333;2
131.33464;13.69667;      0.91991;3.52335;2
131.36784;13.69833;      0.92064;3.52338;2
131.40103;13.70000;      0.92125;3.52340;2
131.43423;13.70167;      0.92186;3.52343;2
131.46743;13.70333;      0.92222;3.52346;2
131.50059;13.70500;      0.92271;3.52348;2
131.53379;13.70667;      0.92332;3.52351;2
131.56698;13.70833;      0.92380;3.52354;2
131.60015;13.71000;      0.92429;3.52356;2
131.63331;13.71167;      0.92465;3.52359;2
131.66649;13.71333;      0.92477;3.52361;2
131.69967;13.71500;      0.92513;3.52364;2
131.73285;13.71667;      0.92537;3.52367;2
131.76605;13.71833;      0.92573;3.52369;2
131.79923;13.72000;      0.92609;3.52372;2
131.83241;13.72167;      0.92645;3.52375;2
131.86556;13.72333;      0.92694;3.52377;2
131.89871;13.72500;      0.92755;3.52380;2
131.93190;13.72667;      0.92828;3.52382;2
131.96510;13.72833;      0.92901;3.52385;2
131.99831;13.73000;      0.92974;3.52388;2
132.03149;13.73167;      0.93022;3.52390;2
132.06467;13.73333;      0.93083;3.52393;2
132.09789;13.73500;      0.93144;3.52396;2
132.13110;13.73667;      0.93205;3.52398;2
132.16431;13.73833;      0.93266;3.52401;2
132.19751;13.74000;      0.93339;3.52403;2
132.23070;13.74167;      0.93412;3.52406;2
132.26389;13.74333;      0.93497;3.52409;2
132.29708;13.74500;      0.93570;3.52411;2
132.33026;13.74667;      0.93644;3.52414;2
132.36348;13.74833;      0.93692;3.52416;2
132.39669;13.75000;      0.93765;3.52419;2
132.42990;13.75167;      0.93826;3.52422;2
132.46310;13.75333;      0.93899;3.52424;2
132.49630;13.75500;      0.93948;3.52427;2
132.52952;13.75667;      0.94021;3.52430;2
132.56272;13.75833;      0.94082;3.52432;2
132.59592;13.76000;      0.94142;3.52435;2
132.62910;13.76167;      0.94203;3.52437;2
132.66228;13.76333;      0.94264;3.52440;2
132.69548;13.76500;      0.94325;3.52443;2
132.72866;13.76667;      0.94385;3.52445;2
132.76185;13.76833;      0.94459;3.52448;2
132.79507;13.77000;      0.94507;3.52450;2
132.82826;13.77167;      0.94580;3.52453;2
132.86146;13.77333;      0.94641;3.52456;2
132.89464;13.77500;      0.94714;3.52458;2
132.92785;13.77667;      0.94800;3.52461;2
132.96107;13.77833;      0.94860;3.52463;2
132.99426;13.78000;      0.94921;3.52466;2
133.02746;13.78167;      0.94982;3.52469;2
133.06066;13.78333;      0.95030;3.52471;2
133.09389;13.78500;      0.95091;3.52474;2
133.12708;13.78667;      0.95152;3.52477;2
133.16028;13.78833;      0.95176;3.52479;2
133.19349;13.79000;      0.95212;3.52482;2
133.22670;13.79167;      0.95260;3.52484;2
133.25992;13.79333;      0.95297;3.52487;2
133.29311;13.79500;      0.95333;3.52490;2
133.32631;13.79667;      0.95394;3.52492;2
133.35952;13.79833;      0.95479;3.52495;2
133.39274;13.80000;      0.95552;3.52497;2
133.42595;13.80167;      0.95613;3.52500;2
133.45915;13.80333;      0.95674;3.52503;2
133.49234;13.80500;      0.95734;3.52505;2
133.52557;13.80667;      0.95771;3.52508;2
133.55879;13.80833;      0.95844;3.52510;2
133.59202;13.81000;      0.95941;3.52513;2
133.62526;13.81167;      0.96064;3.52516;2
133.65849;13.81333;      0.96174;3.52518;2
133.69171;13.81500;      0.96296;3.52521;2
133.72493;13.81667;      0.96381;3.52523;2
133.75815;13.81833;      0.96467;3.52526;2
133.79134;13.82000;      0.96577;3.52529;2
133.82456;13.82167;      0.96662;3.52531;2
133.85777;13.82333;      0.96760;3.52534;2
133.89102;13.82500;      0.96857;3.52536;2
133.92426;13.82667;      0.96955;3.52539;2
133.95746;13.82833;      0.97040;3.52542;2
133.99067;13.83000;      0.97150;3.52544;2
134.02385;13.83167;      0.97248;3.52547;2
134.05708;13.83333;      0.97321;3.52549;2
134.09033;13.83500;      0.97394;3.52552;2
134.12353;13.83667;      0.97467;3.52555;2
134.15671;13.83833;      0.97540;3.52557;2
134.18990;13.84000;      0.97613;3.52560;2
134.22310;13.84167;      0.97662;3.52562;2
134.25631;13.84333;      0.97735;3.52565;2
134.28953;13.84500;      0.97759;3.52568;2
134.32272;13.84667;      0.97782;3.52570;2
134.35593;13.84833;      0.97818;3.52573;2
134.38915;13.85000;      0.97855;3.52575;2
134.42233;13.85167;      0.97916;3.52578;2
134.45551;13.85333;      0.97964;3.52581;2
134.48872;13.85500;      0.98025;3.52583;2
134.52193;13.85667;      0.98085;3.52586;2
134.55512;13.85833;      0.98134;3.52588;2
134.58831;13.86000;      0.98195;3.52591;2
134.62149;13.86167;      0.98243;3.52594;2
134.65471;13.86333;      0.98304;3.52596;2
134.68790;13.86500;      0.98365;3.52599;2
134.72110;13.86667;      0.98450;3.52601;2
134.75430;13.86833;      0.98523;3.52604;2
134.78749;13.87000;      0.98596;3.52607;2
134.82071;13.87167;      0.98669;3.52609;2
134.85392;13.87333;      0.98742;3.52612;2
134.88715;13.87500;      0.98827;3.52614;2
134.92038;13.87667;      0.98900;3.52617;2
134.95359;13.87833;      0.98973;3.52619;2
134.98679;13.88000;      0.99059;3.52622;2
135.02000;13.88167;      0.99144;3.52625;2
135.05321;13.88333;      0.99217;3.52627;2
135.08643;13.88500;      0.99290;3.52630;2
135.11961;13.88667;      0.99339;3.52632;2
135.15280;13.88833;      0.99399;3.52635;2
135.18603;13.89000;      0.99472;3.52638;2
135.21925;13.89167;      0.99545;3.52640;2
135.25246;13.89333;      0.99606;3.52643;2
135.28567;13.89500;      0.99692;3.52645;2
135.31889;13.89667;      0.99777;3.52648;2
135.35212;13.89833;      0.99862;3.52651;2
135.38534;13.90000;      0.99960;3.52653;2
135.41856;13.90167;      1.00057;3.52656;2
135.45175;13.90333;      1.00155;3.52658;2
135.48497;13.90500;      1.00240;3.52661;2
135.51820;13.90667;      1.00326;3.52663;2
135.55141;13.90833;      1.00399;3.52666;2
135.58461;13.91000;      1.00496;3.52669;2
135.61779;13.91167;      1.00569;3.52671;2
135.65097;13.91333;      1.00654;3.52674;2
135.68416;13.91500;      1.00740;3.52676;2
135.71738;13.91667;      1.00825;3.52679;2
135.75057;13.91833;      1.00910;3.52682;2
135.78377;13.92000;      1.00983;3.52684;2
135.81697;13.92167;      1.01056;3.52687;2
135.85015;13.92333;      1.01142;3.52689;2
135.88336;13.92500;      1.01227;3.52692;2
135.91657;13.92667;      1.01275;3.52694;2
135.94977;13.92833;      1.01336;3.52697;2
135.98298;13.93000;      1.01397;3.52700;2
136.01620;13.93167;      1.01458;3.52702;2
136.04943;13.93333;      1.01531;3.52705;2
136.08264;13.93500;      1.01579;3.52707;2
136.11584;13.93667;      1.01652;3.52710;2
136.14903;13.93833;      1.01713;3.52712;2
136.18225;13.94000;      1.01786;3.52715;2
136.21544;13.94167;      1.01908;3.52718;2
136.24866;13.94333;      1.01981;3.52720;2
136.28187;13.94500;      1.02054;3.52723;2
136.31510;13.94667;      1.02127;3.52725;2
136.34831;13.94833;      1.02200;3.52728;2
136.38153;13.95000;      1.02248;3.52731;2
136.41472;13.95167;      1.02321;3.52733;2
136.44794;13.95333;      1.02382;3.52736;2
136.48115;13.95500;      1.02455;3.52738;2
136.51434;13.95667;      1.02540;3.52741;2
136.54754;13.95833;      1.02638;3.52743;2
136.58074;13.96000;      1.02735;3.52746;2
136.61393;13.96167;      1.02821;3.52749;2
136.64716;13.96333;      1.02906;3.52751;2
136.68036;13.96500;      1.02979;3.52754;2
136.71359;13.96667;      1.03076;3.52756;2
136.74682;13.96833;      1.03162;3.52759;2
136.78003;13.97000;      1.03259;3.52761;2
136.81325;13.97167;      1.03345;3.52764;2
136.84644;13.97333;      1.03430;3.52767;2
136.87964;13.97500;      1.03527;3.52769;2
136.91284;13.97667;      1.03613;3.52772;2
136.94603;13.97833;      1.03710;3.52774;2
136.97923;13.98000;      1.03795;3.52777;2
137.01243;13.98167;      1.03918;3.52779;2
137.04561;13.98333;      1.04015;3.52782;2
137.07880;13.98500;      1.04088;3.52784;2
137.11203;13.98667;      1.04136;3.52787;2
137.14526;13.98833;      1.04197;3.52790;2
137.17848;13.99000;      1.04245;3.52792;2
137.21169;13.99167;      1.04294;3.52795;2
137.24489;13.99333;      1.04367;3.52797;2
137.27808;13.99500;      1.04415;3.52800;2
137.31128;13.99667;      1.04464;3.52802;2
137.34446;13.99833;      1.04537;3.52805;2
137.37762;14.00000;      1.04622;3.52808;2
137.41080;14.00167;      1.04719;3.52810;2
137.44400;14.00333;      1.04817;3.52813;2
137.47720;14.00500;      1.05001;3.52815;2
137.51038;14.00667;      1.05123;3.52818;2
137.54356;14.00833;      1.05232;3.52820;2
137.57674;14.01000;      1.05354;3.52823;2
137.60992;14.01167;      1.05477;3.52825;2
137.64312;14.01333;      1.05586;3.52828;2
137.67631;14.01500;      1.05696;3.52831;2
137.70951;14.01667;      1.05781;3.52833;2
137.74271;14.01833;      1.05842;3.52836;2
137.77590;14.02000;      1.05915;3.52838;2
137.80912;14.02167;      1.05988;3.52841;2
137.84233;14.02333;      1.06049;3.52843;2
137.87556;14.02500;      1.06122;3.52846;2
137.90875;14.02667;      1.06207;3.52849;2
137.94192;14.02833;      1.06267;3.52851;2
137.97512;14.03000;      1.06340;3.52854;2
138.00830;14.03167;      1.06413;3.52856;2
138.04146;14.03333;      1.06511;3.52859;2
138.07464;14.03500;      1.06596;3.52861;2
138.10782;14.03667;      1.06669;3.52864;2
138.14100;14.03833;      1.06767;3.52866;2
138.17421;14.04000;      1.06864;3.52869;2
138.20741;14.04167;      1.06962;3.52871;2
138.24061;14.04333;      1.07059;3.52874;2
138.27380;14.04500;      1.07144;3.52877;2
138.30698;14.04667;      1.07254;3.52879;2
138.34015;14.04833;      1.07351;3.52882;2
138.37333;14.05000;      1.07461;3.52884;2
138.40652;14.05167;      1.07571;3.52887;2
138.43972;14.05333;      1.07669;3.52889;2
138.47292;14.05500;      1.07778;3.52892;2
138.50612;14.05667;      1.07888;3.52894;2
138.53931;14.05833;      1.07998;3.52897;2
138.57253;14.06000;      1.08108;3.52900;2
138.60574;14.06167;      1.08205;3.52902;2
138.63897;14.06333;      1.08290;3.52905;2
138.67218;14.06500;      1.08388;3.52907;2
138.70539;14.06667;      1.08498;3.52910;2
138.73859;14.06833;      1.08595;3.52912;2
138.77179;14.07000;      1.08693;3.52915;2
138.80500;14.07167;      1.08802;3.52917;2
138.83821;14.07333;      1.08912;3.52920;2
138.87143;14.07500;      1.08997;3.52922;2
138.90464;14.07667;      1.09107;3.52925;2
138.93784;14.07833;      1.09204;3.52928;2
138.97103;14.08000;      1.09314;3.52930;2
139.00425;14.08167;      1.09424;3.52933;2
139.03746;14.08333;      1.09534;3.52935;2
139.07067;14.08500;      1.09644;3.52938;2
139.10389;14.08667;      1.09778;3.52940;2
139.13708;14.08833;      1.09875;3.52943;2
139.17028;14.09000;      1.09973;3.52945;2
139.20348;14.09167;      1.10070;3.52948;2
139.23666;14.09333;      1.10192;3.52950;2
139.26985;14.09500;      1.10290;3.52953;2
139.30307;14.09667;      1.10412;3.52956;2
139.33628;14.09833;      1.10534;3.52958;2
139.36951;14.10000;      1.10680;3.52961;2
139.40274;14.10167;      1.10876;3.52963;2
139.43597;14.10333;      1.11023;3.52966;2
139.46916;14.10500;      1.11120;3.52968;2
139.50236;14.10667;      1.11205;3.52971;2
139.53556;14.10833;      1.11315;3.52973;2
139.56875;14.11000;      1.11400;3.52976;2
139.60197;14.11167;      1.11436;3.52978;2
139.63520;14.11333;      1.11558;3.52981;2
139.66841;14.11500;      1.11656;3.52983;2
139.70162;14.11667;      1.11778;3.52986;2
139.73485;14.11833;      1.11887;3.52988;2
139.76807;14.12000;      1.11985;3.52991;2
139.80128;14.12167;      1.12070;3.52994;2
139.83449;14.12333;      1.12168;3.52996;2
139.86772;14.12500;      1.12277;3.52999;2
139.90093;14.12667;      1.12387;3.53001;2
139.93413;14.12833;      1.12509;3.53004;2
139.96736;14.13000;      1.12619;3.53006;2
140.00056;14.13167;      1.12704;3.53009;2
140.03377;14.13333;      1.12789;3.53011;2
140.06700;14.13500;      1.12886;3.53014;2
140.10023;14.13667;      1.12996;3.53016;2
140.13344;14.13833;      1.13093;3.53019;2
140.16664;14.14000;      1.13179;3.53021;2
140.19984;14.14167;      1.13276;3.53024;2
140.23305;14.14333;      1.13386;3.53026;2
140.26626;14.14500;      1.13508;3.53029;2
140.29949;14.14667;      1.13630;3.53032;2
140.33272;14.14833;      1.13764;3.53034;2
140.36595;14.15000;      1.13898;3.53037;2
140.39918;14.15167;      1.14045;3.53039;2
140.43241;14.15333;      1.14179;3.53042;2
140.46564;14.15500;      1.14289;3.53044;2
140.49885;14.15667;      1.14423;3.53047;2
140.53208;14.15833;      1.14557;3.53049;2
140.56531;14.16000;      1.14691;3.53052;2
140.59853;14.16167;      1.14838;3.53054;2
140.63174;14.16333;      1.14984;3.53057;2
140.66493;14.16500;      1.15131;3.53059;2
140.69815;14.16667;      1.15253;3.53062;2
140.73134;14.16833;      1.15375;3.53064;2
140.76454;14.17000;      1.15509;3.53067;2
140.79772;14.17167;      1.15631;3.53069;2
140.83092;14.17333;      1.15741;3.53072;2
140.86411;14.17500;      1.15863;3.53074;2
140.89731;14.17667;      1.15997;3.53077;2
140.93051;14.17833;      1.16119;3.53079;2
140.96372;14.18000;      1.16228;3.53082;2
140.99693;14.18167;      1.16363;3.53084;2
141.03013;14.18333;      1.16509;3.53087;2
141.06333;14.18500;      1.16656;3.53090;2
141.09651;14.18667;      1.16778;3.53092;2
141.12971;14.18833;      1.16900;3.53095;2
141.16289;14.19000;      1.17034;3.53097;2
141.19607;14.19167;      1.17168;3.53100;2
141.22925;14.19333;      1.17302;3.53102;2
141.26244;14.19500;      1.17436;3.53105;2
141.29566;14.19667;      1.17583;3.53107;2
141.32885;14.19833;      1.17717;3.53110;2
141.36205;14.20000;      1.17839;3.53112;2
141.39526;14.20167;      1.17973;3.53115;2
141.42848;14.20333;      1.18083;3.53117;2
141.46167;14.20500;      1.18217;3.53120;2
141.49490;14.20667;      1.18351;3.53122;2
141.52813;14.20833;      1.18473;3.53125;2
141.56138;14.21000;      1.18607;3.53127;2
141.59461;14.21167;      1.18754;3.53130;2
141.62782;14.21333;      1.18888;3.53132;2
141.66100;14.21500;      1.19034;3.53135;2
141.69420;14.21667;      1.19193;3.53137;2
141.72741;14.21833;      1.19352;3.53140;2
141.76059;14.22000;      1.19498;3.53142;2
141.79377;14.22167;      1.19694;3.53145;2
141.82697;14.22333;      1.19853;3.53147;2
141.86020;14.22500;      1.20011;3.53150;2
141.89339;14.22667;      1.20146;3.53152;2
141.92659;14.22833;      1.20292;3.53155;2
141.95980;14.23000;      1.20438;3.53157;2
141.99300;14.23167;      1.20573;3.53160;2
142.02621;14.23333;      1.20719;3.53162;2
142.05944;14.23500;      1.20865;3.53165;2
142.09267;14.23667;      1.21012;3.53167;2
142.12589;14.23833;      1.21171;3.53170;2
142.15908;14.24000;      1.21341;3.53172;2
142.19230;14.24167;      1.21525;3.53175;2
142.22551;14.24333;      1.21684;3.53177;2
142.25872;14.24500;      1.21830;3.53180;2
142.29193;14.24667;      1.21952;3.53182;2
142.32515;14.24833;      1.22098;3.53185;2
142.35834;14.25000;      1.22220;3.53187;2
142.39154;14.25167;      1.22354;3.53190;2
142.42474;14.25333;      1.22476;3.53192;2
142.45792;14.25500;      1.22610;3.53195;2
142.49110;14.25667;      1.22757;3.53197;2
142.52431;14.25833;      1.22891;3.53200;2
142.55751;14.26000;      1.23037;3.53202;2
142.59070;14.26167;      1.23196;3.53205;2
142.62392;14.26333;      1.23306;3.53207;2
142.65713;14.26500;      1.23427;3.53210;2
142.69034;14.26667;      1.23574;3.53212;2
142.72352;14.26833;      1.23708;3.53215;2
142.75674;14.27000;      1.23854;3.53217;2
142.78997;14.27167;      1.23988;3.53220;2
142.82320;14.27333;      1.24172;3.53222;2
142.85641;14.27500;      1.24343;3.53225;2
142.88962;14.27667;      1.24489;3.53227;2
142.92284;14.27833;      1.24660;3.53230;2
142.95607;14.28000;      1.24831;3.53232;2
142.98928;14.28167;      1.24977;3.53235;2
143.02249;14.28333;      1.25148;3.53237;2
143.05571;14.28500;      1.25307;3.53240;2
143.08892;14.28667;      1.25478;3.53242;2
143.12215;14.28833;      1.25624;3.53245;2
143.15534;14.29000;      1.25795;3.53247;2
143.18857;14.29167;      1.25954;3.53250;2
143.22182;14.29333;      1.26112;3.53252;2
143.25507;14.29500;      1.26295;3.53255;2
143.28830;14.29667;      1.26466;3.53257;2
143.32151;14.29833;      1.26625;3.53260;2
143.35472;14.30000;      1.26784;3.53262;2
143.38795;14.30167;      1.26955;3.53265;2
143.42116;14.30333;      1.27125;3.53267;2
143.45438;14.30500;      1.27296;3.53270;2
143.48757;14.30667;      1.27455;3.53272;2
143.52075;14.30833;      1.27638;3.53275;2
143.55393;14.31000;      1.27809;3.53277;2
143.58715;14.31167;      1.27980;3.53280;2
143.62036;14.31333;      1.28151;3.53282;2
143.65356;14.31500;      1.28322;3.53285;2
143.68677;14.31667;      1.28505;3.53287;2
143.71998;14.31833;      1.28688;3.53289;2
143.75320;14.32000;      1.28883;3.53292;2
143.78643;14.32167;      1.29054;3.53294;2
143.81966;14.32333;      1.29237;3.53297;2
143.85287;14.32500;      1.29408;3.53299;2
143.88607;14.32667;      1.29567;3.53302;2
143.91928;14.32833;      1.29725;3.53304;2
143.95251;14.33000;      1.29884;3.53307;2
143.98574;14.33167;      1.30055;3.53309;2
144.01898;14.33333;      1.30238;3.53312;2
144.05223;14.33500;      1.30397;3.53314;2
144.08546;14.33667;      1.30567;3.53317;2
144.11867;14.33833;      1.30738;3.53319;2
144.15187;14.34000;      1.30921;3.53322;2
144.18508;14.34167;      1.31117;3.53324;2
144.21829;14.34333;      1.31337;3.53327;2
144.25151;14.34500;      1.31520;3.53329;2
144.28470;14.34667;      1.31703;3.53332;2
144.31792;14.34833;      1.31874;3.53334;2
144.35108;14.35000;      1.32045;3.53337;2
144.38426;14.35167;      1.32215;3.53339;2
144.41748;14.35333;      1.32374;3.53341;2
144.45069;14.35500;      1.32545;3.53344;2
144.48390;14.35667;      1.32728;3.53346;2
144.51711;14.35833;      1.32899;3.53349;2
144.55031;14.36000;      1.33070;3.53351;2
144.58351;14.36167;      1.33253;3.53354;2
144.61672;14.36333;      1.33436;3.53356;2
144.64992;14.36500;      1.33643;3.53359;2
144.68311;14.36667;      1.33839;3.53361;2
144.71631;14.36833;      1.34022;3.53364;2
144.74954;14.37000;      1.34229;3.53366;2
144.78275;14.37167;      1.34462;3.53369;2
144.81593;14.37333;      1.34645;3.53371;2
144.84913;14.37500;      1.34791;3.53374;2
144.88234;14.37667;      1.34974;3.53376;2
144.91556;14.37833;      1.35169;3.53378;2
144.94877;14.38000;      1.35340;3.53381;2
144.98195;14.38167;      1.35499;3.53383;2
145.01513;14.38333;      1.35645;3.53386;2
145.04833;14.38500;      1.35791;3.53388;2
145.08152;14.38667;      1.35937;3.53391;2
145.11472;14.38833;      1.36120;3.53393;2
145.14793;14.39000;      1.36291;3.53396;2
145.18116;14.39167;      1.36486;3.53398;2
145.21436;14.39333;      1.36694;3.53401;2
145.24756;14.39500;      1.36914;3.53403;2
145.28075;14.39667;      1.37109;3.53406;2
145.31395;14.39833;      1.37304;3.53408;2
145.34715;14.40000;      1.37487;3.53410;2
145.38034;14.40167;      1.37671;3.53413;2
145.41353;14.40333;      1.37854;3.53415;2
145.44672;14.40500;      1.38037;3.53418;2
145.47993;14.40667;      1.38232;3.53420;2
145.51315;14.40833;      1.38439;3.53423;2
145.54634;14.41000;      1.38622;3.53425;2
145.57954;14.41167;      1.38818;3.53428;2
145.61272;14.41333;      1.39001;3.53430;2
145.64590;14.41500;      1.39171;3.53433;2
145.67912;14.41667;      1.39367;3.53435;2
145.71234;14.41833;      1.39574;3.53437;2
145.74556;14.42000;      1.39794;3.53440;2
145.77875;14.42167;      1.40002;3.53442;2
145.81195;14.42333;      1.40197;3.53445;2
145.84513;14.42500;      1.40380;3.53447;2
145.87831;14.42667;      1.40538;3.53450;2
145.91148;14.42833;      1.40721;3.53452;2
145.94464;14.43000;      1.40904;3.53455;2
145.97782;14.43167;      1.41124;3.53457;2
146.01100;14.43333;      1.41332;3.53459;2
146.04415;14.43500;      1.41576;3.53462;2
146.07731;14.43667;      1.41808;3.53464;2
146.11048;14.43833;      1.42040;3.53467;2
146.14364;14.44000;      1.42260;3.53469;2
146.17682;14.44167;      1.42467;3.53472;2
146.21000;14.44333;      1.42675;3.53474;2
146.24321;14.44500;      1.42882;3.53477;2
146.27639;14.44667;      1.43102;3.53479;2
146.30959;14.44833;      1.43322;3.53481;2
146.34277;14.45000;      1.43566;3.53484;2
146.37598;14.45167;      1.43810;3.53486;2
146.40920;14.45333;      1.44042;3.53489;2
146.44238;14.45500;      1.44287;3.53491;2
146.47556;14.45667;      1.44543;3.53494;2
146.50874;14.45833;      1.44812;3.53496;2
146.54194;14.46000;      1.45056;3.53499;2
146.57515;14.46167;      1.45325;3.53501;2
146.60836;14.46333;      1.45594;3.53503;2
146.64154;14.46500;      1.45850;3.53506;2
146.67471;14.46667;      1.46107;3.53508;2
146.70790;14.46833;      1.46351;3.53511;2
146.74110;14.47000;      1.46620;3.53513;2
146.77428;14.47167;      1.46901;3.53516;2
146.80746;14.47333;      1.47157;3.53518;2
146.84066;14.47500;      1.47414;3.53520;2
146.87384;14.47667;      1.47646;3.53523;2
146.90700;14.47833;      1.47890;3.53525;2
146.94016;14.48000;      1.48122;3.53528;2
146.97334;14.48167;      1.48342;3.53530;2
147.00654;14.48333;      1.48586;3.53533;2
147.03974;14.48500;      1.48805;3.53535;2
147.07295;14.48667;      1.49037;3.53537;2
147.10615;14.48833;      1.49282;3.53540;2
147.13934;14.49000;      1.49514;3.53542;2
147.17252;14.49167;      1.49758;3.53545;2
147.20570;14.49333;      1.49990;3.53547;2
147.23890;14.49500;      1.50222;3.53550;2
147.27208;14.49667;      1.50466;3.53552;2
147.30526;14.49833;      1.50710;3.53554;2
147.33844;14.50000;      1.50954;3.53557;2
147.37162;14.50167;      1.51186;3.53559;2
147.40480;14.50333;      1.51418;3.53562;2
147.43800;14.50500;      1.51662;3.53564;2
147.47118;14.50667;      1.51882;3.53567;2
147.50434;14.50833;      1.52114;3.53569;2
147.53754;14.51000;      1.52346;3.53571;2
147.57077;14.51167;      1.52565;3.53574;2
147.60397;14.51333;      1.52822;3.53576;2
147.63716;14.51500;      1.53054;3.53579;2
147.67036;14.51667;      1.53273;3.53581;2
147.70356;14.51833;      1.53493;3.53583;2
147.73672;14.52000;      1.53712;3.53586;2
147.76988;14.52167;      1.53944;3.53588;2
147.80306;14.52333;      1.54176;3.53591;2
147.83623;14.52500;      1.54408;3.53593;2
147.86943;14.52667;      1.54652;3.53596;2
147.90264;14.52833;      1.54896;3.53598;2
147.93584;14.53000;      1.55140;3.53600;2
147.96905;14.53167;      1.55372;3.53603;2
148.00223;14.53333;      1.55617;3.53605;2
148.03543;14.53500;      1.55861;3.53608;2
148.06865;14.53667;      1.56105;3.53610;2
148.10187;14.53833;      1.56373;3.53612;2
148.13508;14.54000;      1.56630;3.53615;2
148.16829;14.54167;      1.56886;3.53617;2
148.20151;14.54333;      1.57155;3.53620;2
148.23470;14.54500;      1.57411;3.53622;2
148.26788;14.54667;      1.57643;3.53625;2
148.30108;14.54833;      1.57887;3.53627;2
148.33428;14.55000;      1.58131;3.53629;2
148.36747;14.55167;      1.58375;3.53632;2
148.40069;14.55333;      1.58595;3.53634;2
148.43390;14.55500;      1.58839;3.53637;2
148.46711;14.55667;      1.59083;3.53639;2
148.50033;14.55833;      1.59302;3.53641;2
148.53352;14.56000;      1.59534;3.53644;2
148.56672;14.56167;      1.59766;3.53646;2
148.59990;14.56333;      1.59998;3.53649;2
148.63306;14.56500;      1.60242;3.53651;2
148.66626;14.56667;      1.60486;3.53653;2
148.69949;14.56833;      1.60730;3.53656;2
148.73269;14.57000;      1.60986;3.53658;2
148.76587;14.57167;      1.61255;3.53661;2
148.79908;14.57333;      1.61524;3.53663;2
148.83229;14.57500;      1.61792;3.53665;2
148.86549;14.57667;      1.62048;3.53668;2
148.89870;14.57833;      1.62292;3.53670;2
148.93192;14.58000;      1.62549;3.53673;2
148.96515;14.58167;      1.62780;3.53675;2
148.99836;14.58333;      1.62963;3.53677;2
149.03157;14.58500;      1.63158;3.53680;2
149.06477;14.58667;      1.63353;3.53682;2
149.09795;14.58833;      1.63561;3.53685;2
149.13113;14.59000;      1.63756;3.53687;2
149.16431;14.59167;      1.63975;3.53689;2
149.19747;14.59333;      1.64244;3.53692;2
149.23066;14.59500;      1.64537;3.53694;2
149.26384;14.59667;      1.64830;3.53697;2
149.29702;14.59833;      1.65110;3.53699;2
149.33018;14.60000;      1.65354;3.53701;2
149.36336;14.60167;      1.65598;3.53704;2
149.39654;14.60333;      1.65830;3.53706;2
149.42972;14.60500;      1.66062;3.53709;2
149.46290;14.60667;      1.66281;3.53711;2
149.49607;14.60833;      1.66476;3.53713;2
149.52925;14.61000;      1.66696;3.53716;2
149.56241;14.61167;      1.66927;3.53718;2
149.59556;14.61333;      1.67147;3.53720;2
149.62874;14.61500;      1.67342;3.53723;2
149.66192;14.61667;      1.67525;3.53725;2
149.69510;14.61833;      1.67720;3.53728;2
149.72823;14.62000;      1.67927;3.53730;2
149.76139;14.62167;      1.68122;3.53732;2
149.79456;14.62333;      1.68329;3.53735;2
149.82772;14.62500;      1.68548;3.53737;2
149.86092;14.62667;      1.68743;3.53740;2
149.89410;14.62833;      1.68938;3.53742;2
149.92726;14.63000;      1.69158;3.53744;2
149.96043;14.63167;      1.69377;3.53747;2
149.99357;14.63333;      1.69597;3.53749;2
150.02677;14.63500;      1.69792;3.53751;2
150.05995;14.63667;      1.69974;3.53754;2
150.09313;14.63833;      1.70169;3.53756;2
150.12631;14.64000;      1.70339;3.53759;2
150.15949;14.64167;      1.70534;3.53761;2
150.19266;14.64333;      1.70729;3.53763;2
150.22584;14.64500;      1.70912;3.53766;2
150.25903;14.64667;      1.71082;3.53768;2
150.29221;14.64833;      1.71216;3.53770;2
150.32541;14.65000;      1.71313;3.53773;2
150.35861;14.65167;      1.71434;3.53775;2
150.39182;14.65333;      1.71568;3.53778;2
150.42502;14.65500;      1.71726;3.53780;2
150.45821;14.65667;      1.71896;3.53782;2
150.49139;14.65833;      1.72079;3.53785;2
150.52459;14.66000;      1.72274;3.53787;2
150.55779;14.66167;      1.72456;3.53789;2
150.59098;14.66333;      1.72651;3.53792;2
150.62418;14.66500;      1.72859;3.53794;2
150.65739;14.66667;      1.73053;3.53797;2
150.69061;14.66833;      1.73310;3.53799;2
150.72380;14.67000;      1.73517;3.53801;2
150.75700;14.67167;      1.73687;3.53804;2
150.79021;14.67333;      1.73870;3.53806;2
150.82341;14.67500;      1.74040;3.53808;2
150.85661;14.67667;      1.74223;3.53811;2
150.88982;14.67833;      1.74418;3.53813;2
150.92302;14.68000;      1.74600;3.53815;2
150.95621;14.68167;      1.74783;3.53818;2
150.98941;14.68333;      1.74978;3.53820;2
151.02262;14.68500;      1.75185;3.53823;2
151.05582;14.68667;      1.75392;3.53825;2
151.08905;14.68833;      1.75611;3.53827;2
151.12226;14.69000;      1.75818;3.53830;2
151.15548;14.69167;      1.76025;3.53832;2
151.18871;14.69333;      1.76245;3.53834;2
151.22197;14.69500;      1.76452;3.53837;2
151.25521;14.69667;      1.76647;3.53839;2
151.28843;14.69833;      1.76842;3.53841;2
151.32166;14.70000;      1.77036;3.53844;2
151.35492;14.70167;      1.77231;3.53846;2
151.38818;14.70333;      1.77438;3.53849;2
151.42143;14.70500;      1.77633;3.53851;2
151.45467;14.70667;      1.77840;3.53853;2
151.48789;14.70833;      1.78047;3.53856;2
151.52115;14.71000;      1.78267;3.53858;2
151.55439;14.71167;      1.78474;3.53860;2
151.58764;14.71333;      1.78681;3.53863;2
151.62087;14.71500;      1.78863;3.53865;2
151.65408;14.71667;      1.79070;3.53867;2
151.68728;14.71833;      1.79277;3.53870;2
151.72048;14.72000;      1.79472;3.53872;2
151.75371;14.72167;      1.79655;3.53874;2
151.78692;14.72333;      1.79862;3.53877;2
151.82013;14.72500;      1.80057;3.53879;2
151.85334;14.72667;      1.80227;3.53882;2
151.88654;14.72833;      1.80397;3.53884;2
151.91975;14.73000;      1.80580;3.53886;2
151.95298;14.73167;      1.80750;3.53889;2
151.98623;14.73333;      1.80933;3.53891;2
152.01949;14.73500;      1.81103;3.53893;2
152.05269;14.73667;      1.81298;3.53896;2
152.08589;14.73833;      1.81480;3.53898;2
152.11907;14.74000;      1.81650;3.53900;2
152.15223;14.74167;      1.81808;3.53903;2
152.18541;14.74333;      1.81942;3.53905;2
152.21862;14.74500;      1.82088;3.53907;2
152.25182;14.74667;      1.82221;3.53910;2
152.28502;14.74833;      1.82367;3.53912;2
152.31821;14.75000;      1.82501;3.53914;2
152.35141;14.75167;      1.82646;3.53917;2
152.38459;14.75333;      1.82780;3.53919;2
152.41779;14.75500;      1.82926;3.53921;2
152.45097;14.75667;      1.83072;3.53924;2
152.48415;14.75833;      1.83205;3.53926;2
152.51736;14.76000;      1.83339;3.53928;2
152.55057;14.76167;      1.83484;3.53931;2
152.58379;14.76333;      1.83630;3.53933;2
152.61698;14.76500;      1.83776;3.53935;2
152.65016;14.76667;      1.83934;3.53938;2
152.68334;14.76833;      1.84043;3.53940;2
152.71652;14.77000;      1.84225;3.53942;2
152.74972;14.77167;      1.84346;3.53945;2
152.78292;14.77333;      1.84456;3.53947;2
152.81610;14.77500;      1.84601;3.53949;2
152.84928;14.77667;      1.84710;3.53952;2
152.88248;14.77833;      1.84795;3.53954;2
152.91566;14.78000;      1.84904;3.53956;2
152.94885;14.78167;      1.85013;3.53959;2
152.98205;14.78333;      1.85122;3.53961;2
153.01521;14.78500;      1.85231;3.53963;2
153.04838;14.78667;      1.85352;3.53966;2
153.08156;14.78833;      1.85486;3.53968;2
153.11472;14.79000;      1.85582;3.53970;2
153.14790;14.79167;      1.85691;3.53973;2
153.18112;14.79333;      1.85813;3.53975;2
153.21430;14.79500;      1.85958;3.53977;2
153.24746;14.79667;      1.86067;3.53980;2
153.28064;14.79833;      1.86103;3.53982;2
153.31382;14.80000;      1.86151;3.53984;2
153.34700;14.80167;      1.86198;3.53987;2
153.38016;14.80333;      1.86283;3.53989;2
153.41333;14.80500;      1.86355;3.53991;2
153.44649;14.80667;      1.86440;3.53994;2
153.47967;14.80833;      1.86512;3.53996;2
153.51289;14.81000;      1.86596;3.53998;2
153.54605;14.81167;      1.86693;3.54000;2
153.57921;14.81333;      1.86778;3.54003;2
153.61238;14.81500;      1.86874;3.54005;2
153.64556;14.81667;      1.86971;3.54007;2
153.67877;14.81833;      1.87043;3.54010;2
153.71200;14.82000;      1.87128;3.54012;2
153.74523;14.82167;      1.87212;3.54014;2
153.77844;14.82333;      1.87285;3.54017;2
153.81167;14.82500;      1.87357;3.54019;2
153.84490;14.82667;      1.87417;3.54021;2
153.87812;14.82833;      1.87416;3.54024;2
153.91134;14.83000;      1.87402;3.54026;2
153.94457;14.83167;      1.87401;3.54028;2
153.97779;14.83333;      1.87412;3.54031;2
154.01098;14.83500;      1.87423;3.54033;2
154.04416;14.83667;      1.87458;3.54035;2
154.07736;14.83833;      1.87482;3.54037;2
154.11056;14.84000;      1.87529;3.54040;2
154.14376;14.84167;      1.87553;3.54042;2
154.17697;14.84333;      1.87588;3.54044;2
154.21018;14.84500;      1.87636;3.54047;2
154.24338;14.84667;      1.87721;3.54049;2
154.27659;14.84833;      1.87805;3.54051;2
154.30980;14.85000;      1.87877;3.54054;2
154.34302;14.85167;      1.87937;3.54056;2
154.37621;14.85333;      1.87997;3.54058;2
154.40944;14.85500;      1.88070;3.54061;2
154.44264;14.85667;      1.88117;3.54063;2
154.47584;14.85833;      1.88177;3.54065;2
154.50903;14.86000;      1.88250;3.54067;2
154.54221;14.86167;      1.88322;3.54070;2
154.57538;14.86333;      1.88369;3.54072;2
154.60856;14.86500;      1.88417;3.54074;2
154.64172;14.86667;      1.88465;3.54077;2
154.67492;14.86833;      1.88525;3.54079;2
154.70810;14.87000;      1.88573;3.54081;2
154.74130;14.87167;      1.88608;3.54083;2
154.77448;14.87333;      1.88619;3.54086;2
154.80767;14.87500;      1.88630;3.54088;2
154.84089;14.87667;      1.88653;3.54090;2
154.87407;14.87833;      1.88665;3.54093;2
154.90721;14.88000;      1.88676;3.54095;2
154.94041;14.88167;      1.88687;3.54097;2
154.97357;14.88333;      1.88698;3.54099;2
155.00675;14.88500;      1.88696;3.54102;2
155.03995;14.88667;      1.88695;3.54104;2
155.07315;14.88833;      1.88706;3.54106;2
155.10636;14.89000;      1.88705;3.54109;2
155.13956;14.89167;      1.88716;3.54111;2
155.17274;14.89333;      1.88715;3.54113;2
155.20592;14.89500;      1.88713;3.54115;2
155.23912;14.89667;      1.88712;3.54118;2
155.27231;14.89833;      1.88723;3.54120;2
155.30548;14.90000;      1.88722;3.54122;2
155.33866;14.90167;      1.88733;3.54125;2
155.37184;14.90333;      1.88744;3.54127;2
155.40502;14.90500;      1.88731;3.54129;2
155.43816;14.90667;      1.88742;3.54131;2
155.47134;14.90833;      1.88765;3.54134;2
155.50451;14.91000;      1.88788;3.54136;2
155.53767;14.91167;      1.88824;3.54138;2
155.57085;14.91333;      1.88835;3.54141;2
155.60403;14.91500;      1.88846;3.54143;2
155.63721;14.91667;      1.88869;3.54145;2
155.67041;14.91833;      1.88868;3.54147;2
155.70359;14.92000;      1.88891;3.54150;2
155.73675;14.92167;      1.88902;3.54152;2
155.76992;14.92333;      1.88901;3.54154;2
155.80310;14.92500;      1.88912;3.54156;2
155.83626;14.92667;      1.88935;3.54159;2
155.86943;14.92833;      1.88983;3.54161;2
155.90261;14.93000;      1.89018;3.54163;2
155.93577;14.93167;      1.89066;3.54166;2
155.96890;14.93333;      1.89126;3.54168;2
156.00203;14.93500;      1.89174;3.54170;2
156.03518;14.93667;      1.89234;3.54172;2
156.06834;14.93833;      1.89282;3.54175;2
156.10152;14.94000;      1.89329;3.54177;2
156.13471;14.94167;      1.89365;3.54179;2
156.16787;14.94333;      1.89437;3.54181;2
156.20103;14.94500;      1.89497;3.54184;2
156.23420;14.94667;      1.89557;3.54186;2
156.26738;14.94833;      1.89617;3.54188;2
156.30056;14.95000;      1.89714;3.54190;2
156.33374;14.95167;      1.89798;3.54193;2
156.36692;14.95333;      1.89883;3.54195;2
156.40012;14.95500;      1.89955;3.54197;2
156.43330;14.95667;      1.90015;3.54199;2
156.46646;14.95833;      1.90087;3.54202;2
156.49962;14.96000;      1.90147;3.54204;2
156.53280;14.96167;      1.90219;3.54206;2
156.56600;14.96333;      1.90267;3.54208;2
156.59920;14.96500;      1.90290;3.54211;2
156.63238;14.96667;      1.90301;3.54213;2
156.66557;14.96833;      1.90312;3.54215;2
156.69875;14.97000;      1.90323;3.54218;2
156.73197;14.97167;      1.90334;3.54220;2
156.76515;14.97333;      1.90358;3.54222;2
156.79831;14.97500;      1.90393;3.54224;2
156.83148;14.97667;      1.90429;3.54227;2
156.86466;14.97833;      1.90464;3.54229;2
156.89784;14.98000;      1.90475;3.54231;2
156.93103;14.98167;      1.90486;3.54233;2
156.96420;14.98333;      1.90485;3.54236;2
156.99739;14.98500;      1.90496;3.54238;2
157.03059;14.98667;      1.90519;3.54240;2
157.06380;14.98833;      1.90530;3.54242;2
157.09698;14.99000;      1.90529;3.54245;2
157.13015;14.99167;      1.90552;3.54247;2
157.16331;14.99333;      1.90576;3.54249;2
157.19648;14.99500;      1.90599;3.54251;2
157.22962;14.99667;      1.90622;3.54253;2
157.26279;14.99833;      1.90633;3.54256;2
157.29595;15.00000;      1.90644;3.54258;2
157.32915;15.00167;      1.90631;3.54260;2
157.36234;15.00333;      1.90617;3.54262;2
157.39552;15.00500;      1.90628;3.54265;2
157.42871;15.00667;      1.90652;3.54267;2
157.46190;15.00833;      1.90675;3.54269;2
157.49510;15.01000;      1.90710;3.54271;2
157.52828;15.01167;      1.90746;3.54274;2
157.56146;15.01333;      1.90769;3.54276;2
157.59466;15.01500;      1.90792;3.54278;2
157.62784;15.01667;      1.90840;3.54280;2
157.66103;15.01833;      1.90900;3.54283;2
157.69423;15.02000;      1.90997;3.54285;2
157.72743;15.02167;      1.91106;3.54287;2
157.76059;15.02333;      1.91227;3.54289;2
157.79377;15.02500;      1.91324;3.54291;2
157.82695;15.02667;      1.91396;3.54294;2
157.86015;15.02833;      1.91480;3.54296;2
157.89333;15.03000;      1.91601;3.54298;2
157.92651;15.03167;      1.91698;3.54300;2
157.95971;15.03333;      1.91782;3.54303;2
157.99292;15.03500;      1.91867;3.54305;2
158.02612;15.03667;      1.91927;3.54307;2
158.05933;15.03833;      1.91999;3.54309;2
158.09251;15.04000;      1.92059;3.54312;2
158.12567;15.04167;      1.92119;3.54314;2
158.15887;15.04333;      1.92179;3.54316;2
158.19208;15.04500;      1.92227;3.54318;2
158.22528;15.04667;      1.92311;3.54320;2
158.25848;15.04833;      1.92420;3.54323;2
158.29166;15.05000;      1.92504;3.54325;2
158.32482;15.05167;      1.92577;3.54327;2
158.35800;15.05333;      1.92661;3.54329;2
158.39120;15.05500;      1.92758;3.54332;2
158.42436;15.05667;      1.92879;3.54334;2
158.45754;15.05833;      1.93012;3.54336;2
158.49075;15.06000;      1.93133;3.54338;2
158.52398;15.06167;      1.93230;3.54340;2
158.55718;15.06333;      1.93351;3.54343;2
158.59034;15.06500;      1.93509;3.54345;2
158.62351;15.06667;      1.93691;3.54347;2
158.65669;15.06833;      1.93837;3.54349;2
158.68989;15.07000;      1.93970;3.54351;2
158.72308;15.07167;      1.94116;3.54354;2
158.75628;15.07333;      1.94249;3.54356;2
158.78949;15.07500;      1.94383;3.54358;2
158.82270;15.07667;      1.94528;3.54360;2
158.85590;15.07833;      1.94674;3.54362;2
158.88908;15.08000;      1.94831;3.54365;2
158.92228;15.08167;      1.95001;3.54367;2
158.95546;15.08333;      1.95184;3.54369;2
158.98866;15.08500;      1.95403;3.54371;2
159.02185;15.08667;      1.95720;3.54374;2
159.05503;15.08833;      1.96134;3.54376;2
159.08821;15.09000;      1.96598;3.54378;2
159.12141;15.09167;      1.97037;3.54380;2
159.15459;15.09333;      1.97537;3.54382;2
159.18780;15.09500;      1.98062;3.54385;2
159.22103;15.09667;      1.98648;3.54387;2
159.25425;15.09833;      1.99258;3.54389;2
159.28744;15.10000;      1.99893;3.54391;2
159.32066;15.10167;      2.00528;3.54393;2
159.35385;15.10333;      2.01089;3.54396;2
159.38705;15.10500;      2.01602;3.54398;2
159.42026;15.10667;      2.02102;3.54400;2
159.45348;15.10833;      2.02651;3.54402;2
159.48669;15.11000;      2.03176;3.54404;2
159.51989;15.11167;      2.03713;3.54407;2
159.55310;15.11333;      2.04274;3.54409;2
159.58630;15.11500;      2.04811;3.54411;2
159.61949;15.11667;      2.05360;3.54413;2
159.65274;15.11833;      2.05934;3.54415;2
159.68595;15.12000;      2.06495;3.54417;2
159.71913;15.12167;      2.07057;3.54420;2
159.75233;15.12333;      2.07606;3.54422;2
159.78554;15.12500;      2.08143;3.54424;2
159.81875;15.12667;      2.08667;3.54426;2
159.85198;15.12833;      2.09180;3.54428;2
159.88520;15.13000;      2.09668;3.54431;2
159.91843;15.13167;      2.10131;3.54433;2
159.95164;15.13333;      2.10521;3.54435;2
159.98485;15.13500;      2.10899;3.54437;2
160.01807;15.13667;      2.11240;3.54439;2
160.05130;15.13833;      2.11593;3.54442;2
160.08451;15.14000;      2.11886;3.54444;2
160.11774;15.14167;      2.12092;3.54446;2
160.15097;15.14333;      2.12226;3.54448;2
160.18418;15.14500;      2.12371;3.54450;2
160.21739;15.14667;      2.12516;3.54452;2
160.25064;15.14833;      2.12625;3.54455;2
160.28387;15.15000;      2.12697;3.54457;2
160.31710;15.15167;      2.12745;3.54459;2
160.35033;15.15333;      2.12793;3.54461;2
160.38354;15.15500;      2.12828;3.54463;2
160.41672;15.15667;      2.12814;3.54465;2
160.44993;15.15833;      2.12886;3.54468;2
160.48313;15.16000;      2.12897;3.54470;2
160.51631;15.16167;      2.12908;3.54472;2
160.54948;15.16333;      2.12895;3.54474;2
160.58269;15.16500;      2.12845;3.54476;2
160.61592;15.16667;      2.12807;3.54479;2
160.64915;15.16833;      2.12683;3.54481;2
160.68238;15.17000;      2.12572;3.54483;2
160.71561;15.17167;      2.12472;3.54485;2
160.74884;15.17333;      2.12386;3.54487;2
160.78205;15.17500;      2.12299;3.54489;2
160.81525;15.17667;      2.12212;3.54492;2
160.84848;15.17833;      2.12149;3.54494;2
160.88170;15.18000;      2.12050;3.54496;2
160.91493;15.18167;      2.11939;3.54498;2
160.94815;15.18333;      2.11803;3.54500;2
160.98139;15.18500;      2.11680;3.54502;2
161.01462;15.18667;      2.11531;3.54504;2
161.04784;15.18833;      2.11383;3.54507;2
161.08105;15.19000;      2.11211;3.54509;2
161.11423;15.19167;      2.11002;3.54511;2
161.14743;15.19333;      2.10756;3.54513;2
161.18066;15.19500;      2.10522;3.54515;2
161.21387;15.19667;      2.10289;3.54517;2
161.24707;15.19833;      2.10068;3.54520;2
161.28028;15.20000;      2.09834;3.54522;2
161.31351;15.20167;      2.09588;3.54524;2
161.34672;15.20333;      2.09281;3.54526;2
161.37993;15.20500;      2.08999;3.54528;2
161.41315;15.20667;      2.08753;3.54530;2
161.44634;15.20833;      2.08482;3.54533;2
161.47952;15.21000;      2.08188;3.54535;2
161.51272;15.21167;      2.07869;3.54537;2
161.54593;15.21333;      2.07549;3.54539;2
161.57916;15.21500;      2.07218;3.54541;2
161.61239;15.21667;      2.06874;3.54543;2
161.64561;15.21833;      2.06519;3.54545;2
161.67880;15.22000;      2.06175;3.54548;2
161.71203;15.22167;      2.05819;3.54550;2
161.74526;15.22333;      2.05464;3.54552;2
161.77849;15.22500;      2.05132;3.54554;2
161.81174;15.22667;      2.04801;3.54556;2
161.84495;15.22833;      2.04445;3.54558;2
161.87815;15.23000;      2.04089;3.54560;2
161.91136;15.23167;      2.03721;3.54563;2
161.94459;15.23333;      2.03378;3.54565;2
161.97782;15.23500;      2.03034;3.54567;2
162.01103;15.23667;      2.02666;3.54569;2
162.04425;15.23833;      2.02286;3.54571;2
162.07748;15.24000;      2.01918;3.54573;2
162.11071;15.24167;      2.01562;3.54575;2
162.14394;15.24333;      2.01194;3.54578;2
162.17716;15.24500;      2.00838;3.54580;2
162.21038;15.24667;      2.00470;3.54582;2
162.24359;15.24833;      2.00102;3.54584;2
162.27679;15.25000;      1.99735;3.54586;2
162.31000;15.25167;      1.99330;3.54588;2
162.34321;15.25333;      1.98950;3.54590;2
162.37644;15.25500;      1.98594;3.54592;2
162.40966;15.25667;      1.98214;3.54595;2
162.44289;15.25833;      1.97834;3.54597;2
162.47612;15.26000;      1.97441;3.54599;2
162.50936;15.26167;      1.97049;3.54601;2
162.54261;15.26333;      1.96644;3.54603;2
162.57584;15.26500;      1.96252;3.54605;2
162.60903;15.26667;      1.95798;3.54607;2
162.64223;15.26833;      1.95296;3.54609;2
162.67544;15.27000;      1.94806;3.54612;2
162.70864;15.27167;      1.94304;3.54614;2
162.74184;15.27333;      1.93850;3.54616;2
162.77503;15.27500;      1.93397;3.54618;2
162.80823;15.27667;      1.92931;3.54620;2
162.84144;15.27833;      1.92404;3.54622;2
162.87466;15.28000;      1.91865;3.54624;2
162.90785;15.28167;      1.91326;3.54626;2
162.94105;15.28333;      1.90800;3.54628;2
162.97430;15.28500;      1.90248;3.54631;2
163.00754;15.28667;      1.89709;3.54633;2
163.04077;15.28833;      1.89158;3.54635;2
163.07400;15.29000;      1.88583;3.54637;2
163.10723;15.29167;      1.87982;3.54639;2
163.14048;15.29333;      1.87370;3.54641;2
163.17372;15.29500;      1.86746;3.54643;2
163.20693;15.29667;      1.86109;3.54645;2
163.24015;15.29833;      1.85484;3.54647;2
163.27338;15.30000;      1.84848;3.54650;2
163.30661;15.30167;      1.84187;3.54652;2
163.33984;15.30333;      1.83550;3.54654;2
163.37307;15.30500;      1.82889;3.54656;2
163.40631;15.30667;      1.82179;3.54658;2
163.43956;15.30833;      1.81469;3.54660;2
163.47280;15.31000;      1.80698;3.54662;2
163.50608;15.31167;      1.79927;3.54664;2
163.53936;15.31333;      1.79143;3.54666;2
163.57262;15.31500;      1.78348;3.54669;2
163.60588;15.31667;      1.77528;3.54671;2
163.63913;15.31833;      1.76720;3.54673;2
163.67238;15.32000;      1.75913;3.54675;2
163.70561;15.32167;      1.75068;3.54677;2
163.73882;15.32333;      1.74163;3.54679;2
163.77205;15.32500;      1.73269;3.54681;2
163.80526;15.32667;      1.72327;3.54683;2
163.83847;15.32833;      1.71385;3.54685;2
163.87170;15.33000;      1.70419;3.54687;2
163.90497;15.33167;      1.69477;3.54690;2
163.93821;15.33333;      1.68498;3.54692;2
163.97141;15.33500;      1.67495;3.54694;2
164.00461;15.33667;      1.66443;3.54696;2
164.03782;15.33833;      1.65330;3.54698;2
164.07106;15.34000;      1.64253;3.54700;2
164.10429;15.34167;      1.63177;3.54702;2
164.13752;15.34333;      1.62088;3.54704;2
164.17075;15.34500;      1.60889;3.54706;2
164.20398;15.34667;      1.59666;3.54708;2
164.23725;15.34833;      1.58468;3.54710;2
164.27049;15.35000;      1.57281;3.54712;2
164.30375;15.35167;      1.56095;3.54715;2
164.33700;15.35333;      1.54897;3.54717;2
164.37026;15.35500;      1.53686;3.54719;2
164.40352;15.35667;      1.52426;3.54721;2
164.43677;15.35833;      1.51167;3.54723;2
164.47000;15.36000;      1.49895;3.54725;2
164.50325;15.36167;      1.48599;3.54727;2
164.53648;15.36333;      1.47290;3.54729;2
164.56970;15.36500;      1.45994;3.54731;2
164.60295;15.36667;      1.44673;3.54733;2
164.63621;15.36833;      1.43353;3.54735;2
164.66949;15.37000;      1.42020;3.54737;2
164.70274;15.37167;      1.40675;3.54739;2
164.73602;15.37333;      1.39330;3.54742;2
164.76928;15.37500;      1.38022;3.54744;2
164.80254;15.37667;      1.36677;3.54746;2
164.83580;15.37833;      1.35319;3.54748;2
164.86907;15.38000;      1.33987;3.54750;2
164.90231;15.38167;      1.32654;3.54752;2
164.93557;15.38333;      1.31321;3.54754;2
164.96884;15.38500;      1.29989;3.54756;2
165.00207;15.38667;      1.28680;3.54758;2
165.03528;15.38833;      1.27372;3.54760;2
165.06852;15.39000;      1.26088;3.54762;2
165.10177;15.39167;      1.24817;3.54764;2
165.13502;15.39333;      1.23558;3.54766;2
165.16826;15.39500;      1.22311;3.54768;2
165.20151;15.39667;      1.21039;3.54770;2
165.23479;15.39833;      1.19817;3.54773;2
165.26807;15.40000;      1.18594;3.54775;2
165.30133;15.40167;      1.17396;3.54777;2
165.33459;15.40333;      1.16222;3.54779;2
165.36784;15.40500;      1.15085;3.54781;2
165.40110;15.40667;      1.13973;3.54783;2
165.43434;15.40833;      1.12860;3.54785;2
165.46757;15.41000;      1.11760;3.54787;2
165.50082;15.41167;      1.10635;3.54789;2
165.53405;15.41333;      1.09547;3.54791;2
165.56726;15.41500;      1.08496;3.54793;2
165.60049;15.41667;      1.07432;3.54795;2
165.63371;15.41833;      1.06369;3.54797;2
165.66693;15.42000;      1.05342;3.54799;2
165.70016;15.42167;      1.04339;3.54801;2
165.73341;15.42333;      1.03373;3.54803;2
165.76666;15.42500;      1.02407;3.54805;2
165.79990;15.42667;      1.01454;3.54807;2
165.83315;15.42833;      1.00500;3.54809;2
165.86639;15.43000;      0.99584;3.54812;2
165.89964;15.43167;      0.98728;3.54814;2
165.93285;15.43333;      0.97872;3.54816;2
165.96608;15.43500;      0.97004;3.54818;2
165.99936;15.43667;      0.96136;3.54820;2
166.03264;15.43833;      0.95280;3.54822;2
166.06590;15.44000;      0.94486;3.54824;2
166.09913;15.44167;      0.93654;3.54826;2
166.13238;15.44333;      0.92847;3.54828;2
166.16562;15.44500;      0.92041;3.54830;2
166.19887;15.44667;      0.91234;3.54832;2
166.23213;15.44833;      0.90464;3.54834;2
166.26538;15.45000;      0.89718;3.54836;2
166.29864;15.45167;      0.88984;3.54838;2
166.33187;15.45333;      0.88288;3.54840;2
166.36510;15.45500;      0.87615;3.54842;2
166.39831;15.45667;      0.86955;3.54844;2
166.43153;15.45833;      0.86295;3.54846;2
166.46477;15.46000;      0.85659;3.54848;2
166.49803;15.46167;      0.85072;3.54850;2
166.53126;15.46333;      0.84449;3.54852;2
166.56451;15.46500;      0.83825;3.54854;2
166.59775;15.46667;      0.83214;3.54856;2
166.63102;15.46833;      0.82639;3.54858;2
166.66426;15.47000;      0.82101;3.54860;2
166.69748;15.47167;      0.81563;3.54862;2
166.73074;15.47333;      0.81025;3.54864;2
166.76398;15.47500;      0.80500;3.54866;2
166.79723;15.47667;      0.79974;3.54868;2
166.83048;15.47833;      0.79460;3.54870;2
166.86372;15.48000;      0.78959;3.54872;2
166.89697;15.48167;      0.78470;3.54874;2
166.93023;15.48333;      0.77993;3.54876;2
166.96348;15.48500;      0.77529;3.54878;2
166.99674;15.48667;      0.77089;3.54880;2
167.03000;15.48833;      0.76648;3.54882;2
167.06326;15.49000;      0.76196;3.54884;2
167.09651;15.49167;      0.75731;3.54887;2
167.12975;15.49333;      0.75291;3.54889;2
167.16302;15.49500;      0.74876;3.54891;2
167.19630;15.49667;      0.74484;3.54893;2
167.22954;15.49833;      0.74056;3.54895;2
167.26275;15.50000;      0.73653;3.54897;2
167.29598;15.50167;      0.73274;3.54899;2
167.32923;15.50333;      0.72919;3.54901;2
167.36248;15.50500;      0.72589;3.54903;2
167.39569;15.50667;      0.72246;3.54905;2
167.42892;15.50833;      0.71892;3.54907;2
167.46216;15.51000;      0.71611;3.54909;2
167.49541;15.51167;      0.71317;3.54911;2
167.52867;15.51333;      0.71023;3.54913;2
167.56192;15.51500;      0.70730;3.54915;2
167.59516;15.51667;      0.70461;3.54917;2
167.62843;15.51833;      0.70192;3.54919;2
167.66167;15.52000;      0.69923;3.54921;2
167.69492;15.52167;      0.69654;3.54923;2
167.72815;15.52333;      0.69397;3.54925;2
167.76136;15.52500;      0.69140;3.54927;2
167.79457;15.52667;      0.68895;3.54929;2
167.82780;15.52833;      0.68626;3.54931;2
167.86105;15.53000;      0.68369;3.54933;2
167.89429;15.53167;      0.68137;3.54934;2
167.92754;15.53333;      0.67904;3.54936;2
167.96079;15.53500;      0.67660;3.54938;2
167.99402;15.53667;      0.67452;3.54940;2
168.02723;15.53833;      0.67219;3.54942;2
168.06043;15.54000;      0.66999;3.54944;2
168.09362;15.54167;      0.66791;3.54946;2
168.12685;15.54333;      0.66595;3.54948;2
168.16008;15.54500;      0.66412;3.54950;2
168.19331;15.54667;      0.66228;3.54952;2
168.22654;15.54833;      0.66032;3.54954;2
168.25975;15.55000;      0.65837;3.54956;2
168.29297;15.55167;      0.65653;3.54958;2
168.32618;15.55333;      0.65482;3.54960;2
168.35941;15.55500;      0.65335;3.54962;2
168.39264;15.55667;      0.65176;3.54964;2
168.42587;15.55833;      0.65004;3.54966;2
168.45908;15.56000;      0.64821;3.54968;2
168.49231;15.56167;      0.64662;3.54970;2
168.52554;15.56333;      0.64515;3.54972;2
168.55879;15.56500;      0.64356;3.54974;2
168.59202;15.56667;      0.64184;3.54976;2
168.62525;15.56833;      0.64038;3.54978;2
168.65846;15.57000;      0.63891;3.54980;2
168.69169;15.57167;      0.63768;3.54982;2
168.72492;15.57333;      0.63585;3.54984;2
168.75811;15.57500;      0.63426;3.54986;2
168.79131;15.57667;      0.63279;3.54988;2
168.82452;15.57833;      0.63132;3.54990;2
168.85774;15.58000;      0.62973;3.54992;2
168.89093;15.58167;      0.62850;3.54994;2
168.92413;15.58333;      0.62716;3.54996;2
168.95733;15.58500;      0.62593;3.54998;2
168.99054;15.58667;      0.62556;3.55000;2
169.02375;15.58833;      0.62543;3.55002;2
169.05697;15.59000;      0.62458;3.55004;2
169.09016;15.59167;      0.62360;3.55005;2
169.12339;15.59333;      0.62262;3.55007;2
169.15662;15.59500;      0.62225;3.55009;2
169.18984;15.59667;      0.62176;3.55011;2
169.22303;15.59833;      0.62090;3.55013;2
169.25625;15.60000;      0.62004;3.55015;2
169.28948;15.60167;      0.61930;3.55017;2
169.32269;15.60333;      0.61857;3.55019;2
169.35589;15.60500;      0.61820;3.55021;2
169.38911;15.60667;      0.61758;3.55023;2
169.42238;15.60833;      0.61697;3.55025;2
169.45561;15.61000;      0.61635;3.55027;2
169.48885;15.61167;      0.61562;3.55029;2
169.52210;15.61333;      0.61476;3.55031;2
169.55531;15.61500;      0.61390;3.55033;2
169.58854;15.61667;      0.61305;3.55035;2
169.62179;15.61833;      0.61219;3.55037;2
169.65500;15.62000;      0.61133;3.55039;2
169.68821;15.62167;      0.61120;3.55041;2
169.72144;15.62333;      0.61120;3.55042;2
169.75467;15.62500;      0.61120;3.55044;2
169.78792;15.62667;      0.61083;3.55046;2
169.82118;15.62833;      0.61034;3.55048;2
169.85443;15.63000;      0.60984;3.55050;2
169.88766;15.63167;      0.60923;3.55052;2
169.92088;15.63333;      0.60862;3.55054;2
169.95413;15.63500;      0.60812;3.55056;2
169.98738;15.63667;      0.60739;3.55058;2
170.02062;15.63833;      0.60702;3.55060;2
170.05387;15.64000;      0.60665;3.55062;2
170.08713;15.64167;      0.60628;3.55064;2
170.12041;15.64333;      0.60579;3.55066;2
170.15366;15.64500;      0.60542;3.55068;2
170.18687;15.64667;      0.60505;3.55069;2
170.22008;15.64833;      0.60456;3.55071;2
170.25329;15.65000;      0.60419;3.55073;2
170.28652;15.65167;      0.60382;3.55075;2
170.31975;15.65333;      0.60345;3.55077;2
170.35300;15.65500;      0.60345;3.55079;2
170.38623;15.65667;      0.60332;3.55081;2
170.41946;15.65833;      0.60307;3.55083;2
170.45269;15.66000;      0.60271;3.55085;2
170.48593;15.66167;      0.60246;3.55087;2
170.51915;15.66333;      0.60209;3.55089;2
170.55238;15.66500;      0.60184;3.55091;2
170.58561;15.66667;      0.60159;3.55093;2
170.61884;15.66833;      0.60135;3.55094;2
170.65205;15.67000;      0.60122;3.55096;2
170.68526;15.67167;      0.60097;3.55098;2
170.71847;15.67333;      0.60085;3.55100;2
170.75170;15.67500;      0.60084;3.55102;2
170.78492;15.67667;      0.60084;3.55104;2
170.81813;15.67833;      0.60084;3.55106;2
170.85134;15.68000;      0.60120;3.55108;2
170.88457;15.68167;      0.60156;3.55110;2
170.91780;15.68333;      0.60180;3.55112;2
170.95103;15.68500;      0.60192;3.55113;2
170.98425;15.68667;      0.60204;3.55115;2
171.01748;15.68833;      0.60192;3.55117;2
171.05070;15.69000;      0.60204;3.55119;2
171.08393;15.69167;      0.60203;3.55121;2
171.11716;15.69333;      0.60191;3.55123;2
171.15036;15.69500;      0.60166;3.55125;2
171.18356;15.69667;      0.60129;3.55127;2
171.21677;15.69833;      0.60104;3.55129;2
171.24998;15.70000;      0.60067;3.55131;2
171.28321;15.70167;      0.60030;3.55132;2
171.31644;15.70333;      0.60006;3.55134;2
171.34967;15.70500;      0.59981;3.55136;2
171.38292;15.70667;      0.59968;3.55138;2
171.41615;15.70833;      0.59944;3.55140;2
171.44938;15.71000;      0.59919;3.55142;2
171.48259;15.71167;      0.59894;3.55144;2
171.51577;15.71333;      0.59869;3.55146;2
171.54898;15.71500;      0.59845;3.55148;2
171.58220;15.71667;      0.59832;3.55149;2
171.61541;15.71833;      0.59820;3.55151;2
171.64861;15.72000;      0.59807;3.55153;2
171.68182;15.72167;      0.59795;3.55155;2
171.71505;15.72333;      0.59770;3.55157;2
171.74826;15.72500;      0.59758;3.55159;2
171.78149;15.72667;      0.59757;3.55161;2
171.81470;15.72833;      0.59720;3.55163;2
171.84792;15.73000;      0.59708;3.55164;2
171.88113;15.73167;      0.59671;3.55166;2
171.91434;15.73333;      0.59658;3.55168;2
171.94757;15.73500;      0.59646;3.55170;2
171.98080;15.73667;      0.59645;3.55172;2
172.01403;15.73833;      0.59633;3.55174;2
172.04725;15.74000;      0.59608;3.55176;2
172.08046;15.74167;      0.59596;3.55178;2
172.11369;15.74333;      0.59583;3.55179;2
172.14690;15.74500;      0.59571;3.55181;2
172.18011;15.74667;      0.59607;3.55183;2
172.21336;15.74833;      0.59631;3.55185;2
172.24661;15.75000;      0.59643;3.55187;2
172.27984;15.75167;      0.59655;3.55189;2
172.31305;15.75333;      0.59654;3.55191;2
172.34625;15.75500;      0.59679;3.55192;2
172.37944;15.75667;      0.59690;3.55194;2
172.41266;15.75833;      0.59715;3.55196;2
172.44590;15.76000;      0.59739;3.55198;2
172.47915;15.76167;      0.59751;3.55200;2
172.51236;15.76333;      0.59775;3.55202;2
172.54559;15.76500;      0.59799;3.55204;2
172.57884;15.76667;      0.59798;3.55205;2
172.61207;15.76833;      0.59810;3.55207;2
172.64530;15.77000;      0.59834;3.55209;2
172.67854;15.77167;      0.59834;3.55211;2
172.71180;15.77333;      0.59858;3.55213;2
172.74503;15.77500;      0.59870;3.55215;2
172.77828;15.77667;      0.59882;3.55217;2
172.81153;15.77833;      0.59906;3.55218;2
172.84479;15.78000;      0.59930;3.55220;2
172.87803;15.78167;      0.59954;3.55222;2
172.91126;15.78333;      0.59966;3.55224;2
172.94453;15.78500;      0.59990;3.55226;2
172.97777;15.78667;      0.60027;3.55228;2
173.01102;15.78833;      0.60038;3.55230;2
173.04425;15.79000;      0.60050;3.55231;2
173.07746;15.79167;      0.60050;3.55233;2
173.11066;15.79333;      0.60025;3.55235;2
173.14389;15.79500;      0.60013;3.55237;2
173.17713;15.79667;      0.60013;3.55239;2
173.21039;15.79833;      0.60012;3.55241;2
173.24364;15.80000;      0.60012;3.55242;2
173.27689;15.80167;      0.60012;3.55244;2
173.31010;15.80333;      0.60023;3.55246;2
173.34331;15.80500;      0.60035;3.55248;2
173.37656;15.80667;      0.60035;3.55250;2
173.40979;15.80833;      0.60035;3.55252;2
173.44300;15.81000;      0.60022;3.55253;2
173.47621;15.81167;      0.60022;3.55255;2
173.50944;15.81333;      0.60022;3.55257;2
173.54267;15.81500;      0.60046;3.55259;2
173.57590;15.81667;      0.60107;3.55261;2
173.60913;15.81833;      0.60143;3.55262;2
173.64236;15.82000;      0.60179;3.55264;2
173.67561;15.82167;      0.60191;3.55266;2
173.70884;15.82333;      0.60191;3.55268;2
173.74207;15.82500;      0.60154;3.55270;2
173.77528;15.82667;      0.60117;3.55272;2
173.80849;15.82833;      0.60104;3.55273;2
173.84174;15.83000;      0.60116;3.55275;2
173.87498;15.83167;      0.60128;3.55277;2
173.90823;15.83333;      0.60164;3.55279;2
173.94146;15.83500;      0.60188;3.55281;2
173.97467;15.83667;      0.60213;3.55282;2
174.00787;15.83833;      0.60237;3.55284;2
174.04107;15.84000;      0.60261;3.55286;2
174.07430;15.84167;      0.60285;3.55288;2
174.10754;15.84333;      0.60309;3.55290;2
174.14077;15.84500;      0.60321;3.55291;2
174.17402;15.84667;      0.60345;3.55293;2
174.20726;15.84833;      0.60345;3.55295;2
174.24049;15.85000;      0.60357;3.55297;2
174.27372;15.85167;      0.60344;3.55299;2
174.30698;15.85333;      0.60344;3.55300;2
174.34023;15.85500;      0.60331;3.55302;2
174.37349;15.85667;      0.60331;3.55304;2
174.40674;15.85833;      0.60331;3.55306;2
174.43997;15.86000;      0.60330;3.55308;2
174.47316;15.86167;      0.60379;3.55309;2
174.50638;15.86333;      0.60415;3.55311;2
174.53962;15.86500;      0.60439;3.55313;2
174.57287;15.86667;      0.60463;3.55315;2
174.60608;15.86833;      0.60487;3.55317;2
174.63930;15.87000;      0.60499;3.55318;2
174.67251;15.87167;      0.60511;3.55320;2
174.70572;15.87333;      0.60499;3.55322;2
174.73892;15.87500;      0.60498;3.55324;2
174.77215;15.87667;      0.60498;3.55326;2
174.80538;15.87833;      0.60485;3.55327;2
174.83862;15.88000;      0.60473;3.55329;2
174.87185;15.88167;      0.60485;3.55331;2
174.90508;15.88333;      0.60485;3.55333;2
174.93831;15.88500;      0.60484;3.55335;2
174.97156;15.88667;      0.60496;3.55336;2
175.00479;15.88833;      0.60496;3.55338;2
175.03800;15.89000;      0.60520;3.55340;2
175.07121;15.89167;      0.60532;3.55342;2
175.10444;15.89333;      0.60532;3.55343;2
175.13770;15.89500;      0.60531;3.55345;2
175.17095;15.89667;      0.60531;3.55347;2
175.20418;15.89833;      0.60494;3.55349;2
175.23738;15.90000;      0.60469;3.55351;2
175.27057;15.90167;      0.60433;3.55352;2
175.30379;15.90333;      0.60408;3.55354;2
175.33702;15.90500;      0.60395;3.55356;2
175.37025;15.90667;      0.60371;3.55358;2
175.40346;15.90833;      0.60370;3.55359;2
175.43667;15.91000;      0.60358;3.55361;2
175.46989;15.91167;      0.60345;3.55363;2
175.50311;15.91333;      0.60333;3.55365;2
175.53634;15.91500;      0.60333;3.55366;2
175.56957;15.91667;      0.60369;3.55368;2
175.60280;15.91833;      0.60381;3.55370;2
175.63602;15.92000;      0.60393;3.55372;2
175.66925;15.92167;      0.60404;3.55373;2
175.70246;15.92333;      0.60429;3.55375;2
175.73567;15.92500;      0.60441;3.55377;2
175.76889;15.92667;      0.60440;3.55379;2
175.80212;15.92833;      0.60440;3.55380;2
175.83534;15.93000;      0.60452;3.55382;2
175.86856;15.93167;      0.60464;3.55384;2
175.90175;15.93333;      0.60463;3.55386;2
175.93497;15.93500;      0.60475;3.55387;2
175.96818;15.93667;      0.60512;3.55389;2
176.00141;15.93833;      0.60536;3.55391;2
176.03464;15.94000;      0.60548;3.55393;2
176.06787;15.94167;      0.60559;3.55394;2
176.10108;15.94333;      0.60571;3.55396;2
176.13426;15.94500;      0.60596;3.55398;2
176.16746;15.94667;      0.60607;3.55400;2
176.20064;15.94833;      0.60619;3.55401;2
176.23382;15.95000;      0.60643;3.55403;2
176.26702;15.95167;      0.60655;3.55405;2
176.30021;15.95333;      0.60631;3.55407;2
176.33341;15.95500;      0.60606;3.55408;2
176.36662;15.95667;      0.60606;3.55410;2
176.39984;15.95833;      0.60593;3.55412;2
176.43303;15.96000;      0.60593;3.55414;2
176.46625;15.96167;      0.60580;3.55415;2
176.49948;15.96333;      0.60592;3.55417;2
176.53269;15.96500;      0.60580;3.55419;2
176.56590;15.96667;      0.60579;3.55420;2
176.59912;15.96833;      0.60591;3.55422;2
176.63231;15.97000;      0.60603;3.55424;2
176.66553;15.97167;      0.60603;3.55426;2
176.69875;15.97333;      0.60603;3.55427;2
176.73197;15.97500;      0.60615;3.55429;2
176.76518;15.97667;      0.60687;3.55431;2
176.79839;15.97833;      0.60724;3.55433;2
176.83157;15.98000;      0.60748;3.55434;2
176.86475;15.98167;      0.60760;3.55436;2
176.89795;15.98333;      0.60759;3.55438;2
176.93116;15.98500;      0.60759;3.55439;2
176.96438;15.98667;      0.60771;3.55441;2
176.99754;15.98833;      0.60783;3.55443;2
177.03074;15.99000;      0.60795;3.55445;2
177.06395;15.99167;      0.60819;3.55446;2
177.09716;15.99333;      0.60806;3.55448;2
177.13038;15.99500;      0.60818;3.55450;2
177.16356;15.99667;      0.60843;3.55451;2
177.19675;15.99833;      0.60879;3.55453;2
177.22995;16.00000;      0.60915;3.55455;2
177.26316;16.00167;      0.60927;3.55457;2
177.29636;16.00333;      0.60951;3.55458;2
177.32956;16.00500;      0.60975;3.55460;2
177.36277;16.00667;      0.60987;3.55462;2
177.39600;16.00833;      0.61036;3.55463;2
177.42921;16.01000;      0.61096;3.55465;2
177.46243;16.01167;      0.61132;3.55467;2
177.49564;16.01333;      0.61157;3.55468;2
177.52884;16.01500;      0.61132;3.55470;2
177.56202;16.01667;      0.61120;3.55472;2
177.59520;16.01833;      0.61131;3.55473;2
177.62838;16.02000;      0.61107;3.55475;2
177.66159;16.02167;      0.61131;3.55477;2
177.69479;16.02333;      0.61131;3.55479;2
177.72798;16.02500;      0.61142;3.55480;2
177.76116;16.02667;      0.61167;3.55482;2
177.79434;16.02833;      0.61179;3.55484;2
177.82756;16.03000;      0.61190;3.55485;2
177.86077;16.03167;      0.61190;3.55487;2
177.89397;16.03333;      0.61178;3.55489;2
177.92718;16.03500;      0.61177;3.55490;2
177.96036;16.03667;      0.61165;3.55492;2
177.99357;16.03833;      0.61152;3.55494;2
178.02677;16.04000;      0.61140;3.55495;2
178.05993;16.04167;      0.61115;3.55497;2
178.09311;16.04333;      0.61115;3.55499;2
178.12628;16.04500;      0.61090;3.55500;2
178.15949;16.04667;      0.61053;3.55502;2
178.19269;16.04833;      0.61041;3.55504;2
178.22590;16.05000;      0.61016;3.55505;2
178.25911;16.05167;      0.61028;3.55507;2
178.29233;16.05333;      0.61016;3.55509;2
178.32552;16.05500;      0.61015;3.55510;2
178.35870;16.05667;      0.61027;3.55512;2
178.39188;16.05833;      0.61051;3.55514;2
178.42506;16.06000;      0.61088;3.55515;2
178.45826;16.06167;      0.61100;3.55517;2
178.49146;16.06333;      0.61124;3.55519;2
178.52465;16.06500;      0.61123;3.55520;2
178.55783;16.06667;      0.61147;3.55522;2
178.59100;16.06833;      0.61159;3.55524;2
178.62418;16.07000;      0.61147;3.55525;2
178.65738;16.07167;      0.61147;3.55527;2
178.69056;16.07333;      0.61146;3.55529;2
178.72370;16.07500;      0.61158;3.55530;2
178.75687;16.07667;      0.61158;3.55532;2
178.79006;16.07833;      0.61170;3.55534;2
178.82323;16.08000;      0.61145;3.55535;2
178.85643;16.08167;      0.61133;3.55537;2
178.88962;16.08333;      0.61145;3.55539;2
178.92280;16.08500;      0.61157;3.55540;2
178.95597;16.08667;      0.61156;3.55542;2
178.98911;16.08833;      0.61168;3.55544;2
179.02231;16.09000;      0.61168;3.55545;2
179.05549;16.09167;      0.61167;3.55547;2
179.08865;16.09333;      0.61204;3.55549;2
179.12182;16.09500;      0.61228;3.55550;2
179.15497;16.09667;      0.61240;3.55552;2
179.18816;16.09833;      0.61264;3.55553;2
179.22136;16.10000;      0.61288;3.55555;2
179.25454;16.10167;      0.61288;3.55557;2
179.28772;16.10333;      0.61288;3.55558;2
179.32090;16.10500;      0.61275;3.55560;2
179.35408;16.10667;      0.61275;3.55562;2
179.38725;16.10833;      0.61262;3.55563;2
179.42039;16.11000;      0.61238;3.55565;2
179.45356;16.11167;      0.61237;3.55567;2
179.48670;16.11333;      0.61213;3.55568;2
179.51985;16.11500;      0.61200;3.55570;2
179.55302;16.11667;      0.61200;3.55571;2
179.58620;16.11833;      0.61236;3.55573;2
179.61938;16.12000;      0.61248;3.55575;2
179.65254;16.12167;      0.61260;3.55576;2
179.68569;16.12333;      0.61248;3.55578;2
179.71884;16.12500;      0.61259;3.55579;2
179.75200;16.12667;      0.61271;3.55581;2
179.78518;16.12833;      0.61283;3.55583;2
179.81834;16.13000;      0.61283;3.55584;2
179.85147;16.13167;      0.61307;3.55586;2
179.88461;16.13333;      0.61319;3.55588;2
179.91777;16.13500;      0.61331;3.55589;2
179.95093;16.13667;      0.61331;3.55591;2
179.98411;16.13833;      0.61343;3.55592;2
180.01729;16.14000;      0.61330;3.55594;2
180.05046;16.14167;      0.61305;3.55596;2
180.08364;16.14333;      0.61342;3.55597;2
180.11682;16.14500;      0.61366;3.55599;2
180.15000;16.14667;      0.61390;3.55600;2
180.18315;16.14833;      0.61377;3.55602;2
180.21631;16.15000;      0.61365;3.55604;2
180.24948;16.15167;      0.61353;3.55605;2
180.28264;16.15333;      0.61389;3.55607;2
180.31577;16.15500;      0.61437;3.55608;2
180.34893;16.15667;      0.61461;3.55610;2
180.38210;16.15833;      0.61461;3.55612;2
180.41528;16.16000;      0.61449;3.55613;2
180.44844;16.16167;      0.61436;3.55615;2
180.48161;16.16333;      0.61436;3.55616;2
180.51477;16.16500;      0.61436;3.55618;2
180.54792;16.16667;      0.61448;3.55620;2
180.58108;16.16833;      0.61447;3.55621;2
180.61425;16.17000;      0.61435;3.55623;2
180.64739;16.17167;      0.61434;3.55624;2
180.68057;16.17333;      0.61434;3.55626;2
180.71375;16.17500;      0.61434;3.55628;2
180.74695;16.17667;      0.61434;3.55629;2
180.78016;16.17833;      0.61433;3.55631;2
180.81333;16.18000;      0.61421;3.55632;2
180.84651;16.18167;      0.61421;3.55634;2
180.87967;16.18333;      0.61432;3.55635;2
180.91287;16.18500;      0.61481;3.55637;2
180.94607;16.18667;      0.61530;3.55639;2
180.97926;16.18833;      0.61590;3.55640;2
181.01246;16.19000;      0.61639;3.55642;2
181.04564;16.19167;      0.61675;3.55643;2
181.07882;16.19333;      0.61699;3.55645;2
181.11203;16.19500;      0.61748;3.55646;2
181.14523;16.19667;      0.61759;3.55648;2
181.17844;16.19833;      0.61747;3.55650;2
181.21162;16.20000;      0.61747;3.55651;2
181.24479;16.20167;      0.61771;3.55653;2
181.27798;16.20333;      0.61783;3.55654;2
181.31118;16.20500;      0.61782;3.55656;2
181.34439;16.20667;      0.61782;3.55657;2
181.37759;16.20833;      0.61770;3.55659;2
181.41079;16.21000;      0.61769;3.55661;2
181.44398;16.21167;      0.61769;3.55662;2
181.47718;16.21333;      0.61805;3.55664;2
181.51039;16.21500;      0.61891;3.55665;2
181.54359;16.21667;      0.61890;3.55667;2
181.57677;16.21833;      0.61914;3.55668;2
181.60997;16.22000;      0.61938;3.55670;2
181.64316;16.22167;      0.61962;3.55671;2
181.67638;16.22333;      0.61999;3.55673;2
181.70957;16.22500;      0.62047;3.55675;2
181.74279;16.22667;      0.62096;3.55676;2
181.77600;16.22833;      0.62108;3.55678;2
181.80921;16.23000;      0.62120;3.55679;2
181.84244;16.23167;      0.62107;3.55681;2
181.87566;16.23333;      0.62083;3.55682;2
181.90890;16.23500;      0.62070;3.55684;2
181.94211;16.23667;      0.62046;3.55685;2
181.97531;16.23833;      0.62045;3.55687;2
182.00851;16.24000;      0.62045;3.55688;2
182.04169;16.24167;      0.62033;3.55690;2
182.07487;16.24333;      0.62044;3.55692;2
182.10807;16.24500;      0.62056;3.55693;2
182.14125;16.24667;      0.62080;3.55695;2
182.17448;16.24833;      0.62092;3.55696;2
182.20770;16.25000;      0.62129;3.55698;2
182.24090;16.25167;      0.62153;3.55699;2
182.27407;16.25333;      0.62177;3.55701;2
182.30726;16.25500;      0.62201;3.55702;2
182.34048;16.25667;      0.62201;3.55704;2
182.37369;16.25833;      0.62237;3.55705;2
182.40692;16.26000;      0.62237;3.55707;2
182.44011;16.26167;      0.62249;3.55708;2
182.47331;16.26333;      0.62297;3.55710;2
182.50651;16.26500;      0.62333;3.55711;2
182.53970;16.26667;      0.62358;3.55713;2
182.57292;16.26833;      0.62406;3.55714;2
182.60613;16.27000;      0.62430;3.55716;2
182.63934;16.27167;      0.62466;3.55717;2
182.67257;16.27333;      0.62503;3.55719;2
182.70577;16.27500;      0.62551;3.55721;2
182.73895;16.27667;      0.62563;3.55722;2
182.77213;16.27833;      0.62575;3.55724;2
182.80531;16.28000;      0.62575;3.55725;2
182.83851;16.28167;      0.62562;3.55727;2
182.87172;16.28333;      0.62550;3.55728;2
182.90493;16.28500;      0.62537;3.55730;2
182.93810;16.28667;      0.62549;3.55731;2
182.97128;16.28833;      0.62610;3.55733;2
183.00448;16.29000;      0.62646;3.55734;2
183.03769;16.29167;      0.62670;3.55736;2
183.07090;16.29333;      0.62682;3.55737;2
183.10413;16.29500;      0.62706;3.55739;2
183.13733;16.29667;      0.62718;3.55740;2
183.17054;16.29833;      0.62742;3.55742;2
183.20375;16.30000;      0.62754;3.55743;2
183.23695;16.30167;      0.62766;3.55745;2
183.27016;16.30333;      0.62778;3.55746;2
183.30336;16.30500;      0.62790;3.55748;2
183.33656;16.30667;      0.62790;3.55749;2
183.36975;16.30833;      0.62777;3.55751;2
183.40297;16.31000;      0.62777;3.55752;2
183.43616;16.31167;      0.62777;3.55754;2
183.46936;16.31333;      0.62764;3.55755;2
183.50256;16.31500;      0.62776;3.55756;2
183.53575;16.31667;      0.62764;3.55758;2
183.56897;16.31833;      0.62764;3.55759;2
183.60220;16.32000;      0.62788;3.55761;2
183.63541;16.32167;      0.62788;3.55762;2
183.66862;16.32333;      0.62787;3.55764;2
183.70184;16.32500;      0.62811;3.55765;2
183.73507;16.32667;      0.62848;3.55767;2
183.76828;16.32833;      0.62872;3.55768;2
183.80146;16.33000;      0.62896;3.55770;2
183.83466;16.33167;      0.62920;3.55771;2
183.86785;16.33333;      0.62908;3.55773;2
183.90107;16.33500;      0.62895;3.55774;2
183.93426;16.33667;      0.62919;3.55776;2
183.96746;16.33833;      0.62931;3.55777;2
184.00067;16.34000;      0.62955;3.55779;2
184.03388;16.34167;      0.62979;3.55780;2
184.06710;16.34333;      0.62991;3.55781;2
184.10031;16.34500;      0.62979;3.55783;2
184.13352;16.34667;      0.62979;3.55784;2
184.16675;16.34833;      0.63027;3.55786;2
184.19997;16.35000;      0.63088;3.55787;2
184.23318;16.35167;      0.63136;3.55789;2
184.26641;16.35333;      0.63172;3.55790;2
184.29966;16.35500;      0.63197;3.55792;2
184.33287;16.35667;      0.63209;3.55793;2
184.36608;16.35833;      0.63208;3.55795;2
184.39929;16.36000;      0.63232;3.55796;2
184.43249;16.36167;      0.63244;3.55798;2
184.46569;16.36333;      0.63268;3.55799;2
184.49890;16.36500;      0.63280;3.55800;2
184.53213;16.36667;      0.63304;3.55802;2
184.56536;16.36833;      0.63316;3.55803;2
184.59856;16.37000;      0.63340;3.55805;2
184.63177;16.37167;      0.63352;3.55806;2
184.66500;16.37333;      0.63364;3.55808;2
184.69821;16.37500;      0.63388;3.55809;2
184.73143;16.37667;      0.63412;3.55811;2
184.76466;16.37833;      0.63437;3.55812;2
184.79788;16.38000;      0.63449;3.55813;2
184.83110;16.38167;      0.63461;3.55815;2
184.86433;16.38333;      0.63448;3.55816;2
184.89754;16.38500;      0.63448;3.55818;2
184.93075;16.38667;      0.63460;3.55819;2
184.96397;16.38833;      0.63459;3.55821;2
184.99718;16.39000;      0.63484;3.55822;2
185.03038;16.39167;      0.63508;3.55823;2
185.06357;16.39333;      0.63520;3.55825;2
185.09677;16.39500;      0.63532;3.55826;2
185.12997;16.39667;      0.63543;3.55828;2
185.16318;16.39833;      0.63568;3.55829;2
185.19639;16.40000;      0.63567;3.55831;2
185.22957;16.40167;      0.63579;3.55832;2
185.26277;16.40333;      0.63591;3.55833;2
185.29597;16.40500;      0.63615;3.55835;2
185.32916;16.40667;      0.63627;3.55836;2
185.36238;16.40833;      0.63651;3.55838;2
185.39559;16.41000;      0.63700;3.55839;2
185.42879;16.41167;      0.63724;3.55840;2
185.46200;16.41333;      0.63760;3.55842;2
185.49521;16.41500;      0.63797;3.55843;2
185.52841;16.41667;      0.63833;3.55845;2
185.56161;16.41833;      0.63869;3.55846;2
185.59480;16.42000;      0.63905;3.55847;2
185.62798;16.42167;      0.63954;3.55849;2
185.66116;16.42333;      0.63978;3.55850;2
185.69436;16.42500;      0.64014;3.55852;2
185.72756;16.42667;      0.64051;3.55853;2
185.76074;16.42833;      0.64087;3.55854;2
185.79393;16.43000;      0.64099;3.55856;2
185.82713;16.43167;      0.64123;3.55857;2
185.86033;16.43333;      0.64147;3.55859;2
185.89352;16.43500;      0.64159;3.55860;2
185.92672;16.43667;      0.64147;3.55861;2
185.95990;16.43833;      0.64134;3.55863;2
185.99308;16.44000;      0.64146;3.55864;2
186.02626;16.44167;      0.64195;3.55866;2
186.05944;16.44333;      0.64219;3.55867;2
186.09264;16.44500;      0.64206;3.55868;2
186.12585;16.44667;      0.64169;3.55870;2
186.15907;16.44833;      0.64181;3.55871;2
186.19226;16.45000;      0.64218;3.55873;2
186.22544;16.45167;      0.64242;3.55874;2
186.25864;16.45333;      0.64241;3.55875;2
186.29184;16.45500;      0.64253;3.55877;2
186.32502;16.45667;      0.64241;3.55878;2
186.35820;16.45833;      0.64241;3.55879;2
186.39141;16.46000;      0.64265;3.55881;2
186.42461;16.46167;      0.64289;3.55882;2
186.45780;16.46333;      0.64289;3.55884;2
186.49102;16.46500;      0.64313;3.55885;2
186.52420;16.46667;      0.64313;3.55886;2
186.55738;16.46833;      0.64349;3.55888;2
186.59056;16.47000;      0.64361;3.55889;2
186.62375;16.47167;      0.64397;3.55890;2
186.65695;16.47333;      0.64421;3.55892;2
186.69013;16.47500;      0.64445;3.55893;2
186.72331;16.47667;      0.64469;3.55894;2
186.75651;16.47833;      0.64494;3.55896;2
186.78970;16.48000;      0.64530;3.55897;2
186.82292;16.48167;      0.64554;3.55899;2
186.85613;16.48333;      0.64566;3.55900;2
186.88933;16.48500;      0.64590;3.55901;2
186.92252;16.48667;      0.64602;3.55903;2
186.95572;16.48833;      0.64626;3.55904;2
186.98895;16.49000;      0.64650;3.55905;2
187.02216;16.49167;      0.64662;3.55907;2
187.05536;16.49333;      0.64686;3.55908;2
187.08856;16.49500;      0.64710;3.55909;2
187.12175;16.49667;      0.64747;3.55911;2
187.15493;16.49833;      0.64759;3.55912;2
187.18811;16.50000;      0.64758;3.55913;2
187.22129;16.50167;      0.64758;3.55915;2
187.25451;16.50333;      0.64758;3.55916;2
187.28770;16.50500;      0.64770;3.55917;2
187.32090;16.50667;      0.64757;3.55919;2
187.35410;16.50833;      0.64757;3.55920;2
187.38730;16.51000;      0.64757;3.55921;2
187.42048;16.51167;      0.64744;3.55923;2
187.45366;16.51333;      0.64732;3.55924;2
187.48685;16.51500;      0.64744;3.55925;2
187.52005;16.51667;      0.64756;3.55927;2
187.55325;16.51833;      0.64780;3.55928;2
187.58648;16.52000;      0.64816;3.55929;2
187.61967;16.52167;      0.64828;3.55931;2
187.65289;16.52333;      0.64864;3.55932;2
187.68612;16.52500;      0.64876;3.55933;2
187.71933;16.52667;      0.64864;3.55935;2
187.75251;16.52833;      0.64876;3.55936;2
187.78572;16.53000;      0.64876;3.55937;2
187.81892;16.53167;      0.64900;3.55939;2
187.85213;16.53333;      0.64912;3.55940;2
187.88534;16.53500;      0.64924;3.55941;2
187.91856;16.53667;      0.64948;3.55942;2
187.95177;16.53833;      0.64960;3.55944;2
187.98500;16.54000;      0.64996;3.55945;2
188.01823;16.54167;      0.65008;3.55946;2
188.05144;16.54333;      0.65020;3.55948;2
188.08466;16.54500;      0.65032;3.55949;2
188.11787;16.54667;      0.65032;3.55950;2
188.15108;16.54833;      0.65044;3.55952;2
188.18428;16.55000;      0.65055;3.55953;2
188.21749;16.55167;      0.65055;3.55954;2
188.25071;16.55333;      0.65079;3.55956;2
188.28392;16.55500;      0.65103;3.55957;2
188.31715;16.55667;      0.65128;3.55958;2
188.35039;16.55833;      0.65164;3.55959;2
188.38364;16.56000;      0.65188;3.55961;2
188.41685;16.56167;      0.65200;3.55962;2
188.45007;16.56333;      0.65175;3.55963;2
188.48331;16.56500;      0.65175;3.55965;2
188.51654;16.56667;      0.65175;3.55966;2
188.54979;16.56833;      0.65175;3.55967;2
188.58302;16.57000;      0.65199;3.55969;2
188.61625;16.57167;      0.65235;3.55970;2
188.64949;16.57333;      0.65271;3.55971;2
188.68274;16.57500;      0.65308;3.55972;2
188.71597;16.57667;      0.65320;3.55974;2
188.74918;16.57833;      0.65331;3.55975;2
188.78239;16.58000;      0.65356;3.55976;2
188.81561;16.58167;      0.65355;3.55977;2
188.84882;16.58333;      0.65331;3.55979;2
188.88205;16.58500;      0.65343;3.55980;2
188.91525;16.58667;      0.65355;3.55981;2
188.94846;16.58833;      0.65342;3.55983;2
188.98167;16.59000;      0.65342;3.55984;2
189.01485;16.59167;      0.65354;3.55985;2
189.04807;16.59333;      0.65366;3.55986;2
189.08131;16.59500;      0.65378;3.55988;2
189.11453;16.59667;      0.65390;3.55989;2
189.14774;16.59833;      0.65402;3.55990;2
189.18095;16.60000;      0.65401;3.55991;2
189.21420;16.60167;      0.65426;3.55993;2
189.24746;16.60333;      0.65438;3.55994;2
189.28069;16.60500;      0.65437;3.55995;2
189.31392;16.60667;      0.65449;3.55996;2
189.34713;16.60833;      0.65461;3.55998;2
189.38036;16.61000;      0.65473;3.55999;2
189.41357;16.61167;      0.65497;3.56000;2
189.44680;16.61333;      0.65509;3.56001;2
189.48005;16.61500;      0.65533;3.56003;2
189.51330;16.61667;      0.65545;3.56004;2
189.54652;16.61833;      0.65557;3.56005;2
189.57977;16.62000;      0.65569;3.56006;2
189.61298;16.62167;      0.65581;3.56008;2
189.64625;16.62333;      0.65581;3.56009;2
189.67949;16.62500;      0.65593;3.56010;2
189.71274;16.62667;      0.65581;3.56011;2
189.74598;16.62833;      0.65605;3.56013;2
189.77923;16.63000;      0.65617;3.56014;2
189.81244;16.63167;      0.65641;3.56015;2
189.84567;16.63333;      0.65665;3.56016;2
189.87892;16.63500;      0.65665;3.56018;2
189.91215;16.63667;      0.65689;3.56019;2
189.94538;16.63833;      0.65701;3.56020;2
189.97861;16.64000;      0.65713;3.56021;2
190.01184;16.64167;      0.65737;3.56022;2
190.04507;16.64333;      0.65749;3.56024;2
190.07828;16.64500;      0.65773;3.56025;2
190.11149;16.64667;      0.65797;3.56026;2
190.14469;16.64833;      0.65809;3.56027;2
190.17789;16.65000;      0.65821;3.56029;2
190.21112;16.65167;      0.65833;3.56030;2
190.24434;16.65333;      0.65857;3.56031;2
190.27757;16.65500;      0.65857;3.56032;2
190.31079;16.65667;      0.65881;3.56033;2
190.34400;16.65833;      0.65868;3.56035;2
190.37721;16.66000;      0.65893;3.56036;2
190.41041;16.66167;      0.65905;3.56037;2
190.44361;16.66333;      0.65904;3.56038;2
190.47679;16.66500;      0.65916;3.56040;2
190.50995;16.66667;      0.65928;3.56041;2
190.54315;16.66833;      0.65952;3.56042;2
190.57634;16.67000;      0.65989;3.56043;2
190.60956;16.67167;      0.66000;3.56044;2
190.64277;16.67333;      0.66025;3.56046;2
190.67598;16.67500;      0.66037;3.56047;2
190.70918;16.67667;      0.66061;3.56048;2
190.74239;16.67833;      0.66073;3.56049;2
190.77564;16.68000;      0.66085;3.56050;2
190.80885;16.68167;      0.66072;3.56051;2
190.84207;16.68333;      0.66060;3.56053;2
190.87528;16.68500;      0.66060;3.56054;2
190.90848;16.68667;      0.66072;3.56055;2
190.94171;16.68833;      0.66083;3.56056;2
190.97492;16.69000;      0.66083;3.56057;2
191.00813;16.69167;      0.66095;3.56059;2
191.04136;16.69333;      0.66107;3.56060;2
191.07459;16.69500;      0.66119;3.56061;2
191.10780;16.69667;      0.66143;3.56062;2
191.14103;16.69833;      0.66167;3.56063;2
191.17425;16.70000;      0.66192;3.56065;2
191.20748;16.70167;      0.66228;3.56066;2
191.24067;16.70333;      0.66264;3.56067;2
191.27387;16.70500;      0.66288;3.56068;2
191.30710;16.70667;      0.66300;3.56069;2
191.34033;16.70833;      0.66300;3.56070;2
191.37356;16.71000;      0.66312;3.56072;2
191.40677;16.71167;      0.66312;3.56073;2
191.43998;16.71333;      0.66312;3.56074;2
191.47321;16.71500;      0.66336;3.56075;2
191.50644;16.71667;      0.66348;3.56076;2
191.53964;16.71833;      0.66372;3.56077;2
191.57284;16.72000;      0.66384;3.56079;2
191.60602;16.72167;      0.66383;3.56080;2
191.63921;16.72333;      0.66383;3.56081;2
191.67239;16.72500;      0.66383;3.56082;2
191.70559;16.72667;      0.66371;3.56083;2
191.73877;16.72833;      0.66358;3.56084;2
191.77195;16.73000;      0.66383;3.56086;2
191.80516;16.73167;      0.66358;3.56087;2
191.83839;16.73333;      0.66346;3.56088;2
191.87161;16.73500;      0.66321;3.56089;2
191.90482;16.73667;      0.66309;3.56090;2
191.93803;16.73833;      0.66296;3.56091;2
191.97125;16.74000;      0.66296;3.56092;2
192.00446;16.74167;      0.66308;3.56094;2
192.03767;16.74333;      0.66344;3.56095;2
192.07088;16.74500;      0.66368;3.56096;2
192.10411;16.74667;      0.66405;3.56097;2
192.13736;16.74833;      0.66429;3.56098;2
192.17061;16.75000;      0.66477;3.56099;2
192.20387;16.75167;      0.66550;3.56100;2
192.23710;16.75333;      0.66611;3.56101;2
192.27031;16.75500;      0.66647;3.56103;2
192.30354;16.75667;      0.66683;3.56104;2
192.33677;16.75833;      0.66695;3.56105;2
192.37000;16.76000;      0.66732;3.56106;2
192.40323;16.76167;      0.66780;3.56107;2
192.43647;16.76333;      0.66829;3.56108;2
192.46972;16.76500;      0.66865;3.56109;2
192.50298;16.76667;      0.66901;3.56110;2
192.53623;16.76833;      0.66962;3.56112;2
192.56946;16.77000;      0.66986;3.56113;2
192.60270;16.77167;      0.67010;3.56114;2
192.63595;16.77333;      0.67022;3.56115;2
192.66918;16.77500;      0.67034;3.56116;2
192.70239;16.77667;      0.66997;3.56117;2
192.73561;16.77833;      0.66997;3.56118;2
192.76880;16.78000;      0.66997;3.56119;2
192.80200;16.78167;      0.66997;3.56120;2
192.83523;16.78333;      0.66984;3.56122;2
192.86847;16.78500;      0.66984;3.56123;2
192.90169;16.78667;      0.66972;3.56124;2
192.93492;16.78833;      0.66996;3.56125;2
192.96815;16.79000;      0.67008;3.56126;2
193.00138;16.79167;      0.67032;3.56127;2
193.03461;16.79333;      0.67056;3.56128;2
193.06785;16.79500;      0.67044;3.56129;2
193.10106;16.79667;      0.67056;3.56130;2
193.13428;16.79833;      0.67068;3.56131;2
193.16752;16.80000;      0.67067;3.56133;2
193.20075;16.80167;      0.67092;3.56134;2
193.23398;16.80333;      0.67116;3.56135;2
193.26721;16.80500;      0.67128;3.56136;2
193.30043;16.80667;      0.67140;3.56137;2
193.33364;16.80833;      0.67152;3.56138;2
193.36685;16.81000;      0.67200;3.56139;2
193.40008;16.81167;      0.67237;3.56140;2
193.43331;16.81333;      0.67261;3.56141;2
193.46654;16.81500;      0.67285;3.56142;2
193.49977;16.81667;      0.67309;3.56143;2
193.53300;16.81833;      0.67333;3.56144;2
193.56625;16.82000;      0.67333;3.56145;2
193.59951;16.82167;      0.67320;3.56147;2
193.63279;16.82333;      0.67332;3.56148;2
193.66605;16.82500;      0.67344;3.56149;2
193.69931;16.82667;      0.67356;3.56150;2
193.73257;16.82833;      0.67368;3.56151;2
193.76582;16.83000;      0.67392;3.56152;2
193.79905;16.83167;      0.67429;3.56153;2
193.83228;16.83333;      0.67465;3.56154;2
193.86552;16.83500;      0.67501;3.56155;2
193.89879;16.83667;      0.67526;3.56156;2
193.93203;16.83833;      0.67550;3.56157;2
193.96530;16.84000;      0.67586;3.56158;2
193.99854;16.84167;      0.67598;3.56159;2
194.03177;16.84333;      0.67610;3.56160;2
194.06498;16.84500;      0.67634;3.56161;2
194.09823;16.84667;      0.67646;3.56162;2
194.13148;16.84833;      0.67670;3.56164;2
194.16471;16.85000;      0.67694;3.56165;2
194.19793;16.85167;      0.67718;3.56166;2
194.23116;16.85333;      0.67706;3.56167;2
194.26441;16.85500;      0.67706;3.56168;2
194.29766;16.85667;      0.67693;3.56169;2
194.33090;16.85833;      0.67681;3.56170;2
194.36415;16.86000;      0.67693;3.56171;2
194.39736;16.86167;      0.67705;3.56172;2
194.43059;16.86333;      0.67717;3.56173;2
194.46382;16.86500;      0.67741;3.56174;2
194.49705;16.86667;      0.67741;3.56175;2
194.53028;16.86833;      0.67753;3.56176;2
194.56352;16.87000;      0.67802;3.56177;2
194.59679;16.87167;      0.67826;3.56178;2
194.63003;16.87333;      0.67825;3.56179;2
194.66325;16.87500;      0.67837;3.56180;2
194.69649;16.87667;      0.67849;3.56181;2
194.72974;16.87833;      0.67861;3.56182;2
194.76300;16.88000;      0.67861;3.56183;2
194.79626;16.88167;      0.67849;3.56184;2
194.82951;16.88333;      0.67861;3.56185;2
194.86274;16.88500;      0.67922;3.56186;2
194.89597;16.88667;      0.67994;3.56187;2
194.92923;16.88833;      0.68067;3.56188;2
194.96246;16.89000;      0.68116;3.56189;2
194.99571;16.89167;      0.68152;3.56190;2
195.02895;16.89333;      0.68200;3.56191;2
195.06220;16.89500;      0.68237;3.56192;2
195.09543;16.89667;      0.68249;3.56193;2
195.12866;16.89833;      0.68261;3.56194;2
195.16190;16.90000;      0.68273;3.56195;2
195.19516;16.90167;      0.68273;3.56196;2
195.22843;16.90333;      0.68284;3.56197;2
195.26169;16.90500;      0.68284;3.56198;2
195.29495;16.90667;      0.68272;3.56199;2
195.32821;16.90833;      0.68272;3.56200;2
195.36148;16.91000;      0.68259;3.56201;2
195.39475;16.91167;      0.68259;3.56202;2
195.42802;16.91333;      0.68283;3.56203;2
195.46128;16.91500;      0.68295;3.56204;2
195.49454;16.91667;      0.68307;3.56205;2
195.52780;16.91833;      0.68331;3.56206;2
195.56105;16.92000;      0.68356;3.56207;2
195.59431;16.92167;      0.68368;3.56208;2
195.62757;16.92333;      0.68392;3.56209;2
195.66080;16.92500;      0.68416;3.56210;2
195.69403;16.92667;      0.68428;3.56211;2
195.72728;16.92833;      0.68452;3.56212;2
195.76053;16.93000;      0.68464;3.56213;2
195.79379;16.93167;      0.68500;3.56214;2
195.82707;16.93333;      0.68610;3.56215;2
195.86033;16.93500;      0.68670;3.56216;2
195.89357;16.93667;      0.68731;3.56217;2
195.92680;16.93833;      0.68792;3.56218;2
195.96005;16.94000;      0.68828;3.56219;2
195.99328;16.94167;      0.68864;3.56220;2
196.02654;16.94333;      0.68876;3.56221;2
196.05982;16.94500;      0.68900;3.56222;2
196.09309;16.94667;      0.68900;3.56223;2
196.12633;16.94833;      0.68900;3.56224;2
196.15958;16.95000;      0.68912;3.56225;2
196.19283;16.95167;      0.68912;3.56226;2
196.22606;16.95333;      0.68936;3.56227;2
196.25933;16.95500;      0.68960;3.56227;2
196.29260;16.95667;      0.68972;3.56228;2
196.32587;16.95833;      0.68996;3.56229;2
196.35909;16.96000;      0.68996;3.56230;2
196.39237;16.96167;      0.69008;3.56231;2
196.42562;16.96333;      0.69020;3.56232;2
196.45892;16.96500;      0.69032;3.56233;2
196.49223;16.96667;      0.69044;3.56234;2
196.52552;16.96833;      0.69068;3.56235;2
196.55881;16.97000;      0.69080;3.56236;2
196.59214;16.97167;      0.69104;3.56237;2
196.62548;16.97333;      0.69129;3.56238;2
196.65872;16.97500;      0.69165;3.56239;2
196.69196;16.97667;      0.69189;3.56240;2
196.72519;16.97833;      0.69213;3.56241;2
196.75842;16.98000;      0.69237;3.56242;2
196.79171;16.98167;      0.69262;3.56242;2
196.82493;16.98333;      0.69274;3.56243;2
196.85808;16.98500;      0.69298;3.56244;2
196.89145;16.98667;      0.69346;3.56245;2
196.92467;16.98833;      0.69370;3.56246;2
196.95786;16.99000;      0.69382;3.56247;2
196.99120;16.99167;      0.69406;3.56248;2
197.02466;16.99333;      0.69431;3.56249;2
197.05800;16.99500;      0.69443;3.56250;2
197.09200;16.99667;      0.69467;3.56251;3
197.12433;16.99833;      0.69483;3.56252;3
197.15740;17.00000;      0.69500;3.56252;3
197.19071;17.00167;      0.69517;3.56253;3
197.22400;17.00333;      0.69529;3.56254;3
197.25709;17.00500;      0.69540;3.56255;3
197.29023;17.00667;      0.69542;3.56256;3
197.32340;17.00833;      0.69530;3.56257;3
197.35653;17.01000;      0.69500;3.56258;3
197.38974;17.01167;      0.69467;3.56259;3
197.42290;17.01333;      0.69466;3.56260;3
197.45604;17.01500;      0.69478;3.56261;3
197.48916;17.01667;      0.69496;3.56261;3
197.52222;17.01833;      0.69492;3.56262;3
197.55517;17.02000;      0.69487;3.56263;3
197.58790;17.02167;      0.69481;3.56264;3
197.62048;17.02333;      0.69474;3.56265;3
197.65286;17.02500;      0.69465;3.56266;3
197.68497;17.02667;      0.69457;3.56267;3
197.71674;17.02833;      0.69448;3.56268;3
197.74822;17.03000;      0.69440;3.56268;3
197.77930;17.03167;      0.69430;3.56269;3
197.80993;17.03333;      0.69419;3.56270;3
197.84013;17.03500;      0.69404;3.56271;3
197.86984;17.03667;      0.69386;3.56272;3
197.89902;17.03833;      0.69364;3.56272;3
197.92764;17.04000;      0.69339;3.56273;3
197.95569;17.04167;      0.69309;3.56274;3
197.98309;17.04333;      0.69276;3.56275;3
198.00978;17.04500;      0.69238;3.56275;3
198.03574;17.04667;      0.69195;3.56276;3
198.06411;17.04833;      0.69145;3.56277;3
198.09216;17.05000;      0.69088;3.56277;3
198.11989;17.05167;      0.69022;3.56278;3
198.14725;17.05333;      0.68946;3.56279;3
198.17426;17.05500;      0.68859;3.56280;3
198.20089;17.05667;      0.68761;3.56280;3
198.22712;17.05833;      0.68780;3.56281;3
198.25293;17.06000;      0.69081;3.56282;3
198.27834;17.06167;      0.68986;3.56282;3
198.30333;17.06333;      0.68758;3.56283;3
198.32789;17.06500;      0.68227;3.56283;3
198.35200;17.06667;      0.68060;3.56284;3
198.37566;17.06833;      0.67857;3.56285;3
198.39880;17.07000;      0.67626;3.56285;3
198.42149;17.07167;      0.67384;3.56286;3
198.44366;17.07333;      0.67140;3.56286;3
198.46530;17.07500;      0.66887;3.56287;3
198.48638;17.07667;      0.66608;3.56288;3
198.50690;17.07833;      0.66301;3.56288;3
198.52684;17.08000;      0.65970;3.56289;3
198.54621;17.08167;      0.65625;3.56289;3
198.56500;17.08333;      0.65272;3.56289;3
198.58316;17.08500;      0.64917;3.56290;3
198.60072;17.08667;      0.64561;3.56290;3
198.61766;17.08833;      0.64178;3.56291;3
198.63395;17.09000;      0.62797;3.56291;3
198.64957;17.09167;      0.61950;3.56292;3
198.66457;17.09333;      0.61323;3.56292;3
198.67892;17.09500;      0.61637;3.56292;3
198.69261;17.09667;      0.61358;3.56293;3
198.70564;17.09833;      0.60821;3.56293;3
198.71798;17.10000;      0.60266;3.56293;3
198.72964;17.10167;      0.59694;3.56294;3
198.74064;17.10333;      0.59104;3.56294;3
198.75095;17.10500;      0.58495;3.56294;3
198.76053;17.10667;      0.57869;3.56294;3
198.76941;17.10833;      0.57227;3.56295;3
198.77759;17.11000;      0.56572;3.56295;3
198.78505;17.11167;      0.55905;3.56295;3
198.79175;17.11333;      0.55226;3.56295;3
198.79772;17.11500;      0.54533;3.56295;3
198.80297;17.11667;      0.53828;3.56295;3
198.80748;17.11833;      0.53111;3.56296;3
198.81126;17.12000;      0.52384;3.56296;3
198.81431;17.12167;      0.51648;3.56296;3
198.81662;17.12333;      0.50906;3.56296;3
198.81820;17.12500;      0.48902;3.56296;3
198.81905;17.12667;      0.48033;3.56296;3
198.81915;17.12833;      0.47153;3.56296;3
198.81853;17.13000;      0.47515;3.56296;3
198.81718;17.13167;      0.46721;3.56296;3
198.81510;17.13333;      0.45924;3.56296;3
198.81230;17.13500;      0.45144;3.56296;3
198.80876;17.13667;      0.44390;3.56296;3
198.80449;17.13833;      0.43660;3.56296;3
198.79953;17.14000;      0.42932;3.56295;3
198.79380;17.14167;      0.42185;3.56295;3
198.78739;17.14333;      0.41407;3.56295;3
198.78028;17.14500;      0.40608;3.56295;3
198.77243;17.14667;      0.39792;3.56295;3
198.76387;17.14833;      0.38960;3.56294;3
198.75461;17.15000;      0.38123;3.56294;3
198.74469;17.15167;      0.37290;3.56294;3
198.73407;17.15333;      0.36472;3.56294;3
198.72275;17.15500;      0.35637;3.56293;3
198.71074;17.15667;      0.35190;3.56293;3
198.69805;17.15833;      0.34744;3.56293;3
198.68471;17.16000;      0.34328;3.56293;3
198.67072;17.16167;      0.33131;3.56292;3
198.65608;17.16333;      0.31933;3.56292;3
198.64080;17.16500;      0.30728;3.56291;3
198.62490;17.16667;      0.29911;3.56291;3
198.60838;17.16833;      0.29056;3.56291;3
198.59121;17.17000;      0.28136;3.56290;3
198.57343;17.17167;      0.27140;3.56290;3
198.55502;17.17333;      0.26105;3.56289;3
198.53603;17.17500;      0.25096;3.56289;3
198.51648;17.17667;      0.24155;3.56288;3
198.49634;17.17833;      0.23278;3.56288;3
198.47562;17.18000;      0.22412;3.56287;3
198.45438;17.18167;      0.21557;3.56287;3
198.43259;17.18333;      0.20693;3.56286;3
198.41026;17.18500;      0.19818;3.56286;3
198.38741;17.18667;      0.18877;3.56285;3
198.36402;17.18833;      0.17911;3.56284;3
198.34015;17.19000;      0.16944;3.56284;3
198.31577;17.19167;      0.16013;3.56283;3
198.29092;17.19333;      0.14941;3.56283;3
198.26561;17.19500;      0.13679;3.56282;3
198.23982;17.19667;      0.12323;3.56281;3
198.21359;17.19833;      0.11015;3.56281;3
198.18692;17.20000; 9.841292e-02;3.56280;3
198.15982;17.20167; 8.982383e-02;3.56279;3
198.13230;17.20333; 8.142360e-02;3.56278;3
198.10430;17.20500; 7.291954e-02;3.56278;3
198.07590;17.20667; 6.150749e-02;3.56277;3
198.04711;17.20833; 5.008125e-02;3.56276;3
198.01793;17.21000; 3.820326e-02;3.56275;3
197.98834;17.21167; 2.584841e-02;3.56275;3
197.95838;17.21333; 2.031646e-02;3.56274;3
197.92805;17.21500; 4.676960e-03;3.56273;3
197.89739;17.21667;-1.120277e-02;3.56272;3
197.86639;17.21833;-3.418921e-02;3.56272;3
197.83505;17.22000;-4.667836e-02;3.56271;3
197.80336;17.22167;-5.830109e-02;3.56270;3
197.77139;17.22333;-6.943991e-02;3.56269;3
197.73911;17.22500;-8.092343e-02;3.56268;3
197.70656;17.22667;-9.287972e-02;3.56267;3
197.67370;17.22833;     -0.10490;3.56266;3
197.64061;17.23000;     -0.11767;3.56266;3
197.60723;17.23167;     -0.13151;3.56265;3
197.57359;17.23333;     -0.14621;3.56264;3
197.53972;17.23500;     -0.17081;3.56263;3
197.50559;17.23667;     -0.19519;3.56262;3
197.47121;17.23833;     -0.21986;3.56261;3
197.43659;17.24000;     -0.23467;3.56260;3
197.40175;17.24167;     -0.24949;3.56259;3
197.36670;17.24333;     -0.26430;3.56258;3
197.33143;17.24500;     -0.27908;3.56257;3
197.29595;17.24667;     -0.29817;3.56256;3
197.26033;17.24833;     -0.30275;3.56255;3
197.22451;17.25000;     -0.30743;3.56254;3
197.18854;17.25167;     -0.30766;3.56253;3
197.15239;17.25333;     -0.32244;3.56252;3
197.11610;17.25500;     -0.33729;3.56251;3
197.07964;17.25667;     -0.35278;3.56250;3
197.04308;17.25833;     -0.36852;3.56249;3
197.00641;17.26000;     -0.38475;3.56248;3
196.96961;17.26167;     -0.40051;3.56247;3
196.93269;17.26333;     -0.41588;3.56246;3
196.89566;17.26500;     -0.42978;3.56245;3
196.85852;17.26667;     -0.44749;3.56244;3
196.82128;17.26833;     -0.42892;3.56243;3
196.78388;17.27000;     -0.44692;3.56242;3
196.74643;17.27167;     -0.46001;3.56241;3
196.70890;17.27333;     -0.50837;3.56240;3
196.67129;17.27500;     -0.51973;3.56239;3
196.63359;17.27667;     -0.53079;3.56238;3
196.59580;17.27833;     -0.50175;3.56237;3
196.55792;17.28000;     -0.51337;3.56236;3
196.51998;17.28167;     -0.52133;3.56235;3
196.48198;17.28333;     -0.56887;3.56234;3
196.44392;17.28500;     -0.57555;3.56233;3
196.40580;17.28667;     -0.58568;3.56232;3
196.36762;17.28833;     -0.59582;3.56231;3
196.32943;17.29000;     -0.60515;3.56229;3
196.29118;17.29167;     -0.61377;3.56228;3
196.25288;17.29333;     -0.62170;3.56227;3
196.21456;17.29500;     -0.63008;3.56226;3
196.17618;17.29667;     -0.63907;3.56225;3
196.13777;17.29833;     -0.64890;3.56224;3
196.09933;17.30000;     -0.65216;3.56223;3
196.06087;17.30167;     -0.66494;3.56222;3
196.02234;17.30333;     -0.67717;3.56221;3
195.98377;17.30500;     -0.69572;3.56220;3
195.94520;17.30667;     -0.70428;3.56218;3
195.90656;17.30833;     -0.71273;3.56217;3
195.86790;17.31000;     -0.72109;3.56216;3
195.82921;17.31167;     -0.72935;3.56215;3
195.79052;17.31333;     -0.72800;3.56214;3
195.75182;17.31500;     -0.73217;3.56213;3
195.71311;17.31667;     -0.73654;3.56212;3
195.67439;17.31833;     -0.75068;3.56210;3
195.63566;17.32000;     -0.75949;3.56209;3
195.59690;17.32167;     -0.76821;3.56208;3
195.55815;17.32333;     -0.77681;3.56207;3
195.51938;17.32500;     -0.78521;3.56206;3
195.48062;17.32667;     -0.79337;3.56205;3
195.44184;17.32833;     -0.80127;3.56204;3
195.40305;17.33000;     -0.80886;3.56202;3
195.36425;17.33167;     -0.81476;3.56201;3
195.32544;17.33333;     -0.82057;3.56200;3
195.28661;17.33500;     -0.82873;3.56199;3
195.24775;17.33667;     -0.83825;3.56198;3
195.20890;17.33833;     -0.84753;3.56197;3
195.17005;17.34000;     -0.85423;3.56196;3
195.13120;17.34167;     -0.86081;3.56194;3
195.09233;17.34333;     -0.86731;3.56193;3
195.05348;17.34500;     -0.87374;3.56192;3
195.01464;17.34667;     -0.87831;3.56191;3
194.97580;17.34833;     -0.88290;3.56190;3
194.93695;17.35000;     -0.88719;3.56188;3
194.89811;17.35167;     -0.89226;3.56187;3
194.85926;17.35333;     -0.89610;3.56186;3
194.82043;17.35500;     -0.89898;3.56185;3
194.78161;17.35667;     -0.90287;3.56184;3
194.74282;17.35833;     -0.90797;3.56183;3
194.70405;17.36000;     -0.91435;3.56181;3
194.66528;17.36167;     -0.92012;3.56180;3
194.62653;17.36333;     -0.92616;3.56179;3
194.58777;17.36500;     -0.93114;3.56178;3
194.54903;17.36667;     -0.93991;3.56177;3
194.51030;17.36833;     -0.94787;3.56175;3
194.47157;17.37000;     -0.95635;3.56174;3
194.43287;17.37167;     -0.96114;3.56173;3
194.39416;17.37333;     -0.96584;3.56172;3
194.35548;17.37500;     -0.97047;3.56171;3
194.31677;17.37667;     -0.97504;3.56169;3
194.27808;17.37833;     -0.97956;3.56168;3
194.23943;17.38000;     -0.98142;3.56167;3
194.20080;17.38167;     -0.98231;3.56166;3
194.16218;17.38333;     -0.98348;3.56164;3
194.12356;17.38500;     -0.98756;3.56163;3
194.08497;17.38667;     -0.99475;3.56162;3
194.04639;17.38833;     -1.00166;3.56161;3
194.00784;17.39000;     -1.00823;3.56160;3
193.96928;17.39167;     -1.01095;3.56158;3
193.93074;17.39333;     -1.01343;3.56157;3
193.89226;17.39500;     -1.01590;3.56156;3
193.85380;17.39667;     -1.02032;3.56155;3
193.81534;17.39833;     -1.02600;3.56153;3
193.77690;17.40000;     -1.03142;3.56152;3
193.73846;17.40167;     -1.03621;3.56151;3
193.70000;17.40333;     -1.03961;3.56150;3
193.66157;17.40500;     -1.04292;3.56149;3
193.62316;17.40667;     -1.04613;3.56147;3
193.58475;17.40833;     -1.04921;3.56146;3
193.54639;17.41000;     -1.05215;3.56145;3
193.50803;17.41167;     -1.05495;3.56144;3
193.46971;17.41333;     -1.05638;3.56142;3
193.43139;17.41500;     -1.05787;3.56141;3
193.39312;17.41667;     -1.06016;3.56140;3
193.35485;17.41833;     -1.06254;3.56139;3
193.31657;17.42000;     -1.06620;3.56137;3
193.27833;17.42167;     -1.06877;3.56136;3
193.24012;17.42333;     -1.07224;3.56135;3
193.20194;17.42500;     -1.07293;3.56134;3
193.16377;17.42667;     -1.07398;3.56132;3
193.12561;17.42833;     -1.07480;3.56131;3
193.08748;17.43000;     -1.07653;3.56130;3
193.04936;17.43167;     -1.07926;3.56129;3
193.01126;17.43333;     -1.08212;3.56127;3
192.97318;17.43500;     -1.08507;3.56126;3
192.93513;17.43667;     -1.08658;3.56125;3
192.89708;17.43833;     -1.08806;3.56124;3
192.85905;17.44000;     -1.08954;3.56122;3
192.82105;17.44167;     -1.09097;3.56121;3
192.78305;17.44333;     -1.09233;3.56120;3
192.74507;17.44500;     -1.09359;3.56119;3
192.70710;17.44667;     -1.09385;3.56117;3
192.66913;17.44833;     -1.09489;3.56116;3
192.63120;17.45000;     -1.09593;3.56115;3
192.59328;17.45167;     -1.09589;3.56113;3
192.55539;17.45333;     -1.09511;3.56112;3
192.51756;17.45500;     -1.09437;3.56111;3
192.47972;17.45667;     -1.09573;3.56110;3
192.44190;17.45833;     -1.09769;3.56108;3
192.40410;17.46000;     -1.09978;3.56107;3
192.36631;17.46167;     -1.10209;3.56106;3
192.32854;17.46333;     -1.10404;3.56105;3
192.29077;17.46500;     -1.10572;3.56103;3
192.25303;17.46667;     -1.10702;3.56102;3
192.21531;17.46833;     -1.10790;3.56101;3
192.17759;17.47000;     -1.10877;3.56099;3
192.13989;17.47167;     -1.10962;3.56098;3
192.10220;17.47333;     -1.11048;3.56097;3
192.06451;17.47500;     -1.11132;3.56096;3
192.02684;17.47667;     -1.11214;3.56094;3
191.98920;17.47833;     -1.11291;3.56093;3
191.95158;17.48000;     -1.11397;3.56092;3
191.91395;17.48167;     -1.11484;3.56090;3
191.87636;17.48333;     -1.11491;3.56089;3
191.83880;17.48500;     -1.11473;3.56088;3
191.80128;17.48667;     -1.11479;3.56086;3
191.76376;17.48833;     -1.11571;3.56085;3
191.72628;17.49000;     -1.11667;3.56084;3
191.68884;17.49167;     -1.11753;3.56083;3
191.65139;17.49333;     -1.11826;3.56081;3
191.61397;17.49500;     -1.11900;3.56080;3
191.57654;17.49667;     -1.11996;3.56079;3
191.53913;17.49833;     -1.12097;3.56077;3
191.50172;17.50000;     -1.12185;3.56076;3
191.46433;17.50167;     -1.12251;3.56075;3
191.42695;17.50333;     -1.12312;3.56073;3
191.38958;17.50500;     -1.12368;3.56072;3
191.35221;17.50667;     -1.12416;3.56071;3
191.31485;17.50833;     -1.12456;3.56070;3
191.27751;17.51000;     -1.12493;3.56068;3
191.24017;17.51167;     -1.12504;3.56067;3
191.20284;17.51333;     -1.12529;3.56066;3
191.16551;17.51500;     -1.12541;3.56064;3
191.12820;17.51667;     -1.12607;3.56063;3
191.09090;17.51833;     -1.12639;3.56062;3
191.05362;17.52000;     -1.12681;3.56060;3
191.01638;17.52167;     -1.12701;3.56059;3
190.97915;17.52333;     -1.12748;3.56058;3
190.94195;17.52500;     -1.12800;3.56056;3
190.90476;17.52667;     -1.12866;3.56055;3
190.86757;17.52833;     -1.12933;3.56054;3
190.83041;17.53000;     -1.13045;3.56052;3
190.79325;17.53167;     -1.13138;3.56051;3
190.75608;17.53333;     -1.13229;3.56050;3
190.71894;17.53500;     -1.13272;3.56048;3
190.68179;17.53667;     -1.13311;3.56047;3
190.64466;17.53833;     -1.13346;3.56046;3
190.60754;17.54000;     -1.13377;3.56044;3
190.57044;17.54167;     -1.13406;3.56043;3
190.53334;17.54333;     -1.13434;3.56042;3
190.49626;17.54500;     -1.13460;3.56040;3
190.45918;17.54667;     -1.13457;3.56039;3
190.42213;17.54833;     -1.13426;3.56038;3
190.38510;17.55000;     -1.13392;3.56036;3
190.34808;17.55167;     -1.13417;3.56035;3
190.31110;17.55333;     -1.13507;3.56033;3
190.27413;17.55500;     -1.13615;3.56032;3
190.23715;17.55667;     -1.13699;3.56031;3
190.20020;17.55833;     -1.13739;3.56029;3
190.16326;17.56000;     -1.13775;3.56028;3
190.12635;17.56167;     -1.13750;3.56027;3
190.08941;17.56333;     -1.13683;3.56025;3
190.05249;17.56500;     -1.13548;3.56024;3
190.01561;17.56667;     -1.13445;3.56023;3
189.97871;17.56833;     -1.13366;3.56021;3
189.94182;17.57000;     -1.13319;3.56020;3
189.90495;17.57167;     -1.13267;3.56019;3
189.86807;17.57333;     -1.13209;3.56017;3
189.83120;17.57500;     -1.13144;3.56016;3
189.79435;17.57667;     -1.13102;3.56014;3
189.75749;17.57833;     -1.13055;3.56013;3
189.72064;17.58000;     -1.13002;3.56012;3
189.68379;17.58167;     -1.12909;3.56010;3
189.64695;17.58333;     -1.12801;3.56009;3
189.61012;17.58500;     -1.12698;3.56008;3
189.57330;17.58667;     -1.12594;3.56006;3
189.53651;17.58833;     -1.12484;3.56005;3
189.49974;17.59000;     -1.12349;3.56003;3
189.46295;17.59167;     -1.12194;3.56002;3
189.42618;17.59333;     -1.12082;3.56001;3
189.38944;17.59500;     -1.11999;3.55999;3
189.35272;17.59667;     -1.11912;3.55998;3
189.31600;17.59833;     -1.11788;3.55997;3
189.27930;17.60000;     -1.11640;3.55995;3
189.24259;17.60167;     -1.11505;3.55994;3
189.20590;17.60333;     -1.11369;3.55992;3
189.16921;17.60500;     -1.11242;3.55991;3
189.13253;17.60667;     -1.11122;3.55990;3
189.09582;17.60833;     -1.11007;3.55988;3
189.05915;17.61000;     -1.10917;3.55987;3
189.02249;17.61167;     -1.10808;3.55985;3
188.98584;17.61333;     -1.10678;3.55984;3
188.94920;17.61500;     -1.10524;3.55983;3
188.91257;17.61667;     -1.10359;3.55981;3
188.87595;17.61833;     -1.10204;3.55980;3
188.83933;17.62000;     -1.10037;3.55978;3
188.80272;17.62167;     -1.09908;3.55977;3
188.76613;17.62333;     -1.09801;3.55976;3
188.72954;17.62500;     -1.09699;3.55974;3
188.69297;17.62667;     -1.09552;3.55973;3
188.65641;17.62833;     -1.09365;3.55971;3
188.61985;17.63000;     -1.09137;3.55970;3
188.58330;17.63167;     -1.08935;3.55969;3
188.54674;17.63333;     -1.08755;3.55967;3
188.51020;17.63500;     -1.08613;3.55966;3
188.47366;17.63667;     -1.08473;3.55964;3
188.43712;17.63833;     -1.08334;3.55963;3
188.40059;17.64000;     -1.08196;3.55961;3
188.36405;17.64167;     -1.08059;3.55960;3
188.32749;17.64333;     -1.07901;3.55959;3
188.29097;17.64500;     -1.07779;3.55957;3
188.25448;17.64667;     -1.07693;3.55956;3
188.21800;17.64833;     -1.07632;3.55954;3
188.18149;17.65000;     -1.07552;3.55953;3
188.14500;17.65167;     -1.07440;3.55951;3
188.10854;17.65333;     -1.07315;3.55950;3
188.07210;17.65500;     -1.07166;3.55949;3
188.03564;17.65667;     -1.07017;3.55947;3
187.99920;17.65833;     -1.06896;3.55946;3
187.96279;17.66000;     -1.06778;3.55944;3
187.92638;17.66167;     -1.06648;3.55943;3
187.88997;17.66333;     -1.06513;3.55941;3
187.85357;17.66500;     -1.06411;3.55940;3
187.81718;17.66667;     -1.06335;3.55938;3
187.78075;17.66833;     -1.06260;3.55937;3
187.74433;17.67000;     -1.06164;3.55936;3
187.70790;17.67167;     -1.06060;3.55934;3
187.67148;17.67333;     -1.05958;3.55933;3
187.63508;17.67500;     -1.05868;3.55931;3
187.59870;17.67667;     -1.05787;3.55930;3
187.56231;17.67833;     -1.05724;3.55928;3
187.52592;17.68000;     -1.05672;3.55927;3
187.48956;17.68167;     -1.05621;3.55925;3
187.45321;17.68333;     -1.05556;3.55924;3
187.41687;17.68500;     -1.05477;3.55923;3
187.38056;17.68667;     -1.05401;3.55921;3
187.34425;17.68833;     -1.05333;3.55920;3
187.30793;17.69000;     -1.05282;3.55918;3
187.27162;17.69167;     -1.05239;3.55917;3
187.23531;17.69333;     -1.05188;3.55915;3
187.19903;17.69500;     -1.05101;3.55914;3
187.16275;17.69667;     -1.04971;3.55912;3
187.12646;17.69833;     -1.04843;3.55911;3
187.09016;17.70000;     -1.04734;3.55909;3
187.05385;17.70167;     -1.04660;3.55908;3
187.01754;17.70333;     -1.04585;3.55906;3
186.98123;17.70500;     -1.04510;3.55905;3
186.94492;17.70667;     -1.04433;3.55903;3
186.90862;17.70833;     -1.04358;3.55902;3
186.87236;17.71000;     -1.04327;3.55901;3
186.83610;17.71167;     -1.04357;3.55899;3
186.79984;17.71333;     -1.04394;3.55898;3
186.76359;17.71500;     -1.04347;3.55896;3
186.72738;17.71667;     -1.04217;3.55895;3
186.69118;17.71833;     -1.04049;3.55893;3
186.65500;17.72000;     -1.03921;3.55892;3
186.61882;17.72167;     -1.03809;3.55890;3
186.58266;17.72333;     -1.03717;3.55889;3
186.54652;17.72500;     -1.03622;3.55887;3
186.51039;17.72667;     -1.03532;3.55886;3
186.47426;17.72833;     -1.03412;3.55884;3
186.43813;17.73000;     -1.03295;3.55883;3
186.40200;17.73167;     -1.03166;3.55881;3
186.36585;17.73333;     -1.03055;3.55880;3
186.32972;17.73500;     -1.02929;3.55878;3
186.29359;17.73667;     -1.02809;3.55877;3
186.25744;17.73833;     -1.02699;3.55875;3
186.22129;17.74000;     -1.02597;3.55874;3
186.18516;17.74167;     -1.02494;3.55872;3
186.14905;17.74333;     -1.02388;3.55871;3
186.11298;17.74500;     -1.02299;3.55869;3
186.07690;17.74667;     -1.02223;3.55868;3
186.04082;17.74833;     -1.02149;3.55866;3
186.00475;17.75000;     -1.02058;3.55865;3
185.96874;17.75167;     -1.01958;3.55863;3
185.93272;17.75333;     -1.01867;3.55862;3
185.89671;17.75500;     -1.01779;3.55860;3
185.86069;17.75667;     -1.01673;3.55859;3
185.82471;17.75833;     -1.01538;3.55857;3
185.78874;17.76000;     -1.01407;3.55856;3
185.75272;17.76167;     -1.01266;3.55854;3
185.71671;17.76333;     -1.01147;3.55853;3
185.68072;17.76500;     -1.01026;3.55851;3
185.64474;17.76667;     -1.00936;3.55850;3
185.60875;17.76833;     -1.00846;3.55848;3
185.57279;17.77000;     -1.00761;3.55847;3
185.53682;17.77167;     -1.00679;3.55845;3
185.50085;17.77333;     -1.00606;3.55843;3
185.46492;17.77500;     -1.00518;3.55842;3
185.42898;17.77667;     -1.00439;3.55840;3
185.39305;17.77833;     -1.00375;3.55839;3
185.35713;17.78000;     -1.00306;3.55837;3
185.32123;17.78167;     -1.00198;3.55836;3
185.28534;17.78333;     -1.00061;3.55834;3
185.24948;17.78500;     -0.99940;3.55833;3
185.21364;17.78667;     -0.99838;3.55831;3
185.17780;17.78833;     -0.99745;3.55830;3
185.14200;17.79000;     -0.99649;3.55828;3
185.10620;17.79167;     -0.99582;3.55827;3
185.07043;17.79333;     -0.99514;3.55825;3
185.03466;17.79500;     -0.99457;3.55824;3
184.99887;17.79667;     -0.99367;3.55822;3
184.96310;17.79833;     -0.99277;3.55821;3
184.92733;17.80000;     -0.99178;3.55819;3
184.89156;17.80167;     -0.99084;3.55817;3
184.85580;17.80333;     -0.98993;3.55816;3
184.82008;17.80500;     -0.98890;3.55814;3
184.78434;17.80667;     -0.98786;3.55813;3
184.74862;17.80833;     -0.98667;3.55811;3
184.71292;17.81000;     -0.98583;3.55810;3
184.67723;17.81167;     -0.98495;3.55808;3
184.64156;17.81333;     -0.98427;3.55807;3
184.60590;17.81500;     -0.98341;3.55805;3
184.57026;17.81667;     -0.98275;3.55804;3
184.53462;17.81833;     -0.98215;3.55802;3
184.49902;17.82000;     -0.98157;3.55800;3
184.46343;17.82167;     -0.98098;3.55799;3
184.42785;17.82333;     -0.98029;3.55797;3
184.39230;17.82500;     -0.97990;3.55796;3
184.35672;17.82667;     -0.97938;3.55794;3
184.32115;17.82833;     -0.97894;3.55793;3
184.28559;17.83000;     -0.97819;3.55791;3
184.25005;17.83167;     -0.97753;3.55790;3
184.21452;17.83333;     -0.97693;3.55788;3
184.17902;17.83500;     -0.97643;3.55786;3
184.14351;17.83667;     -0.97593;3.55785;3
184.10798;17.83833;     -0.97531;3.55783;3
184.07248;17.84000;     -0.97464;3.55782;3
184.03700;17.84167;     -0.97427;3.55780;3
184.00152;17.84333;     -0.97423;3.55779;3
183.96605;17.84500;     -0.97415;3.55777;3
183.93056;17.84667;     -0.97386;3.55775;3
183.89507;17.84833;     -0.97334;3.55774;3
183.85961;17.85000;     -0.97288;3.55772;3
183.82420;17.85167;     -0.97238;3.55771;3
183.78879;17.85333;     -0.97189;3.55769;3
183.75339;17.85500;     -0.97146;3.55768;3
183.71802;17.85667;     -0.97105;3.55766;3
183.68264;17.85833;     -0.97092;3.55764;3
183.64730;17.86000;     -0.97086;3.55763;3
183.61193;17.86167;     -0.97090;3.55761;3
183.57661;17.86333;     -0.97075;3.55760;3
183.54128;17.86500;     -0.97042;3.55758;3
183.50592;17.86667;     -0.96986;3.55757;3
183.47057;17.86833;     -0.96911;3.55755;3
183.43525;17.87000;     -0.96842;3.55753;3
183.39992;17.87167;     -0.96792;3.55752;3
183.36461;17.87333;     -0.96747;3.55750;3
183.32928;17.87500;     -0.96693;3.55749;3
183.29395;17.87667;     -0.96573;3.55747;3
183.25864;17.87833;     -0.96453;3.55746;3
183.22334;17.88000;     -0.96336;3.55744;3
183.18807;17.88167;     -0.96270;3.55742;3
183.15282;17.88333;     -0.96202;3.55741;3
183.11761;17.88500;     -0.96133;3.55739;3
183.08241;17.88667;     -0.96061;3.55738;3
183.04720;17.88833;     -0.95987;3.55736;3
183.01200;17.89000;     -0.95961;3.55734;3
182.97680;17.89167;     -0.95904;3.55733;3
182.94161;17.89333;     -0.95836;3.55731;3
182.90641;17.89500;     -0.95714;3.55730;3
182.87121;17.89667;     -0.95625;3.55728;3
182.83602;17.89833;     -0.95542;3.55726;3
182.80082;17.90000;     -0.95461;3.55725;3
182.76562;17.90167;     -0.95378;3.55723;3
182.73043;17.90333;     -0.95289;3.55722;3
182.69523;17.90500;     -0.95196;3.55720;3
182.66003;17.90667;     -0.95098;3.55718;3
182.62487;17.90833;     -0.94989;3.55717;3
182.58972;17.91000;     -0.94891;3.55715;3
182.55457;17.91167;     -0.94798;3.55714;3
182.51944;17.91333;     -0.94718;3.55712;3
182.48434;17.91500;     -0.94629;3.55710;3
182.44925;17.91667;     -0.94535;3.55709;3
182.41416;17.91833;     -0.94440;3.55707;3
182.37908;17.92000;     -0.94347;3.55706;3
182.34400;17.92167;     -0.94284;3.55704;3
182.30893;17.92333;     -0.94255;3.55702;3
182.27389;17.92500;     -0.94236;3.55701;3
182.23882;17.92667;     -0.94172;3.55699;3
182.20374;17.92833;     -0.94061;3.55697;3
182.16869;17.93000;     -0.93911;3.55696;3
182.13362;17.93167;     -0.93775;3.55694;3
182.09854;17.93333;     -0.93668;3.55693;3
182.06346;17.93500;     -0.93601;3.55691;3
182.02839;17.93667;     -0.93566;3.55689;3
181.99333;17.93833;     -0.93510;3.55688;3
181.95828;17.94000;     -0.93410;3.55686;3
181.92323;17.94167;     -0.93222;3.55684;3
181.88816;17.94333;     -0.93040;3.55683;3
181.85311;17.94500;     -0.92883;3.55681;3
181.81810;17.94667;     -0.92788;3.55680;3
181.78310;17.94833;     -0.92705;3.55678;3
181.74813;17.95000;     -0.92634;3.55676;3
181.71316;17.95167;     -0.92573;3.55675;3
181.67816;17.95333;     -0.92517;3.55673;3
181.64318;17.95500;     -0.92468;3.55671;3
181.60820;17.95667;     -0.92382;3.55670;3
181.57321;17.95833;     -0.92240;3.55668;3
181.53823;17.96000;     -0.92093;3.55667;3
181.50323;17.96167;     -0.91983;3.55665;3
181.46826;17.96333;     -0.91960;3.55663;3
181.43328;17.96500;     -0.91990;3.55662;3
181.39833;17.96667;     -0.92067;3.55660;3
181.36338;17.96833;     -0.92144;3.55658;3
181.32841;17.97000;     -0.92172;3.55657;3
181.29341;17.97167;     -0.92141;3.55655;3
181.25843;17.97333;     -0.92131;3.55653;3
181.22346;17.97500;     -0.92197;3.55652;3
181.18854;17.97667;     -0.92350;3.55650;3
181.15362;17.97833;     -0.92497;3.55648;3
181.11870;17.98000;     -0.92611;3.55647;3
181.08379;17.98167;     -0.92699;3.55645;3
181.04892;17.98333;     -0.92794;3.55643;3
181.01403;17.98500;     -0.92897;3.55642;3
180.97911;17.98667;     -0.93008;3.55640;3
180.94421;17.98833;     -0.93114;3.55638;3
180.90934;17.99000;     -0.93213;3.55637;3
180.87446;17.99167;     -0.93339;3.55635;3
180.83957;17.99333;     -0.93447;3.55634;3
180.80471;17.99500;     -0.93567;3.55632;3
180.76982;17.99667;     -0.93643;3.55630;3
180.73495;17.99833;     -0.93727;3.55629;3
180.70008;18.00000;     -0.93804;3.55627;3
180.66520;18.00167;     -0.93913;3.55625;3
180.63033;18.00333;     -0.94076;3.55624;3
180.59551;18.00500;     -0.94319;3.55622;3
180.56069;18.00667;     -0.94634;3.55620;3
180.52587;18.00833;     -0.94920;3.55619;3
180.49103;18.01000;     -0.95142;3.55617;3
180.45620;18.01167;     -0.95284;3.55615;3
180.42139;18.01333;     -0.95430;3.55614;3
180.38661;18.01500;     -0.95567;3.55612;3
180.35180;18.01667;     -0.95698;3.55610;3
180.31703;18.01833;     -0.95824;3.55608;3
180.28228;18.02000;     -0.95945;3.55607;3
180.24752;18.02167;     -0.96089;3.55605;3
180.21277;18.02333;     -0.96264;3.55603;3
180.17803;18.02500;     -0.96423;3.55602;3
180.14329;18.02667;     -0.96465;3.55600;3
180.10857;18.02833;     -0.96450;3.55598;3
180.07388;18.03000;     -0.96484;3.55597;3
180.03920;18.03167;     -0.96602;3.55595;3
180.00449;18.03333;     -0.96728;3.55593;3
179.96982;18.03500;     -0.96798;3.55592;3
179.93515;18.03667;     -0.96843;3.55590;3
179.90047;18.03833;     -0.96851;3.55588;3
179.86584;18.04000;     -0.96848;3.55587;3
179.83121;18.04167;     -0.96787;3.55585;3
179.79661;18.04333;     -0.96735;3.55583;3
179.76205;18.04500;     -0.96671;3.55582;3
179.72747;18.04667;     -0.96637;3.55580;3
179.69293;18.04833;     -0.96575;3.55578;3
179.65843;18.05000;     -0.96477;3.55577;3
179.62393;18.05167;     -0.96351;3.55575;3
179.58943;18.05333;     -0.96226;3.55573;3
179.55495;18.05500;     -0.96128;3.55571;3
179.52049;18.05667;     -0.96070;3.55570;3
179.48607;18.05833;     -0.95888;3.55568;3
179.45162;18.06000;     -0.95705;3.55566;3
179.41720;18.06167;     -0.95515;3.55565;3
179.38277;18.06333;     -0.95485;3.55563;3
179.34833;18.06500;     -0.95361;3.55561;3
179.31390;18.06667;     -0.95182;3.55560;3
179.27946;18.06833;     -0.94933;3.55558;3
179.24503;18.07000;     -0.94731;3.55556;3
179.21062;18.07167;     -0.94428;3.55555;3
179.17626;18.07333;     -0.94049;3.55553;3
179.14190;18.07500;     -0.93663;3.55551;3
179.10754;18.07667;     -0.93375;3.55549;3
179.07320;18.07833;     -0.93151;3.55548;3
179.03887;18.08000;     -0.92919;3.55546;3
179.00456;18.08167;     -0.92688;3.55544;3
178.97028;18.08333;     -0.92460;3.55543;3
178.93600;18.08500;     -0.92236;3.55541;3
178.90174;18.08667;     -0.91981;3.55539;3
178.86749;18.08833;     -0.91733;3.55538;3
178.83326;18.09000;     -0.91512;3.55536;3
178.79902;18.09167;     -0.91328;3.55534;3
178.76477;18.09333;     -0.91130;3.55532;3
178.73054;18.09500;     -0.90910;3.55531;3
178.69629;18.09667;     -0.90703;3.55529;3
178.66207;18.09833;     -0.90559;3.55527;3
178.62784;18.10000;     -0.90448;3.55526;3
178.59361;18.10167;     -0.90346;3.55524;3
178.55939;18.10333;     -0.90148;3.55522;3
178.52521;18.10500;     -0.89952;3.55520;3
178.49102;18.10667;     -0.89846;3.55519;3
178.45684;18.10833;     -0.89847;3.55517;3
178.42264;18.11000;     -0.89857;3.55515;3
178.38848;18.11167;     -0.89806;3.55514;3
178.35434;18.11333;     -0.89748;3.55512;3
178.32023;18.11500;     -0.89706;3.55510;3
178.28612;18.11667;     -0.89676;3.55508;3
178.25202;18.11833;     -0.89658;3.55507;3
178.21793;18.12000;     -0.89619;3.55505;3
178.18385;18.12167;     -0.89594;3.55503;3
178.14979;18.12333;     -0.89632;3.55502;3
178.11572;18.12500;     -0.89689;3.55500;3
178.08162;18.12667;     -0.89760;3.55498;3
178.04754;18.12833;     -0.89778;3.55496;3
178.01348;18.13000;     -0.89827;3.55495;3
177.97939;18.13167;     -0.89880;3.55493;3
177.94528;18.13333;     -0.89947;3.55491;3
177.91118;18.13500;     -0.90011;3.55490;3
177.87708;18.13667;     -0.90024;3.55488;3
177.84300;18.13833;     -0.90065;3.55486;3
177.80892;18.14000;     -0.90047;3.55484;3
177.77484;18.14167;     -0.90059;3.55483;3
177.74077;18.14333;     -0.90034;3.55481;3
177.70671;18.14500;     -0.90062;3.55479;3
177.67262;18.14667;     -0.90090;3.55477;3
177.63856;18.14833;     -0.90113;3.55476;3
177.60451;18.15000;     -0.90136;3.55474;3
177.57044;18.15167;     -0.90182;3.55472;3
177.53638;18.15333;     -0.90260;3.55471;3
177.50235;18.15500;     -0.90392;3.55469;3
177.46831;18.15667;     -0.90429;3.55467;3
177.43428;18.15833;     -0.90412;3.55465;3
177.40023;18.16000;     -0.90314;3.55464;3
177.36618;18.16167;     -0.90266;3.55462;3
177.33212;18.16333;     -0.90219;3.55460;3
177.29805;18.16500;     -0.90181;3.55458;3
177.26398;18.16667;     -0.90146;3.55457;3
177.22992;18.16833;     -0.90111;3.55455;3
177.19585;18.17000;     -0.90043;3.55453;3
177.16179;18.17167;     -0.89969;3.55451;3
177.12774;18.17333;     -0.89833;3.55450;3
177.09367;18.17500;     -0.89716;3.55448;3
177.05964;18.17667;     -0.89597;3.55446;3
177.02564;18.17833;     -0.89533;3.55444;3
176.99162;18.18000;     -0.89468;3.55443;3
176.95759;18.18167;     -0.89404;3.55441;3
176.92357;18.18333;     -0.89339;3.55439;3
176.88954;18.18500;     -0.89276;3.55437;3
176.85551;18.18667;     -0.89213;3.55435;3
176.82149;18.18833;     -0.89072;3.55434;3
176.78748;18.19000;     -0.88916;3.55432;3
176.75346;18.19167;     -0.88711;3.55430;3
176.71944;18.19333;     -0.88599;3.55428;3
176.68543;18.19500;     -0.88509;3.55427;3
176.65139;18.19667;     -0.88492;3.55425;3
176.61736;18.19833;     -0.88490;3.55423;3
176.58333;18.20000;     -0.88505;3.55421;3
176.54930;18.20167;     -0.88499;3.55420;3
176.51526;18.20333;     -0.88483;3.55418;3
176.48125;18.20500;     -0.88495;3.55416;3
176.44720;18.20667;     -0.88560;3.55414;3
176.41315;18.20833;     -0.88622;3.55413;3
176.37912;18.21000;     -0.88652;3.55411;3
176.34512;18.21167;     -0.88644;3.55409;3
176.31112;18.21333;     -0.88637;3.55407;3
176.27712;18.21500;     -0.88627;3.55405;3
176.24312;18.21667;     -0.88599;3.55404;3
176.20913;18.21833;     -0.88589;3.55402;3
176.17516;18.22000;     -0.88666;3.55400;3
176.14118;18.22167;     -0.88736;3.55398;3
176.10718;18.22333;     -0.88797;3.55397;3
176.07316;18.22500;     -0.88789;3.55395;3
176.03918;18.22667;     -0.88817;3.55393;3
176.00520;18.22833;     -0.88828;3.55391;3
175.97118;18.23000;     -0.88817;3.55389;3
175.93713;18.23167;     -0.88795;3.55388;3
175.90310;18.23333;     -0.88804;3.55386;3
175.86910;18.23500;     -0.88844;3.55384;3
175.83510;18.23667;     -0.88926;3.55382;3
175.80108;18.23833;     -0.88918;3.55380;3
175.76707;18.24000;     -0.88862;3.55379;3
175.73307;18.24167;     -0.88738;3.55377;3
175.69907;18.24333;     -0.88670;3.55375;3
175.66508;18.24500;     -0.88624;3.55373;3
175.63113;18.24667;     -0.88599;3.55371;3
175.59720;18.24833;     -0.88580;3.55370;3
175.56326;18.25000;     -0.88557;3.55368;3
175.52933;18.25167;     -0.88548;3.55366;3
175.49541;18.25333;     -0.88503;3.55364;3
175.46146;18.25500;     -0.88497;3.55362;3
175.42751;18.25667;     -0.88422;3.55361;3
175.39356;18.25833;     -0.88379;3.55359;3
175.35959;18.26000;     -0.88289;3.55357;3
175.32564;18.26167;     -0.88243;3.55355;3
175.29171;18.26333;     -0.88195;3.55353;3
175.25779;18.26500;     -0.88158;3.55352;3
175.22385;18.26667;     -0.88123;3.55350;3
175.18993;18.26833;     -0.88082;3.55348;3
175.15602;18.27000;     -0.88038;3.55346;3
175.12212;18.27167;     -0.88009;3.55344;3
175.08823;18.27333;     -0.88045;3.55343;3
175.05434;18.27500;     -0.88087;3.55341;3
175.02048;18.27667;     -0.88124;3.55339;3
174.98659;18.27833;     -0.88105;3.55337;3
174.95271;18.28000;     -0.88082;3.55335;3
174.91885;18.28167;     -0.88058;3.55333;3
174.88503;18.28333;     -0.88035;3.55332;3
174.85120;18.28500;     -0.88038;3.55330;3
174.81738;18.28667;     -0.88080;3.55328;3
174.78357;18.28833;     -0.88130;3.55326;3
174.74977;18.29000;     -0.88155;3.55324;3
174.71597;18.29167;     -0.88124;3.55323;3
174.68211;18.29333;     -0.88084;3.55321;3
174.64829;18.29500;     -0.88046;3.55319;3
174.61449;18.29667;     -0.88038;3.55317;3
174.58067;18.29833;     -0.88024;3.55315;3
174.54687;18.30000;     -0.87982;3.55313;3
174.51307;18.30167;     -0.87927;3.55312;3
174.47926;18.30333;     -0.87884;3.55310;3
174.44546;18.30500;     -0.87846;3.55308;3
174.41167;18.30667;     -0.87806;3.55306;3
174.37790;18.30833;     -0.87765;3.55304;3
174.34415;18.31000;     -0.87743;3.55303;3
174.31043;18.31167;     -0.87724;3.55301;3
174.27670;18.31333;     -0.87705;3.55299;3
174.24298;18.31500;     -0.87685;3.55297;3
174.20926;18.31667;     -0.87665;3.55295;3
174.17554;18.31833;     -0.87618;3.55293;3
174.14179;18.32000;     -0.87579;3.55292;3
174.10805;18.32167;     -0.87547;3.55290;3
174.07431;18.32333;     -0.87552;3.55288;3
174.04057;18.32500;     -0.87541;3.55286;3
174.00685;18.32667;     -0.87512;3.55284;3
173.97310;18.32833;     -0.87470;3.55282;3
173.93934;18.33000;     -0.87431;3.55281;3
173.90562;18.33167;     -0.87424;3.55279;3
173.87192;18.33333;     -0.87449;3.55277;3
173.83820;18.33500;     -0.87480;3.55275;3
173.80447;18.33667;     -0.87457;3.55273;3
173.77077;18.33833;     -0.87421;3.55271;3
173.73710;18.34000;     -0.87387;3.55269;3
173.70344;18.34167;     -0.87390;3.55268;3
173.66977;18.34333;     -0.87381;3.55266;3
173.63611;18.34500;     -0.87373;3.55264;3
173.60247;18.34667;     -0.87364;3.55262;3
173.56884;18.34833;     -0.87356;3.55260;3
173.53521;18.35000;     -0.87347;3.55258;3
173.50162;18.35167;     -0.87309;3.55257;3
173.46800;18.35333;     -0.87319;3.55255;3
173.43438;18.35500;     -0.87338;3.55253;3
173.40079;18.35667;     -0.87401;3.55251;3
173.36720;18.35833;     -0.87401;3.55249;3
173.33359;18.36000;     -0.87380;3.55247;3
173.29998;18.36167;     -0.87338;3.55245;3
173.26636;18.36333;     -0.87303;3.55244;3
173.23274;18.36500;     -0.87268;3.55242;3
173.19911;18.36667;     -0.87211;3.55240;3
173.16551;18.36833;     -0.87174;3.55238;3
173.13190;18.37000;     -0.87166;3.55236;3
173.09833;18.37167;     -0.87179;3.55234;3
173.06477;18.37333;     -0.87169;3.55232;3
173.03121;18.37500;     -0.87130;3.55231;3
172.99765;18.37667;     -0.87086;3.55229;3
172.96411;18.37833;     -0.87039;3.55227;3
172.93059;18.38000;     -0.86997;3.55225;3
172.89710;18.38167;     -0.86965;3.55223;3
172.86361;18.38333;     -0.86918;3.55221;3
172.83011;18.38500;     -0.86893;3.55219;3
172.79662;18.38667;     -0.86875;3.55218;3
172.76313;18.38833;     -0.86861;3.55216;3
172.72962;18.39000;     -0.86800;3.55214;3
172.69610;18.39167;     -0.86709;3.55212;3
172.66259;18.39333;     -0.86619;3.55210;3
172.62911;18.39500;     -0.86552;3.55208;3
172.59562;18.39667;     -0.86500;3.55206;3
172.56211;18.39833;     -0.86409;3.55205;3
172.52862;18.40000;     -0.86256;3.55203;3
172.49511;18.40167;     -0.86049;3.55201;3
172.46161;18.40333;     -0.85796;3.55199;3
172.42811;18.40500;     -0.85547;3.55197;3
172.39465;18.40667;     -0.85291;3.55195;3
172.36118;18.40833;     -0.85083;3.55193;3
172.32770;18.41000;     -0.84892;3.55191;3
172.29423;18.41167;     -0.84721;3.55190;3
172.26072;18.41333;     -0.84558;3.55188;3
172.22725;18.41500;     -0.84392;3.55186;3
172.19380;18.41667;     -0.84234;3.55184;3
172.16034;18.41833;     -0.84064;3.55182;3
172.12690;18.42000;     -0.83868;3.55180;3
172.09348;18.42167;     -0.83654;3.55178;3
172.06002;18.42333;     -0.83468;3.55176;3
172.02654;18.42500;     -0.83331;3.55175;3
171.99308;18.42667;     -0.83241;3.55173;3
171.95962;18.42833;     -0.83160;3.55171;3
171.92615;18.43000;     -0.83070;3.55169;3
171.89267;18.43167;     -0.82955;3.55167;3
171.85920;18.43333;     -0.82782;3.55165;3
171.82570;18.43500;     -0.82584;3.55163;3
171.79223;18.43667;     -0.82465;3.55161;3
171.75877;18.43833;     -0.82431;3.55159;3
171.72531;18.44000;     -0.82444;3.55158;3
171.69182;18.44167;     -0.82407;3.55156;3
171.65833;18.44333;     -0.82363;3.55154;3
171.62487;18.44500;     -0.82333;3.55152;3
171.59141;18.44667;     -0.82317;3.55150;3
171.55795;18.44833;     -0.82305;3.55148;3
171.52451;18.45000;     -0.82257;3.55146;3
171.49105;18.45167;     -0.82267;3.55144;3
171.45756;18.45333;     -0.82276;3.55142;3
171.42408;18.45500;     -0.82338;3.55140;3
171.39059;18.45667;     -0.82345;3.55139;3
171.35708;18.45833;     -0.82365;3.55137;3
171.32357;18.46000;     -0.82422;3.55135;3
171.29007;18.46167;     -0.82530;3.55133;3
171.25654;18.46333;     -0.82700;3.55131;3
171.22302;18.46500;     -0.82865;3.55129;3
171.18948;18.46667;     -0.82986;3.55127;3
171.15593;18.46833;     -0.83100;3.55125;3
171.12238;18.47000;     -0.83218;3.55123;3
171.08884;18.47167;     -0.83355;3.55121;3
171.05528;18.47333;     -0.83469;3.55119;3
171.02172;18.47500;     -0.83584;3.55118;3
170.98818;18.47667;     -0.83731;3.55116;3
170.95464;18.47833;     -0.83897;3.55114;3
170.92110;18.48000;     -0.84067;3.55112;3
170.88757;18.48167;     -0.84231;3.55110;3
170.85403;18.48333;     -0.84425;3.55108;3
170.82048;18.48500;     -0.84624;3.55106;3
170.78690;18.48667;     -0.84866;3.55104;3
170.75333;18.48833;     -0.85052;3.55102;3
170.71974;18.49000;     -0.85203;3.55100;3
170.68613;18.49167;     -0.85292;3.55098;3
170.65254;18.49333;     -0.85381;3.55096;3
170.61894;18.49500;     -0.85477;3.55094;3
170.58530;18.49667;     -0.85563;3.55092;3
170.55166;18.49833;     -0.85659;3.55091;3
170.51803;18.50000;     -0.85834;3.55089;3
170.48441;18.50167;     -0.86076;3.55087;3
170.45082;18.50333;     -0.86331;3.55085;3
170.41723;18.50500;     -0.86530;3.55083;3
170.38366;18.50667;     -0.86689;3.55081;3
170.35007;18.50833;     -0.86844;3.55079;3
170.31651;18.51000;     -0.86984;3.55077;3
170.28295;18.51167;     -0.87101;3.55075;3
170.24939;18.51333;     -0.87202;3.55073;3
170.21587;18.51500;     -0.87321;3.55071;3
170.18233;18.51667;     -0.87451;3.55069;3
170.14877;18.51833;     -0.87584;3.55067;3
170.11525;18.52000;     -0.87716;3.55065;3
170.08169;18.52167;     -0.87867;3.55063;3
170.04812;18.52333;     -0.88035;3.55061;3
170.01454;18.52500;     -0.88200;3.55059;3
169.98098;18.52667;     -0.88351;3.55058;3
169.94741;18.52833;     -0.88487;3.55056;3
169.91384;18.53000;     -0.88607;3.55054;3
169.88026;18.53167;     -0.88757;3.55052;3
169.84672;18.53333;     -0.88893;3.55050;3
169.81316;18.53500;     -0.89023;3.55048;3
169.77964;18.53667;     -0.89117;3.55046;3
169.74612;18.53833;     -0.89220;3.55044;3
169.71259;18.54000;     -0.89317;3.55042;3
169.67910;18.54167;     -0.89403;3.55040;3
169.64562;18.54333;     -0.89478;3.55038;3
169.61215;18.54500;     -0.89547;3.55036;3
169.57869;18.54667;     -0.89603;3.55034;3
169.54526;18.54833;     -0.89690;3.55032;3
169.51184;18.55000;     -0.89773;3.55030;3
169.47838;18.55167;     -0.89792;3.55028;3
169.44494;18.55333;     -0.89764;3.55026;3
169.41151;18.55500;     -0.89726;3.55024;3
169.37807;18.55667;     -0.89741;3.55022;3
169.34462;18.55833;     -0.89754;3.55020;3
169.31121;18.56000;     -0.89742;3.55018;3
169.27779;18.56167;     -0.89711;3.55016;3
169.24435;18.56333;     -0.89693;3.55015;3
169.21092;18.56500;     -0.89743;3.55013;3
169.17749;18.56667;     -0.89770;3.55011;3
169.14410;18.56833;     -0.89747;3.55009;3
169.11072;18.57000;     -0.89634;3.55007;3
169.07736;18.57167;     -0.89535;3.55005;3
169.04400;18.57333;     -0.89446;3.55003;3
169.01064;18.57500;     -0.89368;3.55001;3
168.97728;18.57667;     -0.89286;3.54999;3
168.94394;18.57833;     -0.89198;3.54997;3
168.91062;18.58000;     -0.89104;3.54995;3
168.87730;18.58167;     -0.89009;3.54993;3
168.84397;18.58333;     -0.88879;3.54991;3
168.81064;18.58500;     -0.88760;3.54989;3
168.77731;18.58667;     -0.88657;3.54987;3
168.74398;18.58833;     -0.88590;3.54985;3
168.71066;18.59000;     -0.88518;3.54983;3
168.67736;18.59167;     -0.88440;3.54981;3
168.64405;18.59333;     -0.88382;3.54979;3
168.61072;18.59500;     -0.88321;3.54977;3
168.57739;18.59667;     -0.88237;3.54975;3
168.54408;18.59833;     -0.88060;3.54973;3
168.51077;18.60000;     -0.87846;3.54971;3
168.47744;18.60167;     -0.87559;3.54969;3
168.44413;18.60333;     -0.87362;3.54967;3
168.41082;18.60500;     -0.87212;3.54965;3
168.37753;18.60667;     -0.87165;3.54963;3
168.34423;18.60833;     -0.87108;3.54961;3
168.31095;18.61000;     -0.87035;3.54959;3
168.27766;18.61167;     -0.86942;3.54957;3
168.24439;18.61333;     -0.86832;3.54955;3
168.21115;18.61500;     -0.86701;3.54953;3
168.17789;18.61667;     -0.86555;3.54951;3
168.14462;18.61833;     -0.86451;3.54949;3
168.11134;18.62000;     -0.86373;3.54947;3
168.07805;18.62167;     -0.86330;3.54945;3
168.04477;18.62333;     -0.86258;3.54943;3
168.01149;18.62500;     -0.86190;3.54942;3
167.97820;18.62667;     -0.86112;3.54939;3
167.94489;18.62833;     -0.86024;3.54938;3
167.91157;18.63000;     -0.85940;3.54936;3
167.87826;18.63167;     -0.85859;3.54934;3
167.84498;18.63333;     -0.85799;3.54932;3
167.81171;18.63500;     -0.85747;3.54930;3
167.77843;18.63667;     -0.85695;3.54928;3
167.74513;18.63833;     -0.85645;3.54926;3
167.71184;18.64000;     -0.85591;3.54924;3
167.67854;18.64167;     -0.85542;3.54922;3
167.64525;18.64333;     -0.85491;3.54920;3
167.61200;18.64500;     -0.85434;3.54918;3
167.57875;18.64667;     -0.85385;3.54916;3
167.54549;18.64833;     -0.85362;3.54914;3
167.51221;18.65000;     -0.85412;3.54912;3
167.47892;18.65167;     -0.85463;3.54910;3
167.44566;18.65333;     -0.85492;3.54908;3
167.41236;18.65500;     -0.85445;3.54906;3
167.37905;18.65667;     -0.85382;3.54904;3
167.34572;18.65833;     -0.85314;3.54902;3
167.31239;18.66000;     -0.85249;3.54900;3
167.27903;18.66167;     -0.85200;3.54898;3
167.24567;18.66333;     -0.85155;3.54896;3
167.21236;18.66500;     -0.85083;3.54894;3
167.17903;18.66667;     -0.84990;3.54891;3
167.14572;18.66833;     -0.84897;3.54889;3
167.11239;18.67000;     -0.84836;3.54887;3
167.07907;18.67167;     -0.84793;3.54885;3
167.04575;18.67333;     -0.84751;3.54883;3
167.01248;18.67500;     -0.84711;3.54881;3
166.97921;18.67667;     -0.84672;3.54879;3
166.94595;18.67833;     -0.84638;3.54877;3
166.91267;18.68000;     -0.84618;3.54875;3
166.87939;18.68167;     -0.84607;3.54873;3
166.84611;18.68333;     -0.84585;3.54871;3
166.81282;18.68500;     -0.84538;3.54869;3
166.77951;18.68667;     -0.84469;3.54867;3
166.74621;18.68833;     -0.84405;3.54865;3
166.71292;18.69000;     -0.84357;3.54863;3
166.67961;18.69167;     -0.84330;3.54861;3
166.64628;18.69333;     -0.84319;3.54859;3
166.61297;18.69500;     -0.84299;3.54857;3
166.57966;18.69667;     -0.84262;3.54855;3
166.54634;18.69833;     -0.84207;3.54853;3
166.51305;18.70000;     -0.84151;3.54851;3
166.47975;18.70167;     -0.84117;3.54849;3
166.44648;18.70333;     -0.84092;3.54847;3
166.41320;18.70500;     -0.84074;3.54845;3
166.37992;18.70667;     -0.84038;3.54843;3
166.34664;18.70833;     -0.84001;3.54841;3
166.31338;18.71000;     -0.83962;3.54839;3
166.28013;18.71167;     -0.83905;3.54837;3
166.24689;18.71333;     -0.83845;3.54835;3
166.21366;18.71500;     -0.83813;3.54833;3
166.18041;18.71667;     -0.83808;3.54831;3
166.14715;18.71833;     -0.83808;3.54829;3
166.11390;18.72000;     -0.83783;3.54827;3
166.08067;18.72167;     -0.83759;3.54825;3
166.04743;18.72333;     -0.83746;3.54823;3
166.01416;18.72500;     -0.83740;3.54821;3
165.98092;18.72667;     -0.83731;3.54819;3
165.94769;18.72833;     -0.83719;3.54816;3
165.91444;18.73000;     -0.83651;3.54814;3
165.88121;18.73167;     -0.83619;3.54812;3
165.84798;18.73333;     -0.83565;3.54810;3
165.81475;18.73500;     -0.83560;3.54808;3
165.78149;18.73667;     -0.83524;3.54806;3
165.74823;18.73833;     -0.83498;3.54804;3
165.71502;18.74000;     -0.83472;3.54802;3
165.68184;18.74167;     -0.83440;3.54800;3
165.64866;18.74333;     -0.83412;3.54798;3
165.61546;18.74500;     -0.83397;3.54796;3
165.58225;18.74667;     -0.83412;3.54794;3
165.54905;18.74833;     -0.83451;3.54792;3
165.51587;18.75000;     -0.83473;3.54790;3
165.48266;18.75167;     -0.83448;3.54788;3
165.44943;18.75333;     -0.83378;3.54786;3
165.41620;18.75500;     -0.83287;3.54784;3
165.38297;18.75667;     -0.83197;3.54782;3
165.34974;18.75833;     -0.83124;3.54780;3
165.31652;18.76000;     -0.83073;3.54778;3
165.28333;18.76167;     -0.83037;3.54776;3
165.25011;18.76333;     -0.82990;3.54774;3
165.21692;18.76500;     -0.82960;3.54771;3
165.18369;18.76667;     -0.82927;3.54769;3
165.15046;18.76833;     -0.82881;3.54767;3
165.11723;18.77000;     -0.82810;3.54765;3
165.08402;18.77167;     -0.82743;3.54763;3
165.05082;18.77333;     -0.82703;3.54761;3
165.01764;18.77500;     -0.82669;3.54759;3
164.98443;18.77667;     -0.82636;3.54757;3
164.95123;18.77833;     -0.82595;3.54755;3
164.91805;18.78000;     -0.82515;3.54753;3
164.88487;18.78167;     -0.82442;3.54751;3
164.85169;18.78333;     -0.82388;3.54749;3
164.81851;18.78500;     -0.82378;3.54747;3
164.78533;18.78667;     -0.82373;3.54745;3
164.75215;18.78833;     -0.82378;3.54743;3
164.71893;18.79000;     -0.82397;3.54740;3
164.68572;18.79167;     -0.82417;3.54738;3
164.65252;18.79333;     -0.82406;3.54736;3
164.61929;18.79500;     -0.82349;3.54734;3
164.58605;18.79667;     -0.82304;3.54732;3
164.55284;18.79833;     -0.82318;3.54730;3
164.51962;18.80000;     -0.82375;3.54728;3
164.48639;18.80167;     -0.82420;3.54726;3
164.45316;18.80333;     -0.82435;3.54724;3
164.41995;18.80500;     -0.82451;3.54722;3
164.38674;18.80667;     -0.82468;3.54720;3
164.35354;18.80833;     -0.82485;3.54718;3
164.32036;18.81000;     -0.82502;3.54716;3
164.28715;18.81167;     -0.82519;3.54713;3
164.25393;18.81333;     -0.82552;3.54711;3
164.22072;18.81500;     -0.82598;3.54709;3
164.18747;18.81667;     -0.82643;3.54707;3
164.15423;18.81833;     -0.82660;3.54705;3
164.12100;18.82000;     -0.82659;3.54703;3
164.08774;18.82167;     -0.82658;3.54701;3
164.05444;18.82333;     -0.82668;3.54699;3
164.02116;18.82500;     -0.82681;3.54697;3
163.98788;18.82667;     -0.82693;3.54695;3
163.95461;18.82833;     -0.82734;3.54693;3
163.92133;18.83000;     -0.82793;3.54691;3
163.88805;18.83167;     -0.82889;3.54688;3
163.85475;18.83333;     -0.82936;3.54686;3
163.82147;18.83500;     -0.82933;3.54684;3
163.78818;18.83667;     -0.82869;3.54682;3
163.75492;18.83833;     -0.82825;3.54680;3
163.72169;18.84000;     -0.82812;3.54678;3
163.68843;18.84167;     -0.82824;3.54676;3
163.65515;18.84333;     -0.82833;3.54674;3
163.62187;18.84500;     -0.82840;3.54672;3
163.58861;18.84667;     -0.82778;3.54670;3
163.55533;18.84833;     -0.82672;3.54667;3
163.52202;18.85000;     -0.82555;3.54665;3
163.48869;18.85167;     -0.82488;3.54663;3
163.45538;18.85333;     -0.82449;3.54661;3
163.42207;18.85500;     -0.82408;3.54659;3
163.38874;18.85667;     -0.82364;3.54657;3
163.35539;18.85833;     -0.82318;3.54655;3
163.32205;18.86000;     -0.82276;3.54653;3
163.28869;18.86167;     -0.82247;3.54651;3
163.25531;18.86333;     -0.82198;3.54648;3
163.22195;18.86500;     -0.82152;3.54646;3
163.18859;18.86667;     -0.82086;3.54644;3
163.15524;18.86833;     -0.82046;3.54642;3
163.12193;18.87000;     -0.81995;3.54640;3
163.08861;18.87167;     -0.81922;3.54638;3
163.05529;18.87333;     -0.81806;3.54636;3
163.02197;18.87500;     -0.81669;3.54634;3
162.98865;18.87667;     -0.81556;3.54632;3
162.95533;18.87833;     -0.81497;3.54629;3
162.92200;18.88000;     -0.81486;3.54627;3
162.88867;18.88167;     -0.81495;3.54625;3
162.85533;18.88333;     -0.81504;3.54623;3
162.82197;18.88500;     -0.81492;3.54621;3
162.78861;18.88667;     -0.81470;3.54619;3
162.75523;18.88833;     -0.81432;3.54617;3
162.72187;18.89000;     -0.81389;3.54614;3
162.68851;18.89167;     -0.81344;3.54612;3
162.65513;18.89333;     -0.81286;3.54610;3
162.62175;18.89500;     -0.81226;3.54608;3
162.58841;18.89667;     -0.81169;3.54606;3
162.55510;18.89833;     -0.81163;3.54604;3
162.52175;18.90000;     -0.81174;3.54602;3
162.48843;18.90167;     -0.81185;3.54600;3
162.45510;18.90333;     -0.81164;3.54597;3
162.42179;18.90500;     -0.81132;3.54595;3
162.38849;18.90667;     -0.81103;3.54593;3
162.35521;18.90833;     -0.81082;3.54591;3
162.32190;18.91000;     -0.81084;3.54589;3
162.28859;18.91167;     -0.81080;3.54587;3
162.25533;18.91333;     -0.81052;3.54585;3
162.22205;18.91500;     -0.80999;3.54582;3
162.18877;18.91667;     -0.80943;3.54580;3
162.15549;18.91833;     -0.80901;3.54578;3
162.12221;18.92000;     -0.80855;3.54576;3
162.08893;18.92167;     -0.80817;3.54574;3
162.05564;18.92333;     -0.80785;3.54572;3
162.02236;18.92500;     -0.80775;3.54570;3
161.98907;18.92667;     -0.80782;3.54568;3
161.95577;18.92833;     -0.80806;3.54565;3
161.92246;18.93000;     -0.80854;3.54563;3
161.88916;18.93167;     -0.80856;3.54561;3
161.85590;18.93333;     -0.80808;3.54559;3
161.82266;18.93500;     -0.80702;3.54557;3
161.78941;18.93667;     -0.80627;3.54555;3
161.75620;18.93833;     -0.80573;3.54553;3
161.72298;18.94000;     -0.80532;3.54550;3
161.68975;18.94167;     -0.80492;3.54548;3
161.65654;18.94333;     -0.80458;3.54546;3
161.62334;18.94500;     -0.80432;3.54544;3
161.59016;18.94667;     -0.80374;3.54542;3
161.55697;18.94833;     -0.80324;3.54540;3
161.52377;18.95000;     -0.80278;3.54537;3
161.49059;18.95167;     -0.80250;3.54535;3
161.45739;18.95333;     -0.80212;3.54533;3
161.42420;18.95500;     -0.80179;3.54531;3
161.39100;18.95667;     -0.80167;3.54529;3
161.35775;18.95833;     -0.80167;3.54527;3
161.32454;18.96000;     -0.80184;3.54525;3
161.29133;18.96167;     -0.80227;3.54522;3
161.25813;18.96333;     -0.80257;3.54520;3
161.22495;18.96500;     -0.80272;3.54518;3
161.19179;18.96667;     -0.80285;3.54516;3
161.15862;18.96833;     -0.80341;3.54514;3
161.12546;18.97000;     -0.80401;3.54512;3
161.09230;18.97167;     -0.80428;3.54510;3
161.05915;18.97333;     -0.80427;3.54507;3
161.02602;18.97500;     -0.80433;3.54505;3
160.99290;18.97667;     -0.80455;3.54503;3
160.95974;18.97833;     -0.80496;3.54501;3
160.92661;18.98000;     -0.80475;3.54499;3
160.89346;18.98167;     -0.80436;3.54497;3
160.86030;18.98333;     -0.80378;3.54494;3
160.82715;18.98500;     -0.80365;3.54492;3
160.79398;18.98667;     -0.80356;3.54490;3
160.76082;18.98833;     -0.80346;3.54488;3
160.72766;18.99000;     -0.80334;3.54486;3
160.69448;18.99167;     -0.80333;3.54484;3
160.66128;18.99333;     -0.80329;3.54481;3
160.62810;18.99500;     -0.80347;3.54479;3
160.59493;18.99667;     -0.80343;3.54477;3
160.56177;18.99833;     -0.80322;3.54475;3
160.52859;19.00000;     -0.80266;3.54473;3
160.49543;19.00167;     -0.80212;3.54471;3
160.46228;19.00333;     -0.80176;3.54468;3
160.42916;19.00500;     -0.80146;3.54466;3
160.39605;19.00667;     -0.80121;3.54464;3
160.36292;19.00833;     -0.80106;3.54462;3
160.32979;19.01000;     -0.80065;3.54460;3
160.29669;19.01167;     -0.80030;3.54458;3
160.26357;19.01333;     -0.79939;3.54455;3
160.23044;19.01500;     -0.79877;3.54453;3
160.19730;19.01667;     -0.79810;3.54451;3
160.16413;19.01833;     -0.79786;3.54449;3
160.13095;19.02000;     -0.79760;3.54447;3
160.09775;19.02167;     -0.79735;3.54445;3
160.06454;19.02333;     -0.79708;3.54442;3
160.03136;19.02500;     -0.79706;3.54440;3
159.99818;19.02667;     -0.79730;3.54438;3
159.96500;19.02833;     -0.79759;3.54436;3
159.93182;19.03000;     -0.79771;3.54434;3
159.89864;19.03167;     -0.79764;3.54431;3
159.86544;19.03333;     -0.79764;3.54429;3
159.83226;19.03500;     -0.79769;3.54427;3
159.79908;19.03667;     -0.79778;3.54425;3
159.76592;19.03833;     -0.79790;3.54423;3
159.73275;19.04000;     -0.79807;3.54421;3
159.69959;19.04167;     -0.79802;3.54418;3
159.66643;19.04333;     -0.79781;3.54416;3
159.63325;19.04500;     -0.79777;3.54414;3
159.60008;19.04667;     -0.79785;3.54412;3
159.56690;19.04833;     -0.79817;3.54410;3
159.53370;19.05000;     -0.79843;3.54407;3
159.50052;19.05167;     -0.79908;3.54405;3
159.46734;19.05333;     -0.79990;3.54403;3
159.43415;19.05500;     -0.80075;3.54401;3
159.40093;19.05667;     -0.80149;3.54399;3
159.36772;19.05833;     -0.80199;3.54396;3
159.33454;19.06000;     -0.80213;3.54394;3
159.30133;19.06167;     -0.80262;3.54392;3
159.26813;19.06333;     -0.80337;3.54390;3
159.23495;19.06500;     -0.80481;3.54388;3
159.20177;19.06667;     -0.80607;3.54385;3
159.16859;19.06833;     -0.80709;3.54383;3
159.13543;19.07000;     -0.80776;3.54381;3
159.10225;19.07167;     -0.80826;3.54379;3
159.06908;19.07333;     -0.80885;3.54377;3
159.03595;19.07500;     -0.80962;3.54374;3
159.00280;19.07667;     -0.81069;3.54372;3
158.96964;19.07833;     -0.81164;3.54370;3
158.93649;19.08000;     -0.81225;3.54368;3
158.90331;19.08167;     -0.81250;3.54366;3
158.87011;19.08333;     -0.81296;3.54363;3
158.83693;19.08500;     -0.81361;3.54361;3
158.80375;19.08667;     -0.81428;3.54359;3
158.77057;19.08833;     -0.81496;3.54357;3
158.73739;19.09000;     -0.81568;3.54355;3
158.70421;19.09167;     -0.81662;3.54352;3
158.67103;19.09333;     -0.81736;3.54350;3
158.63787;19.09500;     -0.81797;3.54348;3
158.60470;19.09667;     -0.81833;3.54346;3
158.57154;19.09833;     -0.81876;3.54344;3
158.53839;19.10000;     -0.81918;3.54341;3
158.50525;19.10167;     -0.81955;3.54339;3
158.47208;19.10333;     -0.81989;3.54337;3
158.43892;19.10500;     -0.82020;3.54335;3
158.40575;19.10667;     -0.82049;3.54332;3
158.37261;19.10833;     -0.82083;3.54330;3
158.33947;19.11000;     -0.82093;3.54328;3
158.30633;19.11167;     -0.82106;3.54326;3
158.27318;19.11333;     -0.82107;3.54324;3
158.24002;19.11500;     -0.82127;3.54321;3
158.20684;19.11667;     -0.82135;3.54319;3
158.17366;19.11833;     -0.82138;3.54317;3
158.14049;19.12000;     -0.82133;3.54315;3
158.10731;19.12167;     -0.82126;3.54313;3
158.07413;19.12333;     -0.82119;3.54310;3
158.04098;19.12500;     -0.82118;3.54308;3
158.00780;19.12667;     -0.82126;3.54306;3
157.97462;19.12833;     -0.82096;3.54304;3
157.94146;19.13000;     -0.82083;3.54301;3
157.90829;19.13167;     -0.82079;3.54299;3
157.87516;19.13333;     -0.82117;3.54297;3
157.84205;19.13500;     -0.82134;3.54295;3
157.80892;19.13667;     -0.82129;3.54293;3
157.77580;19.13833;     -0.82101;3.54290;3
157.74269;19.14000;     -0.82050;3.54288;3
157.70956;19.14167;     -0.82001;3.54286;3
157.67646;19.14333;     -0.81941;3.54284;3
157.64336;19.14500;     -0.81927;3.54281;3
157.61026;19.14667;     -0.81929;3.54279;3
157.57711;19.14833;     -0.81960;3.54277;3
157.54395;19.15000;     -0.81970;3.54275;3
157.51080;19.15167;     -0.81967;3.54272;3
157.47766;19.15333;     -0.81956;3.54270;3
157.44447;19.15500;     -0.81935;3.54268;3
157.41129;19.15667;     -0.81907;3.54266;3
157.37813;19.15833;     -0.81888;3.54263;3
157.34497;19.16000;     -0.81894;3.54261;3
157.31179;19.16167;     -0.81891;3.54259;3
157.27866;19.16333;     -0.81868;3.54257;3
157.24552;19.16500;     -0.81814;3.54255;3
157.21239;19.16667;     -0.81771;3.54252;3
157.17929;19.16833;     -0.81732;3.54250;3
157.14620;19.17000;     -0.81699;3.54248;3
157.11308;19.17167;     -0.81671;3.54246;3
157.08000;19.17333;     -0.81664;3.54243;3
157.04693;19.17500;     -0.81612;3.54241;3
157.01383;19.17667;     -0.81535;3.54239;3
156.98074;19.17833;     -0.81416;3.54237;3
156.94764;19.18000;     -0.81319;3.54234;3
156.91452;19.18167;     -0.81206;3.54232;3
156.88141;19.18333;     -0.81097;3.54230;3
156.84829;19.18500;     -0.81004;3.54228;3
156.81515;19.18667;     -0.80940;3.54225;3
156.78198;19.18833;     -0.80881;3.54223;3
156.74883;19.19000;     -0.80764;3.54221;3
156.71570;19.19167;     -0.80603;3.54219;3
156.68256;19.19333;     -0.80405;3.54216;3
156.64939;19.19500;     -0.80253;3.54214;3
156.61624;19.19667;     -0.80126;3.54212;3
156.58310;19.19833;     -0.80023;3.54210;3
156.54993;19.20000;     -0.79915;3.54207;3
156.51679;19.20167;     -0.79812;3.54205;3
156.48365;19.20333;     -0.79715;3.54203;3
156.45056;19.20500;     -0.79623;3.54201;3
156.41744;19.20667;     -0.79533;3.54198;3
156.38431;19.20833;     -0.79404;3.54196;3
156.35116;19.21000;     -0.79255;3.54194;3
156.31802;19.21167;     -0.79129;3.54192;3
156.28485;19.21333;     -0.79074;3.54189;3
156.25165;19.21500;     -0.79064;3.54187;3
156.21849;19.21667;     -0.79058;3.54185;3
156.18533;19.21833;     -0.79040;3.54183;3
156.15215;19.22000;     -0.79016;3.54180;3
156.11895;19.22167;     -0.78989;3.54178;3
156.08577;19.22333;     -0.78908;3.54176;3
156.05259;19.22500;     -0.78836;3.54174;3
156.01938;19.22667;     -0.78767;3.54171;3
155.98618;19.22833;     -0.78801;3.54169;3
155.95300;19.23000;     -0.78851;3.54167;3
155.91982;19.23167;     -0.78924;3.54164;3
155.88665;19.23333;     -0.78975;3.54162;3
155.85347;19.23500;     -0.79016;3.54160;3
155.82031;19.23667;     -0.79038;3.54158;3
155.78716;19.23833;     -0.79057;3.54155;3
155.75403;19.24000;     -0.79080;3.54153;3
155.72088;19.24167;     -0.79190;3.54151;3
155.68774;19.24333;     -0.79334;3.54149;3
155.65456;19.24500;     -0.79503;3.54146;3
155.62136;19.24667;     -0.79616;3.54144;3
155.58818;19.24833;     -0.79724;3.54142;3
155.55500;19.25000;     -0.79829;3.54139;3
155.52184;19.25167;     -0.79934;3.54137;3
155.48865;19.25333;     -0.80030;3.54135;3
155.45544;19.25500;     -0.80128;3.54133;3
155.42225;19.25667;     -0.80249;3.54130;3
155.38906;19.25833;     -0.80442;3.54128;3
155.35587;19.26000;     -0.80680;3.54126;3
155.32270;19.26167;     -0.80916;3.54124;3
155.28957;19.26333;     -0.81092;3.54121;3
155.25639;19.26500;     -0.81220;3.54119;3
155.22323;19.26667;     -0.81322;3.54117;3
155.19010;19.26833;     -0.81414;3.54114;3
155.15693;19.27000;     -0.81507;3.54112;3
155.12379;19.27167;     -0.81611;3.54110;3
155.09066;19.27333;     -0.81735;3.54108;3
155.05752;19.27500;     -0.81849;3.54105;3
155.02436;19.27667;     -0.81967;3.54103;3
154.99121;19.27833;     -0.82040;3.54101;3
154.95805;19.28000;     -0.82100;3.54098;3
154.92489;19.28167;     -0.82111;3.54096;3
154.89171;19.28333;     -0.82101;3.54094;3
154.85854;19.28500;     -0.82086;3.54092;3
154.82538;19.28667;     -0.82103;3.54089;3
154.79221;19.28833;     -0.82170;3.54087;3
154.75905;19.29000;     -0.82230;3.54085;3
154.72587;19.29167;     -0.82232;3.54082;3
154.69267;19.29333;     -0.82158;3.54080;3
154.65949;19.29500;     -0.82064;3.54078;3
154.62633;19.29667;     -0.81985;3.54075;3
154.59316;19.29833;     -0.81907;3.54073;3
154.56003;19.30000;     -0.81817;3.54071;3
154.52693;19.30167;     -0.81710;3.54069;3
154.49380;19.30333;     -0.81593;3.54066;3
154.46069;19.30500;     -0.81466;3.54064;3
154.42756;19.30667;     -0.81354;3.54062;3
154.39443;19.30833;     -0.81258;3.54059;3
154.36133;19.31000;     -0.81108;3.54057;3
154.32823;19.31167;     -0.80933;3.54055;3
154.29510;19.31333;     -0.80759;3.54053;3
154.26197;19.31500;     -0.80665;3.54050;3
154.22885;19.31667;     -0.80585;3.54048;3
154.19571;19.31833;     -0.80478;3.54046;3
154.16254;19.32000;     -0.80348;3.54043;3
154.12941;19.32167;     -0.80207;3.54041;3
154.09628;19.32333;     -0.80032;3.54039;3
154.06315;19.32500;     -0.79775;3.54036;3
154.03002;19.32667;     -0.79538;3.54034;3
153.99689;19.32833;     -0.79365;3.54032;3
153.96377;19.33000;     -0.79296;3.54030;3
153.93066;19.33167;     -0.79225;3.54027;3
153.89756;19.33333;     -0.79142;3.54025;3
153.86448;19.33500;     -0.79040;3.54023;3
153.83139;19.33667;     -0.78917;3.54020;3
153.79830;19.33833;     -0.78793;3.54018;3
153.76520;19.34000;     -0.78672;3.54016;3
153.73208;19.34167;     -0.78577;3.54013;3
153.69898;19.34333;     -0.78500;3.54011;3
153.66587;19.34500;     -0.78437;3.54009;3
153.63274;19.34667;     -0.78371;3.54007;3
153.59962;19.34833;     -0.78302;3.54004;3
153.56649;19.35000;     -0.78239;3.54002;3
153.53336;19.35167;     -0.78182;3.54000;3
153.50020;19.35333;     -0.78132;3.53997;3
153.46705;19.35500;     -0.78074;3.53995;3
153.43390;19.35667;     -0.77990;3.53993;3
153.40075;19.35833;     -0.77953;3.53990;3
153.36761;19.36000;     -0.77964;3.53988;3
153.33449;19.36167;     -0.78018;3.53986;3
153.30136;19.36333;     -0.78020;3.53983;3
153.26821;19.36500;     -0.77981;3.53981;3
153.23511;19.36667;     -0.77944;3.53979;3
153.20202;19.36833;     -0.77926;3.53976;3
153.16892;19.37000;     -0.77927;3.53974;3
153.13580;19.37167;     -0.77969;3.53972;3
153.10269;19.37333;     -0.78046;3.53969;3
153.06957;19.37500;     -0.78177;3.53967;3
153.03646;19.37667;     -0.78263;3.53965;3
153.00334;19.37833;     -0.78313;3.53963;3
152.97021;19.38000;     -0.78315;3.53960;3
152.93707;19.38167;     -0.78315;3.53958;3
152.90388;19.38333;     -0.78312;3.53956;3
152.87072;19.38500;     -0.78303;3.53953;3
152.83754;19.38667;     -0.78320;3.53951;3
152.80438;19.38833;     -0.78340;3.53949;3
152.77123;19.39000;     -0.78347;3.53946;3
152.73808;19.39167;     -0.78343;3.53944;3
152.70495;19.39333;     -0.78345;3.53942;3
152.67182;19.39500;     -0.78372;3.53939;3
152.63869;19.39667;     -0.78406;3.53937;3
152.60557;19.39833;     -0.78453;3.53935;3
152.57246;19.40000;     -0.78506;3.53932;3
152.53933;19.40167;     -0.78557;3.53930;3
152.50620;19.40333;     -0.78602;3.53928;3
152.47308;19.40500;     -0.78616;3.53925;3
152.43998;19.40667;     -0.78635;3.53923;3
152.40687;19.40833;     -0.78623;3.53921;3
152.37375;19.41000;     -0.78652;3.53918;3
152.34062;19.41167;     -0.78682;3.53916;3
152.30747;19.41333;     -0.78743;3.53914;3
152.27433;19.41500;     -0.78779;3.53911;3
152.24118;19.41667;     -0.78806;3.53909;3
152.20802;19.41833;     -0.78842;3.53907;3
152.17485;19.42000;     -0.78903;3.53904;3
152.14172;19.42167;     -0.79002;3.53902;3
152.10856;19.42333;     -0.79132;3.53900;3
152.07539;19.42500;     -0.79253;3.53897;3
152.04223;19.42667;     -0.79335;3.53895;3
152.00908;19.42833;     -0.79396;3.53893;3
151.97595;19.43000;     -0.79454;3.53890;3
151.94282;19.43167;     -0.79515;3.53888;3
151.90970;19.43333;     -0.79560;3.53886;3
151.87657;19.43500;     -0.79608;3.53883;3
151.84344;19.43667;     -0.79661;3.53881;3
151.81034;19.43833;     -0.79736;3.53878;3
151.77723;19.44000;     -0.79825;3.53876;3
151.74411;19.44167;     -0.79863;3.53874;3
151.71098;19.44333;     -0.79880;3.53871;3
151.67783;19.44500;     -0.79877;3.53869;3
151.64469;19.44667;     -0.79923;3.53867;3
151.61156;19.44833;     -0.79967;3.53864;3
151.57839;19.45000;     -0.80011;3.53862;3
151.54520;19.45167;     -0.80054;3.53860;3
151.51200;19.45333;     -0.80098;3.53857;3
151.47885;19.45500;     -0.80151;3.53855;3
151.44567;19.45667;     -0.80177;3.53853;3
151.41249;19.45833;     -0.80207;3.53850;3
151.37931;19.46000;     -0.80228;3.53848;3
151.34613;19.46167;     -0.80273;3.53846;3
151.31295;19.46333;     -0.80313;3.53843;3
151.27977;19.46500;     -0.80342;3.53841;3
151.24662;19.46667;     -0.80373;3.53839;3
151.21346;19.46833;     -0.80400;3.53836;3
151.18028;19.47000;     -0.80430;3.53834;3
151.14710;19.47167;     -0.80458;3.53831;3
151.11393;19.47333;     -0.80500;3.53829;3
151.08075;19.47500;     -0.80476;3.53827;3
151.04756;19.47667;     -0.80459;3.53824;3
151.01433;19.47833;     -0.80446;3.53822;3
150.98110;19.48000;     -0.80522;3.53820;3
150.94783;19.48167;     -0.80612;3.53817;3
150.91459;19.48333;     -0.80706;3.53815;3
150.88138;19.48500;     -0.80793;3.53813;3
150.84815;19.48667;     -0.80865;3.53810;3
150.81492;19.48833;     -0.80928;3.53808;3
150.78169;19.49000;     -0.80988;3.53805;3
150.74846;19.49167;     -0.81059;3.53803;3
150.71523;19.49333;     -0.81130;3.53801;3
150.68200;19.49500;     -0.81215;3.53798;3
150.64877;19.49667;     -0.81301;3.53796;3
150.61556;19.49833;     -0.81390;3.53794;3
150.58231;19.50000;     -0.81473;3.53791;3
150.54910;19.50167;     -0.81549;3.53789;3
150.51592;19.50333;     -0.81621;3.53786;3
150.48272;19.50500;     -0.81701;3.53784;3
150.44951;19.50667;     -0.81793;3.53782;3
150.41628;19.50833;     -0.81884;3.53779;3
150.38305;19.51000;     -0.81974;3.53777;3
150.34980;19.51167;     -0.82052;3.53775;3
150.31652;19.51333;     -0.82125;3.53772;3
150.28324;19.51500;     -0.82186;3.53770;3
150.24997;19.51667;     -0.82249;3.53767;3
150.21669;19.51833;     -0.82331;3.53765;3
150.18341;19.52000;     -0.82431;3.53763;3
150.15013;19.52167;     -0.82538;3.53760;3
150.11684;19.52333;     -0.82607;3.53758;3
150.08352;19.52500;     -0.82663;3.53756;3
150.05023;19.52667;     -0.82709;3.53753;3
150.01695;19.52833;     -0.82777;3.53751;3
149.98369;19.53000;     -0.82836;3.53748;3
149.95043;19.53167;     -0.82891;3.53746;3
149.91716;19.53333;     -0.82937;3.53744;3
149.88390;19.53500;     -0.82980;3.53741;3
149.85067;19.53667;     -0.83028;3.53739;3
149.81743;19.53833;     -0.83084;3.53736;3
149.78415;19.54000;     -0.83151;3.53734;3
149.75088;19.54167;     -0.83221;3.53732;3
149.71761;19.54333;     -0.83284;3.53729;3
149.68433;19.54500;     -0.83348;3.53727;3
149.65102;19.54667;     -0.83405;3.53724;3
149.61770;19.54833;     -0.83461;3.53722;3
149.58438;19.55000;     -0.83506;3.53720;3
149.55107;19.55167;     -0.83546;3.53717;3
149.51775;19.55333;     -0.83559;3.53715;3
149.48444;19.55500;     -0.83520;3.53712;3
149.45110;19.55667;     -0.83460;3.53710;3
149.41779;19.55833;     -0.83448;3.53708;3
149.38448;19.56000;     -0.83522;3.53705;3
149.35120;19.56167;     -0.83640;3.53703;3
149.31793;19.56333;     -0.83736;3.53701;3
149.28467;19.56500;     -0.83793;3.53698;3
149.25143;19.56667;     -0.83821;3.53696;3
149.21818;19.56833;     -0.83845;3.53693;3
149.18493;19.57000;     -0.83878;3.53691;3
149.15169;19.57167;     -0.83906;3.53689;3
149.11841;19.57333;     -0.83926;3.53686;3
149.08513;19.57500;     -0.83940;3.53684;3
149.05185;19.57667;     -0.83957;3.53681;3
149.01857;19.57833;     -0.83979;3.53679;3
148.98530;19.58000;     -0.83995;3.53677;3
148.95200;19.58167;     -0.84006;3.53674;3
148.91872;19.58333;     -0.84006;3.53672;3
148.88541;19.58500;     -0.84014;3.53669;3
148.85210;19.58667;     -0.84043;3.53667;3
148.81880;19.58833;     -0.84054;3.53664;3
148.78549;19.59000;     -0.84064;3.53662;3
148.75220;19.59167;     -0.84050;3.53660;3
148.71890;19.59333;     -0.84060;3.53657;3
148.68561;19.59500;     -0.84052;3.53655;3
148.65231;19.59667;     -0.84027;3.53652;3
148.61907;19.59833;     -0.83986;3.53650;3
148.58584;19.60000;     -0.83928;3.53648;3
148.55262;19.60167;     -0.83890;3.53645;3
148.51939;19.60333;     -0.83882;3.53643;3
148.48615;19.60500;     -0.83944;3.53640;3
148.45292;19.60667;     -0.84001;3.53638;3
148.41969;19.60833;     -0.84036;3.53636;3
148.38643;19.61000;     -0.84013;3.53633;3
148.35316;19.61167;     -0.83991;3.53631;3
148.31990;19.61333;     -0.83970;3.53628;3
148.28664;19.61500;     -0.83955;3.53626;3
148.25338;19.61667;     -0.83936;3.53623;3
148.22012;19.61833;     -0.83912;3.53621;3
148.18687;19.62000;     -0.83878;3.53619;3
148.15362;19.62167;     -0.83819;3.53616;3
148.12038;19.62333;     -0.83777;3.53614;3
148.08712;19.62500;     -0.83746;3.53611;3
148.05389;19.62667;     -0.83737;3.53609;3
148.02067;19.62833;     -0.83706;3.53607;3
147.98749;19.63000;     -0.83660;3.53604;3
147.95431;19.63167;     -0.83608;3.53602;3
147.92115;19.63333;     -0.83551;3.53599;3
147.88797;19.63500;     -0.83518;3.53597;3
147.85480;19.63667;     -0.83539;3.53595;3
147.82161;19.63833;     -0.83569;3.53592;3
147.78841;19.64000;     -0.83564;3.53590;3
147.75523;19.64167;     -0.83484;3.53587;3
147.72205;19.64333;     -0.83367;3.53585;3
147.68884;19.64500;     -0.83239;3.53582;3
147.65564;19.64667;     -0.83117;3.53580;3
147.62244;19.64833;     -0.83028;3.53578;3
147.58925;19.65000;     -0.82969;3.53575;3
147.55605;19.65167;     -0.82881;3.53573;3
147.52285;19.65333;     -0.82733;3.53570;3
147.48969;19.65500;     -0.82555;3.53568;3
147.45653;19.65667;     -0.82397;3.53565;3
147.42338;19.65833;     -0.82280;3.53563;3
147.39023;19.66000;     -0.82184;3.53561;3
147.35710;19.66167;     -0.82093;3.53558;3
147.32397;19.66333;     -0.81997;3.53556;3
147.29085;19.66500;     -0.81894;3.53553;3
147.25774;19.66667;     -0.81795;3.53551;3
147.22462;19.66833;     -0.81671;3.53549;3
147.19149;19.67000;     -0.81510;3.53546;3
147.15838;19.67167;     -0.81317;3.53544;3
147.12526;19.67333;     -0.81159;3.53541;3
147.09213;19.67500;     -0.81043;3.53539;3
147.05900;19.67667;     -0.80961;3.53536;3
147.02587;19.67833;     -0.80862;3.53534;3
146.99274;19.68000;     -0.80749;3.53532;3
146.95959;19.68167;     -0.80626;3.53529;3
146.92643;19.68333;     -0.80513;3.53527;3
146.89328;19.68500;     -0.80409;3.53524;3
146.86016;19.68667;     -0.80359;3.53522;3
146.82702;19.68833;     -0.80317;3.53519;3
146.79387;19.69000;     -0.80236;3.53517;3
146.76075;19.69167;     -0.80076;3.53515;3
146.72764;19.69333;     -0.79913;3.53512;3
146.69451;19.69500;     -0.79786;3.53510;3
146.66139;19.69667;     -0.79691;3.53507;3
146.62830;19.69833;     -0.79598;3.53505;3
146.59516;19.70000;     -0.79510;3.53502;3
146.56205;19.70167;     -0.79427;3.53500;3
146.52893;19.70333;     -0.79380;3.53498;3
146.49580;19.70500;     -0.79343;3.53495;3
146.46267;19.70667;     -0.79291;3.53493;3
146.42952;19.70833;     -0.79196;3.53490;3
146.39636;19.71000;     -0.79096;3.53488;3
146.36318;19.71167;     -0.79015;3.53485;3
146.32998;19.71333;     -0.78965;3.53483;3
146.29680;19.71500;     -0.78928;3.53480;3
146.26362;19.71667;     -0.78902;3.53478;3
146.23044;19.71833;     -0.78823;3.53476;3
146.19728;19.72000;     -0.78737;3.53473;3
146.16410;19.72167;     -0.78661;3.53471;3
146.13092;19.72333;     -0.78633;3.53468;3
146.09774;19.72500;     -0.78613;3.53466;3
146.06459;19.72667;     -0.78600;3.53463;3
146.03146;19.72833;     -0.78589;3.53461;3
145.99831;19.73000;     -0.78567;3.53459;3
145.96515;19.73167;     -0.78518;3.53456;3
145.93195;19.73333;     -0.78456;3.53454;3
145.89875;19.73500;     -0.78421;3.53451;3
145.86559;19.73667;     -0.78436;3.53449;3
145.83239;19.73833;     -0.78522;3.53446;3
145.79920;19.74000;     -0.78618;3.53444;3
145.76600;19.74167;     -0.78700;3.53441;3
145.73279;19.74333;     -0.78754;3.53439;3
145.69957;19.74500;     -0.78791;3.53436;3
145.66638;19.74667;     -0.78816;3.53434;3
145.63315;19.74833;     -0.78826;3.53432;3
145.59992;19.75000;     -0.78831;3.53429;3
145.56669;19.75167;     -0.78826;3.53427;3
145.53346;19.75333;     -0.78920;3.53424;3
145.50023;19.75500;     -0.79034;3.53422;3
145.46698;19.75667;     -0.79190;3.53419;3
145.43375;19.75833;     -0.79290;3.53417;3
145.40052;19.76000;     -0.79414;3.53414;3
145.36731;19.76167;     -0.79517;3.53412;3
145.33410;19.76333;     -0.79604;3.53409;3
145.30088;19.76500;     -0.79685;3.53407;3
145.26767;19.76667;     -0.79780;3.53405;3
145.23443;19.76833;     -0.79896;3.53402;3
145.20118;19.77000;     -0.80005;3.53400;3
145.16795;19.77167;     -0.80094;3.53397;3
145.13470;19.77333;     -0.80157;3.53395;3
145.10144;19.77500;     -0.80210;3.53392;3
145.06820;19.77667;     -0.80268;3.53390;3
145.03495;19.77833;     -0.80327;3.53387;3
145.00167;19.78000;     -0.80394;3.53385;3
144.96838;19.78167;     -0.80475;3.53382;3
144.93510;19.78333;     -0.80566;3.53380;3
144.90184;19.78500;     -0.80684;3.53377;3
144.86856;19.78667;     -0.80809;3.53375;3
144.83526;19.78833;     -0.80859;3.53372;3
144.80200;19.79000;     -0.80859;3.53370;3
144.76874;19.79167;     -0.80844;3.53368;3
144.73549;19.79333;     -0.80868;3.53365;3
144.70223;19.79500;     -0.80861;3.53363;3
144.66900;19.79667;     -0.80828;3.53360;3
144.63577;19.79833;     -0.80820;3.53358;3
144.60252;19.80000;     -0.80875;3.53355;3
144.56928;19.80167;     -0.80962;3.53353;3
144.53603;19.80333;     -0.81039;3.53350;3
144.50277;19.80500;     -0.81124;3.53348;3
144.46951;19.80667;     -0.81202;3.53345;3
144.43623;19.80833;     -0.81298;3.53343;3
144.40293;19.81000;     -0.81384;3.53340;3
144.36964;19.81167;     -0.81492;3.53338;3
144.33636;19.81333;     -0.81587;3.53335;3
144.30310;19.81500;     -0.81666;3.53333;3
144.26980;19.81667;     -0.81684;3.53330;3
144.23651;19.81833;     -0.81517;3.53328;3
144.20323;19.82000;     -0.81270;3.53325;3
144.16993;19.82167;     -0.80987;3.53323;3
144.13666;19.82333;     -0.80853;3.53321;3
144.10339;19.82500;     -0.80779;3.53318;3
144.07015;19.82667;     -0.80763;3.53316;3
144.03689;19.82833;     -0.80748;3.53313;3
144.00364;19.83000;     -0.80716;3.53311;3
143.97041;19.83167;     -0.80671;3.53308;3
143.93718;19.83333;     -0.80630;3.53306;3
143.90397;19.83500;     -0.80571;3.53303;3
143.87072;19.83667;     -0.80495;3.53301;3
143.83748;19.83833;     -0.80408;3.53298;3
143.80425;19.84000;     -0.80334;3.53296;3
143.77102;19.84167;     -0.80267;3.53293;3
143.73775;19.84333;     -0.80204;3.53291;3
143.70449;19.84500;     -0.80144;3.53288;3
143.67120;19.84667;     -0.80083;3.53286;3
143.63789;19.84833;     -0.79977;3.53283;3
143.60457;19.85000;     -0.79789;3.53281;3
143.57130;19.85167;     -0.79632;3.53278;3
143.53802;19.85333;     -0.79529;3.53276;3
143.50474;19.85500;     -0.79537;3.53273;3
143.47148;19.85667;     -0.79551;3.53271;3
143.43825;19.85833;     -0.79585;3.53268;3
143.40502;19.86000;     -0.79620;3.53266;3
143.37180;19.86167;     -0.79642;3.53263;3
143.33857;19.86333;     -0.79657;3.53261;3
143.30534;19.86500;     -0.79669;3.53258;3
143.27210;19.86667;     -0.79746;3.53256;3
143.23887;19.86833;     -0.79826;3.53253;3
143.20567;19.87000;     -0.79946;3.53251;3
143.17246;19.87167;     -0.80067;3.53248;3
143.13923;19.87333;     -0.80217;3.53246;3
143.10600;19.87500;     -0.80346;3.53244;3
143.07279;19.87667;     -0.80431;3.53241;3
143.03954;19.87833;     -0.80497;3.53239;3
143.00630;19.88000;     -0.80558;3.53236;3
142.97307;19.88167;     -0.80616;3.53234;3
142.93985;19.88333;     -0.80605;3.53231;3
142.90664;19.88500;     -0.80601;3.53229;3
142.87344;19.88667;     -0.80555;3.53226;3
142.84025;19.88833;     -0.80563;3.53224;3
142.80705;19.89000;     -0.80546;3.53221;3
142.77387;19.89167;     -0.80557;3.53219;3
142.74070;19.89333;     -0.80571;3.53216;3
142.70756;19.89500;     -0.80606;3.53214;3
142.67441;19.89667;     -0.80662;3.53211;3
142.64125;19.89833;     -0.80723;3.53209;3
142.60811;19.90000;     -0.80776;3.53206;3
142.57498;19.90167;     -0.80762;3.53204;3
142.54187;19.90333;     -0.80703;3.53201;3
142.50874;19.90500;     -0.80610;3.53199;3
142.47561;19.90667;     -0.80533;3.53196;3
142.44248;19.90833;     -0.80472;3.53194;3
142.40934;19.91000;     -0.80424;3.53191;3
142.37620;19.91167;     -0.80404;3.53189;3
142.34307;19.91333;     -0.80388;3.53186;3
142.30995;19.91500;     -0.80356;3.53184;3
142.27684;19.91667;     -0.80213;3.53181;3
142.24374;19.91833;     -0.80036;3.53179;3
142.21064;19.92000;     -0.79806;3.53176;3
142.17754;19.92167;     -0.79641;3.53174;3
142.14444;19.92333;     -0.79490;3.53171;3
142.11134;19.92500;     -0.79374;3.53169;3
142.07826;19.92667;     -0.79263;3.53166;3
142.04520;19.92833;     -0.79141;3.53164;3
142.01213;19.93000;     -0.79014;3.53161;3
141.97905;19.93167;     -0.78895;3.53159;3
141.94597;19.93333;     -0.78778;3.53156;3
141.91289;19.93500;     -0.78619;3.53154;3
141.87980;19.93667;     -0.78441;3.53151;3
141.84674;19.93833;     -0.78274;3.53149;3
141.81364;19.94000;     -0.78177;3.53146;3
141.78052;19.94167;     -0.78121;3.53144;3
141.74739;19.94333;     -0.78077;3.53141;3
141.71426;19.94500;     -0.78015;3.53139;3
141.68113;19.94667;     -0.77932;3.53136;3
141.64802;19.94833;     -0.77817;3.53134;3
141.61492;19.95000;     -0.77695;3.53131;3
141.58180;19.95167;     -0.77563;3.53129;3
141.54869;19.95333;     -0.77473;3.53126;3
141.51559;19.95500;     -0.77406;3.53124;3
141.48251;19.95667;     -0.77381;3.53121;3
141.44941;19.95833;     -0.77370;3.53119;3
141.41630;19.96000;     -0.77365;3.53116;3
141.38320;19.96167;     -0.77326;3.53114;3
141.35007;19.96333;     -0.77256;3.53111;3
141.31697;19.96500;     -0.77172;3.53109;3
141.28387;19.96667;     -0.77181;3.53106;3
141.25077;19.96833;     -0.77262;3.53104;3
141.21766;19.97000;     -0.77377;3.53101;3
141.18454;19.97167;     -0.77448;3.53099;3
141.15141;19.97333;     -0.77485;3.53096;3
141.11826;19.97500;     -0.77527;3.53094;3
141.08510;19.97667;     -0.77573;3.53091;3
141.05192;19.97833;     -0.77629;3.53089;3
141.01875;19.98000;     -0.77692;3.53086;3
140.98556;19.98167;     -0.77745;3.53084;3
140.95236;19.98333;     -0.77799;3.53081;3
140.91915;19.98500;     -0.77855;3.53079;3
140.88595;19.98667;     -0.77923;3.53076;3
140.85275;19.98833;     -0.77996;3.53074;3
140.81957;19.99000;     -0.78079;3.53071;3
140.78643;19.99167;     -0.78166;3.53069;3
140.75326;19.99333;     -0.78264;3.53066;3
140.72013;19.99500;     -0.78370;3.53063;3
140.68697;19.99667;     -0.78480;3.53061;3
140.65382;19.99833;     -0.78616;3.53058;3
140.62067;20.00000;     -0.78740;3.53056;3
140.58748;20.00167;     -0.78927;3.53053;3
140.55430;20.00333;     -0.79067;3.53051;3
140.52108;20.00500;     -0.79189;3.53048;3
140.48785;20.00667;     -0.79220;3.53046;3
140.45462;20.00833;     -0.79245;3.53043;3
140.42138;20.01000;     -0.79267;3.53041;3
140.38810;20.01167;     -0.79313;3.53038;3
140.35484;20.01333;     -0.79364;3.53036;3
140.32157;20.01500;     -0.79445;3.53033;3
140.28828;20.01667;     -0.79542;3.53031;3
140.25500;20.01833;     -0.79651;3.53028;3
140.22174;20.02000;     -0.79744;3.53026;3
140.18848;20.02167;     -0.79819;3.53023;3
140.15521;20.02333;     -0.79891;3.53021;3
140.12198;20.02500;     -0.79963;3.53018;3
140.08877;20.02667;     -0.80030;3.53015;3
140.05556;20.02833;     -0.80082;3.53013;3
140.02233;20.03000;     -0.80119;3.53010;3
139.98911;20.03167;     -0.80171;3.53008;3
139.95590;20.03333;     -0.80235;3.53005;3
139.92269;20.03500;     -0.80311;3.53003;3
139.88946;20.03667;     -0.80385;3.53000;3
139.85621;20.03833;     -0.80470;3.52998;3
139.82298;20.04000;     -0.80559;3.52995;3
139.78975;20.04167;     -0.80630;3.52993;3
139.75652;20.04333;     -0.80683;3.52990;3
139.72330;20.04500;     -0.80726;3.52988;3
139.69008;20.04667;     -0.80764;3.52985;3
139.65685;20.04833;     -0.80780;3.52983;3
139.62362;20.05000;     -0.80769;3.52980;3
139.59041;20.05167;     -0.80762;3.52977;3
139.55723;20.05333;     -0.80779;3.52975;3
139.52405;20.05500;     -0.80834;3.52972;3
139.49089;20.05667;     -0.80881;3.52970;3
139.45772;20.05833;     -0.80915;3.52967;3
139.42457;20.06000;     -0.80933;3.52965;3
139.39143;20.06167;     -0.80941;3.52962;3
139.35828;20.06333;     -0.80962;3.52960;3
139.32515;20.06500;     -0.81002;3.52957;3
139.29200;20.06667;     -0.81011;3.52955;3
139.25889;20.06833;     -0.80991;3.52952;3
139.22574;20.07000;     -0.80937;3.52950;3
139.19259;20.07167;     -0.80905;3.52947;3
139.15941;20.07333;     -0.80887;3.52945;3
139.12625;20.07500;     -0.80875;3.52942;3
139.09308;20.07667;     -0.80867;3.52939;3
139.05992;20.07833;     -0.80859;3.52937;3
139.02674;20.08000;     -0.80849;3.52934;3
138.99357;20.08167;     -0.80744;3.52932;3
138.96043;20.08333;     -0.80564;3.52929;3
138.92728;20.08500;     -0.80362;3.52927;3
138.89415;20.08667;     -0.80241;3.52924;3
138.86100;20.08833;     -0.80157;3.52922;3
138.82785;20.09000;     -0.80067;3.52919;3
138.79472;20.09167;     -0.79953;3.52917;3
138.76159;20.09333;     -0.79829;3.52914;3
138.72847;20.09500;     -0.79690;3.52911;3
138.69534;20.09667;     -0.79559;3.52909;3
138.66221;20.09833;     -0.79459;3.52906;3
138.62908;20.10000;     -0.79342;3.52904;3
138.59595;20.10167;     -0.79238;3.52901;3
138.56284;20.10333;     -0.79122;3.52899;3
138.52969;20.10500;     -0.79045;3.52896;3
138.49656;20.10667;     -0.78959;3.52894;3
138.46341;20.10833;     -0.78867;3.52891;3
138.43026;20.11000;     -0.78758;3.52889;3
138.39711;20.11167;     -0.78625;3.52886;3
138.36397;20.11333;     -0.78486;3.52883;3
138.33082;20.11500;     -0.78355;3.52881;3
138.29769;20.11667;     -0.78257;3.52878;3
138.26457;20.11833;     -0.78183;3.52876;3
138.23146;20.12000;     -0.78103;3.52873;3
138.19834;20.12167;     -0.78013;3.52871;3
138.16525;20.12333;     -0.77913;3.52868;3
138.13215;20.12500;     -0.77825;3.52866;3
138.09907;20.12667;     -0.77742;3.52863;3
138.06598;20.12833;     -0.77668;3.52861;3
138.03288;20.13000;     -0.77615;3.52858;3
137.99980;20.13167;     -0.77570;3.52856;3
137.96669;20.13333;     -0.77545;3.52853;3
137.93359;20.13500;     -0.77490;3.52850;3
137.90047;20.13667;     -0.77425;3.52848;3
137.86736;20.13833;     -0.77340;3.52845;3
137.83425;20.14000;     -0.77275;3.52843;3
137.80110;20.14167;     -0.77210;3.52840;3
137.76797;20.14333;     -0.77140;3.52838;3
137.73482;20.14500;     -0.77066;3.52835;3
137.70167;20.14667;     -0.77012;3.52833;3
137.66851;20.14833;     -0.76961;3.52830;3
137.63536;20.15000;     -0.76981;3.52827;3
137.60221;20.15167;     -0.77007;3.52825;3
137.56905;20.15333;     -0.77059;3.52822;3
137.53590;20.15500;     -0.77064;3.52820;3
137.50275;20.15667;     -0.77075;3.52817;3
137.46959;20.15833;     -0.77092;3.52815;3
137.43644;20.16000;     -0.77109;3.52812;3
137.40331;20.16167;     -0.77122;3.52810;3
137.37020;20.16333;     -0.77137;3.52807;3
137.33708;20.16500;     -0.77148;3.52804;3
137.30397;20.16667;     -0.77173;3.52802;3
137.27082;20.16833;     -0.77202;3.52799;3
137.23764;20.17000;     -0.77247;3.52797;3
137.20447;20.17167;     -0.77301;3.52794;3
137.17129;20.17333;     -0.77373;3.52792;3
137.13811;20.17500;     -0.77461;3.52789;3
137.10492;20.17667;     -0.77561;3.52787;3
137.07172;20.17833;     -0.77645;3.52784;3
137.03851;20.18000;     -0.77705;3.52781;3
137.00531;20.18167;     -0.77747;3.52779;3
136.97211;20.18333;     -0.77840;3.52776;3
136.93892;20.18500;     -0.77936;3.52774;3
136.90574;20.18667;     -0.78025;3.52771;3
136.87256;20.18833;     -0.78063;3.52769;3
136.83939;20.19000;     -0.78115;3.52766;3
136.80623;20.19167;     -0.78191;3.52763;3
136.77308;20.19333;     -0.78278;3.52761;3
136.73993;20.19500;     -0.78369;3.52758;3
136.70677;20.19667;     -0.78446;3.52756;3
136.67359;20.19833;     -0.78517;3.52753;3
136.64043;20.20000;     -0.78570;3.52751;3
136.60726;20.20167;     -0.78626;3.52748;3
136.57406;20.20333;     -0.78692;3.52745;3
136.54085;20.20500;     -0.78770;3.52743;3
136.50764;20.20667;     -0.78844;3.52740;3
136.47441;20.20833;     -0.78911;3.52738;3
136.44118;20.21000;     -0.78978;3.52735;3
136.40797;20.21167;     -0.79045;3.52733;3
136.37475;20.21333;     -0.79083;3.52730;3
136.34156;20.21500;     -0.79145;3.52727;3
136.30836;20.21667;     -0.79211;3.52725;3
136.27515;20.21833;     -0.79307;3.52722;3
136.24197;20.22000;     -0.79379;3.52720;3
136.20879;20.22167;     -0.79443;3.52717;3
136.17561;20.22333;     -0.79503;3.52715;3
136.14244;20.22500;     -0.79546;3.52712;3
136.10929;20.22667;     -0.79568;3.52709;3
136.07611;20.22833;     -0.79602;3.52707;3
136.04293;20.23000;     -0.79662;3.52704;3
136.00975;20.23167;     -0.79716;3.52702;3
135.97657;20.23333;     -0.79746;3.52699;3
135.94343;20.23500;     -0.79768;3.52697;3
135.91023;20.23667;     -0.79825;3.52694;3
135.87702;20.23833;     -0.79896;3.52691;3
135.84379;20.24000;     -0.79936;3.52689;3
135.81057;20.24167;     -0.79948;3.52686;3
135.77736;20.24333;     -0.79946;3.52684;3
135.74415;20.24500;     -0.79970;3.52681;3
135.71092;20.24667;     -0.80049;3.52678;3
135.67769;20.24833;     -0.80144;3.52676;3
135.64447;20.25000;     -0.80219;3.52673;3
135.61126;20.25167;     -0.80248;3.52671;3
135.57808;20.25333;     -0.80261;3.52668;3
135.54493;20.25500;     -0.80278;3.52666;3
135.51177;20.25667;     -0.80291;3.52663;3
135.47861;20.25833;     -0.80301;3.52660;3
135.44547;20.26000;     -0.80309;3.52658;3
135.41234;20.26167;     -0.80310;3.52655;3
135.37918;20.26333;     -0.80325;3.52653;3
135.34600;20.26500;     -0.80320;3.52650;3
135.31280;20.26667;     -0.80327;3.52648;3
135.27961;20.26833;     -0.80313;3.52645;3
135.24643;20.27000;     -0.80313;3.52642;3
135.21325;20.27167;     -0.80298;3.52640;3
135.18006;20.27333;     -0.80283;3.52637;3
135.14688;20.27500;     -0.80284;3.52635;3
135.11369;20.27667;     -0.80312;3.52632;3
135.08047;20.27833;     -0.80374;3.52629;3
135.04728;20.28000;     -0.80365;3.52627;3
135.01408;20.28167;     -0.80306;3.52624;3
134.98088;20.28333;     -0.80188;3.52622;3
134.94769;20.28500;     -0.80108;3.52619;3
134.91452;20.28667;     -0.80050;3.52616;3
134.88136;20.28833;     -0.80007;3.52614;3
134.84821;20.29000;     -0.79964;3.52611;3
134.81508;20.29167;     -0.79896;3.52609;3
134.78197;20.29333;     -0.79803;3.52606;3
134.74884;20.29500;     -0.79729;3.52604;3
134.71569;20.29667;     -0.79737;3.52601;3
134.68256;20.29833;     -0.79780;3.52598;3
134.64943;20.30000;     -0.79820;3.52596;3
134.61628;20.30167;     -0.79790;3.52593;3
134.58311;20.30333;     -0.79751;3.52591;3
134.54995;20.30500;     -0.79723;3.52588;3
134.51680;20.30667;     -0.79707;3.52585;3
134.48364;20.30833;     -0.79687;3.52583;3
134.45048;20.31000;     -0.79649;3.52580;3
134.41731;20.31167;     -0.79580;3.52578;3
134.38415;20.31333;     -0.79506;3.52575;3
134.35098;20.31500;     -0.79471;3.52572;3
134.31782;20.31667;     -0.79493;3.52570;3
134.28470;20.31833;     -0.79535;3.52567;3
134.25157;20.32000;     -0.79546;3.52565;3
134.21843;20.32167;     -0.79535;3.52562;3
134.18530;20.32333;     -0.79518;3.52559;3
134.15218;20.32500;     -0.79512;3.52557;3
134.11908;20.32667;     -0.79507;3.52554;3
134.08597;20.32833;     -0.79534;3.52552;3
134.05287;20.33000;     -0.79559;3.52549;3
134.01975;20.33167;     -0.79618;3.52547;3
133.98662;20.33333;     -0.79623;3.52544;3
133.95349;20.33500;     -0.79588;3.52541;3
133.92034;20.33667;     -0.79493;3.52539;3
133.88721;20.33833;     -0.79413;3.52536;3
133.85410;20.34000;     -0.79378;3.52534;3
133.82098;20.34167;     -0.79372;3.52531;3
133.78784;20.34333;     -0.79370;3.52528;3
133.75467;20.34500;     -0.79327;3.52526;3
133.72151;20.34667;     -0.79253;3.52523;3
133.68838;20.34833;     -0.79169;3.52521;3
133.65526;20.35000;     -0.79106;3.52518;3
133.62216;20.35167;     -0.79062;3.52515;3
133.58907;20.35333;     -0.79022;3.52513;3
133.55595;20.35500;     -0.78981;3.52510;3
133.52282;20.35667;     -0.78941;3.52508;3
133.48971;20.35833;     -0.78898;3.52505;3
133.45662;20.36000;     -0.78853;3.52502;3
133.42354;20.36167;     -0.78796;3.52500;3
133.39044;20.36333;     -0.78749;3.52497;3
133.35736;20.36500;     -0.78700;3.52495;3
133.32426;20.36667;     -0.78668;3.52492;3
133.29118;20.36833;     -0.78627;3.52489;3
133.25808;20.37000;     -0.78585;3.52487;3
133.22498;20.37167;     -0.78528;3.52484;3
133.19185;20.37333;     -0.78461;3.52482;3
133.15871;20.37500;     -0.78396;3.52479;3
133.12554;20.37667;     -0.78331;3.52476;3
133.09241;20.37833;     -0.78278;3.52474;3
133.05930;20.38000;     -0.78222;3.52471;3
133.02618;20.38167;     -0.78180;3.52469;3
132.99310;20.38333;     -0.78124;3.52466;3
132.96003;20.38500;     -0.78068;3.52463;3
132.92697;20.38667;     -0.78004;3.52461;3
132.89389;20.38833;     -0.77952;3.52458;3
132.86082;20.39000;     -0.77907;3.52456;3
132.82774;20.39167;     -0.77863;3.52453;3
132.79467;20.39333;     -0.77822;3.52450;3
132.76161;20.39500;     -0.77798;3.52448;3
132.72854;20.39667;     -0.77775;3.52445;3
132.69546;20.39833;     -0.77733;3.52443;3
132.66236;20.40000;     -0.77674;3.52440;3
132.62928;20.40167;     -0.77612;3.52437;3
132.59618;20.40333;     -0.77565;3.52435;3
132.56308;20.40500;     -0.77524;3.52432;3
132.53000;20.40667;     -0.77481;3.52430;3
132.49687;20.40833;     -0.77448;3.52427;3
132.46375;20.41000;     -0.77406;3.52424;3
132.43066;20.41167;     -0.77366;3.52422;3
132.39756;20.41333;     -0.77311;3.52419;3
132.36444;20.41500;     -0.77260;3.52417;3
132.33134;20.41667;     -0.77210;3.52414;3
132.29828;20.41833;     -0.77171;3.52411;3
132.26518;20.42000;     -0.77136;3.52409;3
132.23210;20.42167;     -0.77104;3.52406;3
132.19903;20.42333;     -0.77075;3.52404;3
132.16597;20.42500;     -0.77049;3.52401;3
132.13290;20.42667;     -0.77040;3.52398;3
132.09982;20.42833;     -0.77018;3.52396;3
132.06674;20.43000;     -0.76989;3.52393;3
132.03364;20.43167;     -0.76953;3.52390;3
132.00054;20.43333;     -0.76947;3.52388;3
131.96746;20.43500;     -0.76957;3.52385;3
131.93436;20.43667;     -0.76954;3.52383;3
131.90125;20.43833;     -0.76935;3.52380;3
131.86812;20.44000;     -0.76904;3.52377;3
131.83497;20.44167;     -0.76872;3.52375;3
131.80182;20.44333;     -0.76864;3.52372;3
131.76869;20.44500;     -0.76850;3.52370;3
131.73557;20.44667;     -0.76859;3.52367;3
131.70244;20.44833;     -0.76856;3.52364;3
131.66933;20.45000;     -0.76874;3.52362;3
131.63620;20.45167;     -0.76871;3.52359;3
131.60310;20.45333;     -0.76852;3.52356;3
131.57000;20.45500;     -0.76815;3.52354;3
131.53690;20.45667;     -0.76780;3.52351;3
131.50382;20.45833;     -0.76755;3.52349;3
131.47072;20.46000;     -0.76808;3.52346;3
131.43761;20.46167;     -0.76887;3.52343;3
131.40446;20.46333;     -0.76978;3.52341;3
131.37131;20.46500;     -0.77012;3.52338;3
131.33815;20.46667;     -0.77033;3.52336;3
131.30498;20.46833;     -0.77057;3.52333;3
131.27182;20.47000;     -0.77084;3.52330;3
131.23866;20.47167;     -0.77109;3.52328;3
131.20548;20.47333;     -0.77122;3.52325;3
131.17231;20.47500;     -0.77113;3.52322;3
131.13916;20.47667;     -0.77100;3.52320;3
131.10600;20.47833;     -0.77133;3.52317;3
131.07285;20.48000;     -0.77184;3.52315;3
131.03972;20.48167;     -0.77233;3.52312;3
131.00659;20.48333;     -0.77242;3.52309;3
130.97346;20.48500;     -0.77243;3.52307;3
130.94033;20.48667;     -0.77260;3.52304;3
130.90721;20.48833;     -0.77303;3.52301;3
130.87410;20.49000;     -0.77377;3.52299;3
130.84098;20.49167;     -0.77478;3.52296;3
130.80789;20.49333;     -0.77477;3.52294;3
130.77476;20.49500;     -0.77424;3.52291;3
130.74162;20.49667;     -0.77285;3.52288;3
130.70846;20.49833;     -0.77189;3.52286;3
130.67531;20.50000;     -0.77100;3.52283;3
130.64218;20.50167;     -0.77042;3.52280;3
130.60900;20.50333;     -0.77001;3.52278;3
130.57582;20.50500;     -0.76967;3.52275;3
130.54262;20.50667;     -0.76941;3.52273;3
130.50941;20.50833;     -0.76945;3.52270;3
130.47625;20.51000;     -0.76947;3.52267;3
130.44310;20.51167;     -0.76933;3.52265;3
130.40994;20.51333;     -0.76867;3.52262;3
130.37677;20.51500;     -0.76778;3.52259;3
130.34362;20.51667;     -0.76683;3.52257;3
130.31049;20.51833;     -0.76601;3.52254;3
130.27736;20.52000;     -0.76538;3.52251;3
130.24423;20.52167;     -0.76482;3.52249;3
130.21110;20.52333;     -0.76423;3.52246;3
130.17798;20.52500;     -0.76332;3.52244;3
130.14484;20.52667;     -0.76233;3.52241;3
130.11169;20.52833;     -0.76127;3.52238;3
130.07853;20.53000;     -0.76081;3.52236;3
130.04536;20.53167;     -0.76065;3.52233;3
130.01220;20.53333;     -0.76080;3.52230;3
129.97903;20.53500;     -0.76068;3.52228;3
129.94585;20.53667;     -0.76024;3.52225;3
129.91266;20.53833;     -0.75948;3.52223;3
129.87948;20.54000;     -0.75855;3.52220;3
129.84631;20.54167;     -0.75766;3.52217;3
129.81313;20.54333;     -0.75700;3.52215;3
129.77995;20.54500;     -0.75738;3.52212;3
129.74679;20.54667;     -0.75804;3.52209;3
129.71362;20.54833;     -0.75877;3.52207;3
129.68048;20.55000;     -0.75882;3.52204;3
129.64731;20.55167;     -0.75890;3.52201;3
129.61416;20.55333;     -0.75900;3.52199;3
129.58100;20.55500;     -0.75912;3.52196;3
129.54785;20.55667;     -0.75924;3.52193;3
129.51471;20.55833;     -0.75940;3.52191;3
129.48156;20.56000;     -0.75974;3.52188;3
129.44841;20.56167;     -0.76018;3.52186;3
129.41526;20.56333;     -0.76046;3.52183;3
129.38212;20.56500;     -0.76053;3.52180;3
129.34895;20.56667;     -0.76055;3.52178;3
129.31579;20.56833;     -0.76081;3.52175;3
129.28262;20.57000;     -0.76123;3.52172;3
129.24943;20.57167;     -0.76186;3.52170;3
129.21623;20.57333;     -0.76272;3.52167;3
129.18302;20.57500;     -0.76360;3.52164;3
129.14980;20.57667;     -0.76419;3.52162;3
129.11659;20.57833;     -0.76483;3.52159;3
129.08341;20.58000;     -0.76519;3.52157;3
129.05021;20.58167;     -0.76567;3.52154;3
129.01702;20.58333;     -0.76584;3.52151;3
128.98380;20.58500;     -0.76612;3.52149;3
128.95061;20.58667;     -0.76637;3.52146;3
128.91741;20.58833;     -0.76657;3.52143;3
128.88421;20.59000;     -0.76666;3.52141;3
128.85103;20.59167;     -0.76674;3.52138;3
128.81784;20.59333;     -0.76687;3.52135;3
128.78462;20.59500;     -0.76767;3.52133;3
128.75141;20.59667;     -0.76852;3.52130;3
128.71820;20.59833;     -0.76944;3.52127;3
128.68497;20.60000;     -0.76998;3.52125;3
128.65174;20.60167;     -0.77049;3.52122;3
128.61848;20.60333;     -0.77100;3.52119;3
128.58523;20.60500;     -0.77148;3.52117;3
128.55197;20.60667;     -0.77199;3.52114;3
128.51871;20.60833;     -0.77204;3.52111;3
128.48546;20.61000;     -0.77227;3.52109;3
128.45220;20.61167;     -0.77257;3.52106;3
128.41892;20.61333;     -0.77348;3.52104;3
128.38566;20.61500;     -0.77416;3.52101;3
128.35243;20.61667;     -0.77479;3.52098;3
128.31921;20.61833;     -0.77524;3.52096;3
128.28598;20.62000;     -0.77580;3.52093;3
128.25274;20.62167;     -0.77639;3.52090;3
128.21948;20.62333;     -0.77721;3.52088;3
128.18623;20.62500;     -0.77777;3.52085;3
128.15295;20.62667;     -0.77864;3.52082;3
128.11971;20.62833;     -0.77904;3.52080;3
128.08646;20.63000;     -0.77949;3.52077;3
128.05320;20.63167;     -0.77946;3.52074;3
128.01992;20.63333;     -0.77969;3.52072;3
127.98661;20.63500;     -0.78004;3.52069;3
127.95330;20.63667;     -0.78044;3.52066;3
127.91998;20.63833;     -0.78081;3.52064;3
127.88666;20.64000;     -0.78131;3.52061;3
127.85333;20.64167;     -0.78173;3.52058;3
127.82002;20.64333;     -0.78208;3.52056;3
127.78672;20.64500;     -0.78228;3.52053;3
127.75344;20.64667;     -0.78255;3.52050;3
127.72015;20.64833;     -0.78292;3.52048;3
127.68687;20.65000;     -0.78330;3.52045;3
127.65361;20.65167;     -0.78367;3.52042;3
127.62034;20.65333;     -0.78405;3.52040;3
127.58708;20.65500;     -0.78442;3.52037;3
127.55382;20.65667;     -0.78459;3.52034;3
127.52056;20.65833;     -0.78450;3.52032;3
127.48730;20.66000;     -0.78430;3.52029;3
127.45402;20.66167;     -0.78439;3.52026;3
127.42072;20.66333;     -0.78493;3.52024;3
127.38741;20.66500;     -0.78579;3.52021;3
127.35408;20.66667;     -0.78670;3.52018;3
127.32075;20.66833;     -0.78748;3.52016;3
127.28743;20.67000;     -0.78803;3.52013;3
127.25410;20.67167;     -0.78838;3.52010;3
127.22077;20.67333;     -0.78860;3.52008;3
127.18746;20.67500;     -0.78889;3.52005;3
127.15416;20.67667;     -0.78914;3.52002;3
127.12087;20.67833;     -0.78969;3.52000;3
127.08757;20.68000;     -0.79039;3.51997;3
127.05430;20.68167;     -0.79142;3.51994;3
127.02102;20.68333;     -0.79238;3.51992;3
126.98774;20.68500;     -0.79321;3.51989;3
126.95449;20.68667;     -0.79390;3.51986;3
126.92125;20.68833;     -0.79450;3.51984;3
126.88802;20.69000;     -0.79518;3.51981;3
126.85479;20.69167;     -0.79587;3.51978;3
126.82152;20.69333;     -0.79651;3.51976;3
126.78826;20.69500;     -0.79699;3.51973;3
126.75502;20.69667;     -0.79741;3.51970;3
126.72175;20.69833;     -0.79795;3.51968;3
126.68848;20.70000;     -0.79851;3.51965;3
126.65523;20.70167;     -0.79909;3.51962;3
126.62197;20.70333;     -0.79973;3.51960;3
126.58869;20.70500;     -0.80064;3.51957;3
126.55543;20.70667;     -0.80160;3.51954;3
126.52216;20.70833;     -0.80261;3.51952;3
126.48892;20.71000;     -0.80353;3.51949;3
126.45566;20.71167;     -0.80442;3.51946;3
126.42243;20.71333;     -0.80510;3.51944;3
126.38921;20.71500;     -0.80546;3.51941;3
126.35600;20.71667;     -0.80575;3.51938;3
126.32277;20.71833;     -0.80599;3.51936;3
126.28954;20.72000;     -0.80628;3.51933;3
126.25633;20.72167;     -0.80656;3.51930;3
126.22313;20.72333;     -0.80703;3.51928;3
126.18997;20.72500;     -0.80742;3.51925;3
126.15679;20.72667;     -0.80780;3.51922;3
126.12359;20.72833;     -0.80780;3.51920;3
126.09039;20.73000;     -0.80781;3.51917;3
126.05716;20.73167;     -0.80778;3.51914;3
126.02393;20.73333;     -0.80794;3.51912;3
125.99072;20.73500;     -0.80816;3.51909;3
125.95752;20.73667;     -0.80837;3.51906;3
125.92431;20.73833;     -0.80815;3.51904;3
125.89110;20.74000;     -0.80734;3.51901;3
125.85792;20.74167;     -0.80654;3.51898;3
125.82471;20.74333;     -0.80596;3.51896;3
125.79149;20.74500;     -0.80576;3.51893;3
125.75828;20.74667;     -0.80538;3.51890;3
125.72508;20.74833;     -0.80500;3.51888;3
125.69190;20.75000;     -0.80460;3.51885;3
125.65872;20.75167;     -0.80427;3.51882;3
125.62554;20.75333;     -0.80391;3.51880;3
125.59238;20.75500;     -0.80346;3.51877;3
125.55920;20.75667;     -0.80288;3.51874;3
125.52600;20.75833;     -0.80200;3.51871;3
125.49280;20.76000;     -0.80099;3.51869;3
125.45961;20.76167;     -0.79985;3.51866;3
125.42643;20.76333;     -0.79899;3.51863;3
125.39325;20.76500;     -0.79845;3.51861;3
125.36007;20.76667;     -0.79805;3.51858;3
125.32689;20.76833;     -0.79764;3.51855;3
125.29371;20.77000;     -0.79722;3.51853;3
125.26051;20.77167;     -0.79676;3.51850;3
125.22733;20.77333;     -0.79640;3.51847;3
125.19415;20.77500;     -0.79589;3.51845;3
125.16095;20.77667;     -0.79545;3.51842;3
125.12777;20.77833;     -0.79475;3.51839;3
125.09461;20.78000;     -0.79402;3.51837;3
125.06146;20.78167;     -0.79323;3.51834;3
125.02831;20.78333;     -0.79258;3.51831;3
124.99518;20.78500;     -0.79196;3.51829;3
124.96205;20.78667;     -0.79144;3.51826;3
124.92890;20.78833;     -0.79126;3.51823;3
124.89575;20.79000;     -0.79101;3.51821;3
124.86259;20.79167;     -0.79073;3.51818;3
124.82941;20.79333;     -0.79005;3.51815;3
124.79623;20.79500;     -0.78925;3.51813;3
124.76307;20.79667;     -0.78828;3.51810;3
124.72989;20.79833;     -0.78735;3.51807;3
124.69671;20.80000;     -0.78666;3.51805;3
124.66351;20.80167;     -0.78629;3.51802;3
124.63028;20.80333;     -0.78614;3.51799;3
124.59705;20.80500;     -0.78594;3.51797;3
124.56384;20.80667;     -0.78527;3.51794;3
124.53061;20.80833;     -0.78426;3.51791;3
124.49739;20.81000;     -0.78327;3.51789;3
124.46420;20.81167;     -0.78261;3.51786;3
124.43102;20.81333;     -0.78212;3.51783;3
124.39782;20.81500;     -0.78167;3.51781;3
124.36462;20.81667;     -0.78127;3.51778;3
124.33144;20.81833;     -0.78091;3.51775;3
124.29828;20.82000;     -0.78060;3.51772;3
124.26510;20.82167;     -0.78023;3.51770;3
124.23190;20.82333;     -0.77985;3.51767;3
124.19871;20.82500;     -0.77952;3.51764;3
124.16548;20.82667;     -0.77923;3.51762;3
124.13225;20.82833;     -0.77894;3.51759;3
124.09903;20.83000;     -0.77881;3.51756;3
124.06579;20.83167;     -0.77891;3.51754;3
124.03252;20.83333;     -0.77896;3.51751;3
123.99928;20.83500;     -0.77891;3.51748;3
123.96600;20.83667;     -0.77887;3.51746;3
123.93271;20.83833;     -0.77889;3.51743;3
123.89941;20.84000;     -0.77891;3.51740;3
123.86612;20.84167;     -0.77902;3.51738;3
123.83284;20.84333;     -0.77950;3.51735;3
123.79957;20.84500;     -0.78025;3.51732;3
123.76630;20.84667;     -0.78112;3.51729;3
123.73305;20.84833;     -0.78187;3.51727;3
123.69979;20.85000;     -0.78255;3.51724;3
123.66654;20.85167;     -0.78310;3.51721;3
123.63331;20.85333;     -0.78367;3.51719;3
123.60007;20.85500;     -0.78426;3.51716;3
123.56680;20.85667;     -0.78493;3.51713;3
123.53356;20.85833;     -0.78572;3.51711;3
123.50030;20.86000;     -0.78671;3.51708;3
123.46702;20.86167;     -0.78762;3.51705;3
123.43374;20.86333;     -0.78848;3.51703;3
123.40043;20.86500;     -0.78925;3.51700;3
123.36711;20.86667;     -0.79012;3.51697;3
123.33379;20.86833;     -0.79097;3.51694;3
123.30044;20.87000;     -0.79156;3.51692;3
123.26710;20.87167;     -0.79237;3.51689;3
123.23377;20.87333;     -0.79334;3.51686;3
123.20044;20.87500;     -0.79467;3.51684;3
123.16713;20.87667;     -0.79583;3.51681;3
123.13382;20.87833;     -0.79691;3.51678;3
123.10051;20.88000;     -0.79777;3.51675;3
123.06721;20.88167;     -0.79847;3.51673;3
123.03392;20.88333;     -0.79905;3.51670;3
123.00062;20.88500;     -0.79967;3.51667;3
122.96731;20.88667;     -0.80034;3.51665;3
122.93400;20.88833;     -0.80220;3.51662;3
122.90070;20.89000;     -0.80421;3.51659;3
122.86739;20.89167;     -0.80625;3.51657;3
122.83410;20.89333;     -0.80727;3.51654;3
122.80079;20.89500;     -0.80817;3.51651;3
122.76749;20.89667;     -0.80906;3.51649;3
122.73418;20.89833;     -0.80993;3.51646;3
122.70085;20.90000;     -0.81079;3.51643;3
122.66754;20.90167;     -0.81159;3.51640;3
122.63421;20.90333;     -0.81228;3.51638;3
122.60090;20.90500;     -0.81314;3.51635;3
122.56759;20.90667;     -0.81395;3.51632;3
122.53430;20.90833;     -0.81472;3.51630;3
122.50100;20.91000;     -0.81510;3.51627;3
122.46771;20.91167;     -0.81530;3.51624;3
122.43441;20.91333;     -0.81541;3.51621;3
122.40116;20.91500;     -0.81560;3.51619;3
122.36792;20.91667;     -0.81599;3.51616;3
122.33469;20.91833;     -0.81651;3.51613;3
122.30146;20.92000;     -0.81773;3.51611;3
122.26821;20.92167;     -0.81833;3.51608;3
122.23498;20.92333;     -0.81858;3.51605;3
122.20177;20.92500;     -0.81765;3.51603;3
122.16854;20.92667;     -0.81693;3.51600;3
122.13530;20.92833;     -0.81620;3.51597;3
122.10205;20.93000;     -0.81578;3.51595;3
122.06879;20.93167;     -0.81541;3.51592;3
122.03554;20.93333;     -0.81495;3.51589;3
122.00231;20.93500;     -0.81429;3.51586;3
121.96907;20.93667;     -0.81365;3.51584;3
121.93585;20.93833;     -0.81294;3.51581;3
121.90266;20.94000;     -0.81196;3.51578;3
121.86948;20.94167;     -0.81084;3.51576;3
121.83631;20.94333;     -0.80982;3.51573;3
121.80315;20.94500;     -0.80928;3.51570;3
121.77000;20.94667;     -0.80876;3.51568;3
121.73687;20.94833;     -0.80819;3.51565;3
121.70372;20.95000;     -0.80743;3.51562;3
121.67061;20.95167;     -0.80666;3.51559;3
121.63748;20.95333;     -0.80585;3.51557;3
121.60434;20.95500;     -0.80461;3.51554;3
121.57123;20.95667;     -0.80340;3.51551;3
121.53811;20.95833;     -0.80224;3.51549;3
121.50502;20.96000;     -0.80169;3.51546;3
121.47192;20.96167;     -0.80149;3.51543;3
121.43882;20.96333;     -0.80169;3.51541;3
121.40570;20.96500;     -0.80206;3.51538;3
121.37259;20.96667;     -0.80243;3.51535;3
121.33948;20.96833;     -0.80263;3.51532;3
121.30638;20.97000;     -0.80233;3.51530;3
121.27331;20.97167;     -0.80179;3.51527;3
121.24025;20.97333;     -0.80127;3.51524;3
121.20718;20.97500;     -0.80110;3.51522;3
121.17410;20.97667;     -0.80092;3.51519;3
121.14103;20.97833;     -0.80085;3.51516;3
121.10798;20.98000;     -0.80101;3.51514;3
121.07495;20.98167;     -0.80141;3.51511;3
121.04192;20.98333;     -0.80188;3.51508;3
121.00892;20.98500;     -0.80240;3.51506;3
120.97590;20.98667;     -0.80296;3.51503;3
120.94287;20.98833;     -0.80355;3.51500;3
120.90984;20.99000;     -0.80407;3.51497;3
120.87682;20.99167;     -0.80467;3.51495;3
120.84379;20.99333;     -0.80545;3.51492;3
120.81074;20.99500;     -0.80649;3.51489;3
120.77771;20.99667;     -0.80763;3.51487;3
120.74467;20.99833;     -0.80875;3.51484;3
120.71161;21.00000;     -0.80977;3.51481;3
120.67856;21.00167;     -0.81044;3.51479;3
120.64551;21.00333;     -0.81081;3.51476;3
120.61248;21.00500;     -0.81217;3.51473;3
120.57944;21.00667;     -0.81431;3.51471;3
120.54641;21.00833;     -0.81688;3.51468;3
120.51336;21.01000;     -0.81874;3.51465;3
120.48033;21.01167;     -0.82041;3.51462;3
120.44734;21.01333;     -0.82214;3.51460;3
120.41436;21.01500;     -0.82391;3.51457;3
120.38136;21.01667;     -0.82569;3.51454;3
120.34836;21.01833;     -0.82759;3.51452;3
120.31534;21.02000;     -0.82949;3.51449;3
120.28231;21.02167;     -0.83124;3.51446;3
120.24928;21.02333;     -0.83305;3.51444;3
120.21625;21.02500;     -0.83515;3.51441;3
120.18320;21.02667;     -0.83757;3.51438;3
120.15013;21.02833;     -0.83999;3.51436;3
120.11708;21.03000;     -0.84227;3.51433;3
120.08403;21.03167;     -0.84455;3.51430;3
120.05098;21.03333;     -0.84682;3.51427;3
120.01793;21.03500;     -0.84889;3.51425;3
119.98487;21.03667;     -0.85167;3.51422;3
119.95182;21.03833;     -0.85464;3.51419;3
119.91875;21.04000;     -0.85808;3.51417;3
119.88569;21.04167;     -0.86097;3.51414;3
119.85264;21.04333;     -0.86395;3.51411;3
119.81959;21.04500;     -0.86689;3.51409;3
119.78654;21.04667;     -0.86986;3.51406;3
119.75348;21.04833;     -0.87279;3.51403;3
119.72044;21.05000;     -0.87582;3.51400;3
119.68741;21.05167;     -0.87916;3.51398;3
119.65436;21.05333;     -0.88284;3.51395;3
119.62131;21.05500;     -0.88665;3.51392;3
119.58825;21.05667;     -0.89073;3.51390;3
119.55516;21.05833;     -0.89482;3.51387;3
119.52210;21.06000;     -0.89963;3.51384;3
119.48900;21.06167;     -0.90428;3.51382;3
119.45593;21.06333;     -0.90833;3.51379;3
119.42284;21.06500;     -0.91185;3.51376;3
119.38972;21.06667;     -0.91542;3.51373;3
119.35661;21.06833;     -0.91953;3.51371;3
119.32349;21.07000;     -0.92371;3.51368;3
119.29036;21.07167;     -0.92819;3.51365;3
119.25721;21.07333;     -0.93285;3.51363;3
119.22408;21.07500;     -0.93784;3.51360;3
119.19097;21.07667;     -0.94297;3.51357;3
119.15789;21.07833;     -0.94853;3.51354;3
119.12479;21.08000;     -0.95416;3.51352;3
119.09169;21.08167;     -0.95978;3.51349;3
119.05859;21.08333;     -0.96550;3.51346;3
119.02549;21.08500;     -0.97150;3.51344;3
118.99236;21.08667;     -0.97706;3.51341;3
118.95925;21.08833;     -0.98281;3.51338;3
118.92615;21.09000;     -0.98871;3.51336;3
118.89305;21.09167;     -0.99668;3.51333;3
118.85992;21.09333;     -1.00494;3.51330;3
118.82680;21.09500;     -1.01345;3.51327;3
118.79369;21.09667;     -1.02109;3.51325;3
118.76056;21.09833;     -1.02727;3.51322;3
118.72739;21.10000;     -1.03269;3.51319;3
118.69425;21.10167;     -1.03784;3.51317;3
118.66108;21.10333;     -1.04495;3.51314;3
118.62789;21.10500;     -1.05363;3.51311;3
118.59470;21.10667;     -1.06304;3.51308;3
118.56154;21.10833;     -1.07245;3.51306;3
118.52841;21.11000;     -1.08152;3.51303;3
118.49530;21.11167;     -1.09080;3.51300;3
118.46216;21.11333;     -1.10081;3.51298;3
118.42902;21.11500;     -1.11154;3.51295;3
118.39587;21.11667;     -1.12302;3.51292;3
118.36270;21.11833;     -1.13433;3.51289;3
118.32956;21.12000;     -1.14648;3.51287;3
118.29641;21.12167;     -1.15938;3.51284;3
118.26328;21.12333;     -1.17593;3.51281;3
118.23015;21.12500;     -1.19246;3.51279;3
118.19702;21.12667;     -1.20888;3.51276;3
118.16387;21.12833;     -1.22297;3.51273;3
118.13072;21.13000;     -1.23745;3.51270;3
118.09757;21.13167;     -1.24807;3.51268;3
118.06441;21.13333;     -1.25894;3.51265;3
118.03123;21.13500;     -1.26857;3.51262;3
117.99803;21.13667;     -1.28383;3.51260;3
117.96484;21.13833;     -1.30019;3.51257;3
117.93164;21.14000;     -1.31851;3.51254;3
117.89849;21.14167;     -1.33627;3.51251;3
117.86536;21.14333;     -1.35365;3.51249;3
117.83220;21.14500;     -1.37123;3.51246;3
117.79905;21.14667;     -1.38896;3.51243;3
117.76589;21.14833;     -1.40629;3.51240;3
117.73277;21.15000;     -1.42357;3.51238;3
117.69961;21.15167;     -1.44420;3.51235;3
117.66646;21.15333;     -1.46644;3.51232;3
117.63331;21.15500;     -1.49064;3.51230;3
117.60016;21.15667;     -1.51876;3.51227;3
117.56702;21.15833;     -1.54764;3.51224;3
117.53387;21.16000;     -1.57658;3.51221;3
117.50069;21.16167;     -1.60026;3.51219;3
117.46751;21.16333;     -1.62445;3.51216;3
117.43430;21.16500;     -1.64186;3.51213;3
117.40111;21.16667;     -1.65873;3.51211;3
117.36795;21.16833;     -1.67578;3.51208;3
117.33479;21.17000;     -1.70085;3.51205;3
117.30162;21.17167;     -1.72515;3.51202;3
117.26848;21.17333;     -1.75000;3.51200;3
117.23536;21.17500;     -1.77465;3.51197;3
117.20225;21.17667;     -1.80145;3.51194;3
117.16911;21.17833;     -1.82817;3.51192;3
117.13597;21.18000;     -1.86056;3.51189;3
117.10285;21.18167;     -1.89414;3.51186;3
117.06975;21.18333;     -1.92893;3.51183;3
117.03664;21.18500;     -1.96151;3.51181;3
117.00351;21.18667;     -1.99387;3.51178;3
116.97038;21.18833;     -2.02505;3.51175;3
116.93721;21.19000;     -2.05573;3.51172;3
116.90405;21.19167;     -2.09842;3.51170;3
116.87089;21.19333;     -2.14384;3.51167;3
116.83770;21.19500;     -2.18914;3.51164;3
116.80452;21.19667;     -2.21326;3.51162;3
116.77133;21.19833;     -2.23712;3.51159;3
116.73811;21.20000;     -2.26278;3.51156;3
116.70492;21.20167;     -2.30092;3.51153;3
116.67174;21.20333;     -2.34095;3.51151;3
116.63856;21.20500;     -2.37789;3.51148;3
116.60541;21.20667;     -2.41446;3.51145;3
116.57226;21.20833;     -2.45055;3.51142;3
116.53910;21.21000;     -2.48894;3.51140;3
116.50592;21.21167;     -2.52732;3.51137;3
116.47275;21.21333;     -2.57093;3.51134;3
116.43964;21.21500;     -2.61524;3.51132;3
116.40651;21.21667;     -2.65980;3.51129;3
116.37336;21.21833;     -2.69967;3.51126;3
116.34023;21.22000;     -2.73949;3.51123;3
116.30707;21.22167;     -2.78058;3.51121;3
116.27390;21.22333;     -2.81926;3.51118;3
116.24074;21.22500;     -2.85904;3.51115;3
116.20757;21.22667;     -2.89918;3.51112;3
116.17436;21.22833;     -2.94316;3.51110;3
116.14115;21.23000;     -2.98747;3.51107;3
116.10793;21.23167;     -3.03536;3.51104;3
116.07472;21.23333;     -3.08417;3.51102;3
116.04151;21.23500;     -3.13348;3.51099;3
116.00831;21.23667;     -3.18039;3.51096;3
115.97513;21.23833;     -3.22738;3.51093;3
115.94198;21.24000;     -3.27499;3.51091;3
115.90884;21.24167;     -3.32206;3.51088;3
115.87566;21.24333;     -3.36837;3.51085;3
115.84249;21.24500;     -3.41342;3.51082;3
115.80934;21.24667;     -3.45736;3.51080;3
115.77618;21.24833;     -3.50148;3.51077;3
115.74305;21.25000;     -3.54655;3.51074;3
115.70990;21.25167;     -3.59270;3.51072;3
115.67675;21.25333;     -3.63857;3.51069;3
115.64359;21.25500;     -3.68855;3.51066;3
115.61041;21.25667;     -3.75331;3.51063;3
115.57723;21.25833;     -3.81912;3.51061;3
115.54407;21.26000;     -3.88088;3.51058;3
115.51087;21.26167;     -3.92818;3.51055;3
115.47767;21.26333;     -3.97495;3.51052;3
115.44448;21.26500;     -4.00514;3.51050;3
115.41128;21.26667;     -4.02993;3.51047;3
115.37810;21.26833;     -4.05444;3.51044;3
115.34490;21.27000;     -4.09723;3.51041;3
115.31171;21.27167;     -4.14445;3.51039;3
115.27854;21.27333;     -4.19109;3.51036;3
115.24536;21.27500;     -4.23467;3.51033;3
115.21215;21.27667;     -4.27777;3.51031;3
115.17895;21.27833;     -4.32029;3.51028;3
115.14577;21.28000;     -4.36179;3.51025;3
115.11261;21.28167;     -4.40342;3.51022;3
115.07941;21.28333;     -4.44938;3.51020;3
115.04621;21.28500;     -4.50011;3.51017;3
115.01302;21.28667;     -4.55884;3.51014;3
114.97984;21.28833;     -4.61212;3.51011;3
114.94664;21.29000;     -4.65979;3.51009;3
114.91344;21.29167;     -4.69748;3.51006;3
114.88023;21.29333;     -4.73430;3.51003;3
114.84700;21.29500;     -4.77031;3.51000;3
114.81377;21.29667;     -4.80552;3.50998;3
114.78054;21.29833;     -4.83980;3.50995;3
114.74730;21.30000;     -4.87307;3.50992;3
114.71407;21.30167;     -4.89168;3.50990;3
114.68084;21.30333;     -4.90750;3.50987;3
114.64761;21.30500;     -4.92246;3.50984;3
114.61439;21.30667;     -4.95018;3.50981;3
114.58118;21.30833;     -4.97885;3.50979;3
114.54795;21.31000;     -5.00650;3.50976;3
114.51474;21.31167;     -5.03310;3.50973;3
114.48156;21.31333;     -5.06201;3.50970;3
114.44836;21.31500;     -5.09396;3.50968;3
114.41511;21.31667;     -5.13308;3.50965;3
114.38190;21.31833;     -5.16754;3.50962;3
114.34869;21.32000;     -5.19662;3.50959;3
114.31544;21.32167;     -5.21630;3.50957;3
114.28223;21.32333;     -5.23485;3.50954;3
114.24900;21.32500;     -5.25212;3.50951;3
114.21572;21.32667;     -5.26799;3.50948;3
114.18244;21.32833;     -5.28254;3.50946;3
114.14920;21.33000;     -5.29568;3.50943;3
114.11595;21.33167;     -5.30730;3.50940;3
114.08269;21.33333;     -5.31740;3.50937;3
114.04943;21.33500;     -5.32428;3.50935;3
114.01616;21.33667;     -5.32949;3.50932;3
113.98290;21.33833;     -5.33558;3.50929;3
113.94966;21.34000;     -5.34328;3.50926;3
113.91643;21.34167;     -5.35044;3.50924;3
113.88320;21.34333;     -5.35460;3.50921;3
113.84997;21.34500;     -5.35694;3.50918;3
113.81675;21.34667;     -5.35905;3.50915;3
113.78356;21.34833;     -5.36050;3.50913;3
113.75034;21.35000;     -5.36152;3.50910;3
113.71710;21.35167;     -5.35949;3.50907;3
113.68384;21.35333;     -5.35487;3.50904;3
113.65059;21.35500;     -5.34739;3.50902;3
113.61734;21.35667;     -5.34000;3.50899;3
113.58408;21.35833;     -5.33383;3.50896;3
113.55080;21.36000;     -5.32882;3.50893;3
113.51751;21.36167;     -5.32359;3.50891;3
113.48423;21.36333;     -5.31573;3.50888;3
113.45093;21.36500;     -5.30531;3.50885;3
113.41764;21.36667;     -5.28529;3.50882;3
113.38434;21.36833;     -5.26456;3.50880;3
113.35102;21.37000;     -5.24298;3.50877;3
113.31772;21.37167;     -5.22784;3.50874;3
113.28443;21.37333;     -5.20855;3.50871;3
113.25111;21.37500;     -5.18769;3.50869;3
113.21784;21.37667;     -5.16529;3.50866;3
113.18457;21.37833;     -5.14914;3.50863;3
113.15130;21.38000;     -5.13254;3.50860;3
113.11800;21.38167;     -5.11534;3.50858;3
113.08472;21.38333;     -5.09285;3.50855;3
113.05146;21.38500;     -5.06958;3.50852;3
113.01818;21.38667;     -5.05030;3.50849;3
112.98489;21.38833;     -5.02993;3.50847;3
112.95157;21.39000;     -5.00844;3.50844;3
112.91828;21.39167;     -4.98130;3.50841;3
112.88498;21.39333;     -4.95098;3.50838;3
112.85169;21.39500;     -4.92056;3.50836;3
112.81838;21.39667;     -4.89008;3.50833;3
112.78508;21.39833;     -4.86185;3.50830;3
112.75177;21.40000;     -4.82641;3.50827;3
112.71848;21.40167;     -4.79069;3.50825;3
112.68518;21.40333;     -4.75528;3.50822;3
112.65189;21.40500;     -4.72648;3.50819;3
112.61859;21.40667;     -4.69434;3.50816;3
112.58530;21.40833;     -4.66131;3.50814;3
112.55200;21.41000;     -4.62763;3.50811;3
112.51872;21.41167;     -4.60155;3.50808;3
112.48546;21.41333;     -4.57596;3.50805;3
112.45218;21.41500;     -4.55064;3.50803;3
112.41892;21.41667;     -4.52032;3.50800;3
112.38567;21.41833;     -4.49130;3.50797;3
112.35239;21.42000;     -4.46360;3.50794;3
112.31911;21.42167;     -4.43734;3.50792;3
112.28582;21.42333;     -4.40950;3.50789;3
112.25251;21.42500;     -4.37915;3.50786;3
112.21918;21.42667;     -4.34638;3.50783;3
112.18587;21.42833;     -4.31220;3.50781;3
112.15256;21.43000;     -4.27905;3.50778;3
112.11923;21.43167;     -4.24884;3.50775;3
112.08590;21.43333;     -4.21944;3.50772;3
112.05259;21.43500;     -4.17838;3.50770;3
112.01930;21.43667;     -4.13507;3.50767;3
111.98600;21.43833;     -4.09200;3.50764;3
111.95272;21.44000;     -4.06048;3.50761;3
111.91944;21.44167;     -4.02926;3.50759;3
111.88615;21.44333;     -3.99828;3.50756;3
111.85285;21.44500;     -3.96747;3.50753;3
111.81956;21.44667;     -3.93680;3.50750;3
111.78625;21.44833;     -3.91938;3.50748;3
111.75293;21.45000;     -3.90222;3.50745;3
111.71964;21.45167;     -3.88517;3.50742;3
111.68634;21.45333;     -3.85493;3.50739;3
111.65303;21.45500;     -3.82453;3.50736;3
111.61972;21.45667;     -3.79434;3.50734;3
111.58639;21.45833;     -3.76438;3.50731;3
111.55308;21.46000;     -3.73462;3.50728;3
111.51974;21.46167;     -3.70492;3.50725;3
111.48636;21.46333;     -3.67543;3.50723;3
111.45302;21.46500;     -3.64381;3.50720;3
111.41969;21.46667;     -3.60207;3.50717;3
111.38634;21.46833;     -3.56035;3.50714;3
111.35302;21.47000;     -3.52107;3.50712;3
111.31970;21.47167;     -3.49219;3.50709;3
111.28639;21.47333;     -3.46372;3.50706;3
111.25310;21.47500;     -3.43566;3.50703;3
111.21982;21.47667;     -3.40790;3.50701;3
111.18652;21.47833;     -3.38037;3.50698;3
111.15325;21.48000;     -3.35305;3.50695;3
111.11995;21.48167;     -3.33457;3.50692;3
111.08669;21.48333;     -3.31921;3.50690;3
111.05341;21.48500;     -3.30378;3.50687;3
111.02011;21.48667;     -3.27960;3.50684;3
110.98679;21.48833;     -3.25254;3.50681;3
110.95346;21.49000;     -3.22580;3.50678;3
110.92013;21.49167;     -3.19944;3.50676;3
110.88679;21.49333;     -3.17327;3.50673;3
110.85346;21.49500;     -3.14725;3.50670;3
110.82011;21.49667;     -3.12120;3.50667;3
110.78679;21.49833;     -3.09567;3.50665;3
110.75346;21.50000;     -3.05837;3.50662;3
110.72013;21.50167;     -3.02138;3.50659;3
110.68682;21.50333;     -2.98415;3.50656;3
110.65352;21.50500;     -2.95907;3.50654;3
110.62023;21.50667;     -2.93435;3.50651;3
110.58695;21.50833;     -2.91004;3.50648;3
110.55367;21.51000;     -2.88617;3.50645;3
110.52039;21.51167;     -2.86265;3.50643;3
110.48713;21.51333;     -2.84913;3.50640;3
110.45387;21.51500;     -2.83584;3.50637;3
110.42059;21.51667;     -2.82234;3.50634;3
110.38730;21.51833;     -2.79913;3.50632;3
110.35400;21.52000;     -2.77575;3.50629;3
110.32069;21.52167;     -2.75303;3.50626;3
110.28734;21.52333;     -2.73045;3.50623;3
110.25403;21.52500;     -2.70836;3.50620;3
110.22069;21.52667;     -2.68618;3.50618;3
110.18738;21.52833;     -2.66434;3.50615;3
110.15407;21.53000;     -2.63991;3.50612;3
110.12072;21.53167;     -2.60901;3.50609;3
110.08739;21.53333;     -2.57817;3.50607;3
110.05408;21.53500;     -2.55023;3.50604;3
110.02077;21.53667;     -2.52929;3.50601;3
109.98748;21.53833;     -2.50874;3.50598;3
109.95420;21.54000;     -2.48849;3.50596;3
109.92090;21.54167;     -2.46857;3.50593;3
109.88761;21.54333;     -2.44899;3.50590;3
109.85433;21.54500;     -2.42976;3.50587;3
109.82103;21.54667;     -2.41986;3.50585;3
109.78775;21.54833;     -2.41000;3.50582;3
109.75446;21.55000;     -2.40013;3.50579;3
109.72118;21.55167;     -2.38097;3.50576;3
109.68789;21.55333;     -2.36236;3.50573;3
109.65457;21.55500;     -2.34401;3.50571;3
109.62126;21.55667;     -2.32620;3.50568;3
109.58793;21.55833;     -2.30788;3.50565;3
109.55462;21.56000;     -2.28975;3.50562;3
109.52130;21.56167;     -2.27165;3.50560;3
109.48800;21.56333;     -2.25379;3.50557;3
109.45471;21.56500;     -2.22834;3.50554;3
109.42139;21.56667;     -2.20355;3.50551;3
109.38810;21.56833;     -2.17935;3.50549;3
109.35482;21.57000;     -2.16322;3.50546;3
109.32154;21.57167;     -2.14702;3.50543;3
109.28828;21.57333;     -2.13109;3.50540;3
109.25502;21.57500;     -2.11548;3.50537;3
109.22177;21.57667;     -2.10020;3.50535;3
109.18852;21.57833;     -2.08516;3.50532;3
109.15528;21.58000;     -2.07690;3.50529;3
109.12202;21.58167;     -2.06839;3.50526;3
109.08877;21.58333;     -2.05980;3.50524;3
109.05549;21.58500;     -2.04529;3.50521;3
109.02221;21.58667;     -2.03189;3.50518;3
108.98892;21.58833;     -2.01873;3.50515;3
108.95566;21.59000;     -2.00503;3.50513;3
108.92239;21.59167;     -1.99021;3.50510;3
108.88910;21.59333;     -1.97559;3.50507;3
108.85579;21.59500;     -1.96123;3.50504;3
108.82248;21.59667;     -1.94748;3.50502;3
108.78916;21.59833;     -1.92740;3.50499;3
108.75587;21.60000;     -1.90765;3.50496;3
108.72259;21.60167;     -1.88789;3.50493;3
108.68931;21.60333;     -1.87460;3.50490;3
108.65602;21.60500;     -1.86131;3.50488;3
108.62274;21.60667;     -1.84854;3.50485;3
108.58949;21.60833;     -1.83617;3.50482;3
108.55623;21.61000;     -1.82405;3.50479;3
108.52297;21.61167;     -1.81217;3.50477;3
108.48974;21.61333;     -1.80520;3.50474;3
108.45649;21.61500;     -1.79804;3.50471;3
108.42325;21.61667;     -1.79171;3.50468;3
108.39000;21.61833;     -1.78115;3.50466;3
108.35677;21.62000;     -1.77039;3.50463;3
108.32352;21.62167;     -1.75886;3.50460;3
108.29028;21.62333;     -1.74695;3.50457;3
108.25705;21.62500;     -1.73540;3.50454;3
108.22380;21.62667;     -1.72417;3.50452;3
108.19057;21.62833;     -1.71293;3.50449;3
108.15736;21.63000;     -1.70233;3.50446;3
108.12413;21.63167;     -1.68626;3.50443;3
108.09092;21.63333;     -1.67039;3.50441;3
108.05770;21.63500;     -1.65440;3.50438;3
108.02448;21.63667;     -1.64393;3.50435;3
107.99126;21.63833;     -1.63365;3.50432;3
107.95805;21.64000;     -1.62358;3.50430;3
107.92485;21.64167;     -1.61369;3.50427;3
107.89170;21.64333;     -1.60395;3.50424;3
107.85856;21.64500;     -1.59434;3.50421;3
107.82538;21.64667;     -1.58889;3.50419;3
107.79225;21.64833;     -1.58420;3.50416;3
107.75908;21.65000;     -1.57993;3.50413;3
107.72590;21.65167;     -1.57153;3.50410;3
107.69269;21.65333;     -1.56228;3.50408;3
107.65949;21.65500;     -1.55280;3.50405;3
107.62629;21.65667;     -1.54360;3.50402;3
107.59308;21.65833;     -1.53440;3.50399;3
107.55989;21.66000;     -1.52504;3.50396;3
107.52667;21.66167;     -1.51443;3.50394;3
107.49349;21.66333;     -1.50049;3.50391;3
107.46030;21.66500;     -1.48672;3.50388;3
107.42710;21.66667;     -1.47417;3.50385;3
107.39390;21.66833;     -1.46536;3.50383;3
107.36072;21.67000;     -1.45671;3.50380;3
107.32757;21.67167;     -1.44824;3.50377;3
107.29443;21.67333;     -1.43995;3.50374;3
107.26126;21.67500;     -1.43177;3.50372;3
107.22810;21.67667;     -1.42370;3.50369;3
107.19495;21.67833;     -1.41575;3.50366;3
107.16179;21.68000;     -1.41116;3.50363;3
107.12862;21.68167;     -1.40684;3.50361;3
107.09546;21.68333;     -1.40249;3.50358;3
107.06231;21.68500;     -1.39488;3.50355;3
107.02916;21.68667;     -1.38708;3.50352;3
106.99598;21.68833;     -1.37938;3.50349;3
106.96282;21.69000;     -1.37179;3.50347;3
106.92964;21.69167;     -1.36429;3.50344;3
106.89648;21.69333;     -1.35679;3.50341;3
106.86333;21.69500;     -1.34900;3.50338;3
106.83020;21.69667;     -1.33827;3.50336;3
106.79703;21.69833;     -1.32765;3.50333;3
106.76389;21.70000;     -1.31751;3.50330;3
106.73075;21.70167;     -1.31049;3.50327;3
106.69761;21.70333;     -1.30365;3.50325;3
106.66449;21.70500;     -1.29695;3.50322;3
106.63138;21.70667;     -1.29038;3.50319;3
106.59825;21.70833;     -1.28391;3.50316;3
106.56511;21.71000;     -1.27756;3.50314;3
106.53200;21.71167;     -1.27132;3.50311;3
106.49890;21.71333;     -1.26709;3.50308;3
106.46577;21.71500;     -1.26395;3.50305;3
106.43262;21.71667;     -1.26110;3.50302;3
106.39948;21.71833;     -1.25654;3.50300;3
106.36634;21.72000;     -1.25104;3.50297;3
106.33318;21.72167;     -1.24514;3.50294;3
106.30002;21.72333;     -1.23896;3.50291;3
106.26685;21.72500;     -1.23245;3.50289;3
106.23367;21.72667;     -1.22603;3.50286;3
106.20052;21.72833;     -1.21962;3.50283;3
106.16736;21.73000;     -1.21072;3.50280;3
106.13416;21.73167;     -1.20193;3.50278;3
106.10100;21.73333;     -1.19316;3.50275;3
106.06785;21.73500;     -1.18721;3.50272;3
106.03470;21.73667;     -1.18140;3.50269;3
106.00159;21.73833;     -1.17588;3.50267;3
105.96846;21.74000;     -1.17054;3.50264;3
105.93533;21.74167;     -1.16547;3.50261;3
105.90220;21.74333;     -1.16064;3.50258;3
105.86902;21.74500;     -1.15775;3.50256;3
105.83584;21.74667;     -1.15459;3.50253;3
105.80269;21.74833;     -1.15134;3.50250;3
105.76951;21.75000;     -1.14630;3.50247;3
105.73633;21.75167;     -1.14127;3.50244;3
105.70316;21.75333;     -1.13622;3.50242;3
105.66997;21.75500;     -1.13114;3.50239;3
105.63677;21.75667;     -1.12629;3.50236;3
105.60356;21.75833;     -1.12123;3.50233;3
105.57036;21.76000;     -1.11658;3.50231;3
105.53716;21.76167;     -1.11198;3.50228;3
105.50397;21.76333;     -1.10562;3.50225;3
105.47074;21.76500;     -1.09892;3.50222;3
105.43754;21.76667;     -1.09229;3.50219;3
105.40438;21.76833;     -1.08791;3.50217;3
105.37121;21.77000;     -1.08372;3.50214;3
105.33803;21.77167;     -1.07970;3.50211;3
105.30485;21.77333;     -1.07582;3.50208;3
105.27167;21.77500;     -1.07212;3.50206;3
105.23849;21.77667;     -1.06857;3.50203;3
105.20531;21.77833;     -1.06573;3.50200;3
105.17213;21.78000;     -1.06326;3.50197;3
105.13895;21.78167;     -1.06091;3.50195;3
105.10577;21.78333;     -1.05823;3.50192;3
105.07259;21.78500;     -1.05549;3.50189;3
105.03939;21.78667;     -1.05294;3.50186;3
105.00616;21.78833;     -1.05018;3.50183;3
104.97295;21.79000;     -1.04702;3.50181;3
104.93972;21.79167;     -1.04364;3.50178;3
104.90649;21.79333;     -1.04013;3.50175;3
104.87325;21.79500;     -1.03620;3.50172;3
104.83998;21.79667;     -1.03271;3.50170;3
104.80674;21.79833;     -1.02962;3.50167;3
104.77351;21.80000;     -1.02751;3.50164;3
104.74031;21.80167;     -1.02528;3.50161;3
104.70711;21.80333;     -1.02316;3.50159;3
104.67392;21.80500;     -1.02112;3.50156;3
104.64074;21.80667;     -1.01916;3.50153;3
104.60757;21.80833;     -1.01729;3.50150;3
104.57441;21.81000;     -1.01565;3.50147;3
104.54123;21.81167;     -1.01524;3.50145;3
104.50805;21.81333;     -1.01519;3.50142;3
104.47485;21.81500;     -1.01497;3.50139;3
104.44166;21.81667;     -1.01362;3.50136;3
104.40846;21.81833;     -1.01185;3.50134;3
104.37525;21.82000;     -1.00981;3.50131;3
104.34200;21.82167;     -1.00760;3.50128;3
104.30875;21.82333;     -1.00550;3.50125;3
104.27551;21.82500;     -1.00375;3.50122;3
104.24228;21.82667;     -1.00192;3.50120;3
104.20905;21.82833;     -0.99966;3.50117;3
104.17580;21.83000;     -0.99726;3.50114;3
104.14259;21.83167;     -0.99501;3.50111;3
104.10939;21.83333;     -0.99315;3.50109;3
104.07621;21.83500;     -0.99142;3.50106;3
104.04303;21.83667;     -0.98982;3.50103;3
104.00987;21.83833;     -0.98830;3.50100;3
103.97670;21.84000;     -0.98677;3.50097;3
103.94354;21.84167;     -0.98523;3.50095;3
103.91038;21.84333;     -0.98437;3.50092;3
103.87721;21.84500;     -0.98341;3.50089;3
103.84408;21.84667;     -0.98288;3.50086;3
103.81090;21.84833;     -0.98170;3.50084;3
103.77770;21.85000;     -0.98047;3.50081;3
103.74451;21.85167;     -0.97860;3.50078;3
103.71133;21.85333;     -0.97646;3.50075;3
103.67815;21.85500;     -0.97442;3.50072;3
103.64497;21.85667;     -0.97251;3.50070;3
103.61177;21.85833;     -0.97057;3.50067;3
103.57861;21.86000;     -0.96819;3.50064;3
103.54544;21.86167;     -0.96518;3.50061;3
103.51228;21.86333;     -0.96231;3.50059;3
103.47913;21.86500;     -0.95976;3.50056;3
103.44600;21.86667;     -0.95778;3.50053;3
103.41288;21.86833;     -0.95590;3.50050;3
103.37975;21.87000;     -0.95416;3.50048;3
103.34666;21.87167;     -0.95259;3.50045;3
103.31357;21.87333;     -0.95097;3.50042;3
103.28046;21.87500;     -0.94930;3.50039;3
103.24736;21.87667;     -0.94781;3.50036;3
103.21426;21.87833;     -0.94592;3.50034;3
103.18118;21.88000;     -0.94365;3.50031;3
103.14810;21.88167;     -0.94090;3.50028;3
103.11502;21.88333;     -0.93830;3.50025;3
103.08190;21.88500;     -0.93593;3.50023;3
103.04880;21.88667;     -0.93377;3.50020;3
103.01570;21.88833;     -0.93187;3.50017;3
102.98264;21.89000;     -0.92980;3.50014;3
102.94956;21.89167;     -0.92752;3.50012;3
102.91648;21.89333;     -0.92509;3.50009;3
102.88338;21.89500;     -0.92248;3.50006;3
102.85028;21.89667;     -0.91990;3.50003;3
102.81721;21.89833;     -0.91716;3.50000;3
102.78415;21.90000;     -0.91464;3.49998;3
102.75111;21.90167;     -0.91205;3.49995;3
102.71808;21.90333;     -0.90960;3.49992;3
102.68502;21.90500;     -0.90730;3.49989;3
102.65195;21.90667;     -0.90524;3.49987;3
102.61889;21.90833;     -0.90316;3.49984;3
102.58584;21.91000;     -0.90150;3.49981;3
102.55277;21.91167;     -0.89938;3.49978;3
102.51970;21.91333;     -0.89765;3.49976;3
102.48664;21.91500;     -0.89578;3.49973;3
102.45356;21.91667;     -0.89436;3.49970;3
102.42048;21.91833;     -0.89270;3.49967;3
102.38739;21.92000;     -0.89084;3.49965;3
102.35431;21.92167;     -0.88895;3.49962;3
102.32123;21.92333;     -0.88730;3.49959;3
102.28816;21.92500;     -0.88531;3.49956;3
102.25508;21.92667;     -0.88347;3.49953;3
102.22198;21.92833;     -0.88121;3.49951;3
102.18890;21.93000;     -0.87947;3.49948;3
102.15584;21.93167;     -0.87776;3.49945;3
102.12277;21.93333;     -0.87651;3.49942;3
102.08972;21.93500;     -0.87529;3.49940;3
102.05667;21.93667;     -0.87414;3.49937;3
102.02362;21.93833;     -0.87306;3.49934;3
101.99057;21.94000;     -0.87206;3.49931;3
101.95751;21.94167;     -0.87077;3.49928;3
101.92446;21.94333;     -0.86992;3.49926;3
101.89141;21.94500;     -0.86920;3.49923;3
101.85834;21.94667;     -0.86905;3.49920;3
101.82525;21.94833;     -0.86872;3.49917;3
101.79218;21.95000;     -0.86829;3.49915;3
101.75910;21.95167;     -0.86777;3.49912;3
101.72602;21.95333;     -0.86728;3.49909;3
101.69290;21.95500;     -0.86696;3.49906;3
101.65979;21.95667;     -0.86656;3.49904;3
101.62669;21.95833;     -0.86588;3.49901;3
101.59359;21.96000;     -0.86531;3.49898;3
101.56048;21.96167;     -0.86538;3.49895;3
101.52738;21.96333;     -0.86562;3.49892;3
101.49426;21.96500;     -0.86569;3.49890;3
101.46116;21.96667;     -0.86532;3.49887;3
101.42808;21.96833;     -0.86501;3.49884;3
101.39498;21.97000;     -0.86488;3.49881;3
101.36190;21.97167;     -0.86485;3.49879;3
101.32880;21.97333;     -0.86500;3.49876;3
101.29569;21.97500;     -0.86540;3.49873;3
101.26261;21.97667;     -0.86595;3.49870;3
101.22952;21.97833;     -0.86634;3.49868;3
101.19643;21.98000;     -0.86642;3.49865;3
101.16331;21.98167;     -0.86637;3.49862;3
101.13015;21.98333;     -0.86645;3.49859;3
101.09698;21.98500;     -0.86664;3.49856;3
101.06385;21.98667;     -0.86686;3.49854;3
101.03067;21.98833;     -0.86733;3.49851;3
100.99748;21.99000;     -0.86794;3.49848;3
100.96428;21.99167;     -0.86818;3.49845;3
100.93108;21.99333;     -0.86821;3.49842;3
100.89789;21.99500;     -0.86806;3.49840;3
100.86470;21.99667;     -0.86827;3.49837;3
100.83156;21.99833;     -0.86849;3.49834;3
100.79841;22.00000;     -0.86877;3.49831;3
100.76526;22.00167;     -0.86905;3.49829;3
100.73208;22.00333;     -0.86931;3.49826;3
100.69889;22.00500;     -0.86957;3.49823;3
100.66574;22.00667;     -0.86982;3.49820;3
100.63261;22.00833;     -0.87042;3.49818;3
100.59946;22.01000;     -0.87109;3.49815;3
100.56629;22.01167;     -0.87164;3.49812;3
100.53313;22.01333;     -0.87199;3.49809;3
100.49993;22.01500;     -0.87232;3.49806;3
100.46672;22.01667;     -0.87259;3.49804;3
100.43352;22.01833;     -0.87258;3.49801;3
100.40031;22.02000;     -0.87231;3.49798;3
100.36710;22.02167;     -0.87214;3.49795;3
100.33389;22.02333;     -0.87154;3.49792;3
100.30066;22.02500;     -0.87113;3.49790;3
100.26743;22.02667;     -0.87121;3.49787;3
100.23421;22.02833;     -0.87212;3.49784;3
100.20102;22.03000;     -0.87309;3.49781;3
100.16782;22.03167;     -0.87367;3.49779;3
100.13461;22.03333;     -0.87398;3.49776;3
100.10138;22.03500;     -0.87428;3.49773;3
100.06813;22.03667;     -0.87458;3.49770;3
100.03487;22.03833;     -0.87483;3.49767;3
100.00162;22.04000;     -0.87493;3.49765;3
 99.96838;22.04167;     -0.87493;3.49762;3
 99.93513;22.04333;     -0.87488;3.49759;3
 99.90189;22.04500;     -0.87483;3.49756;3
 99.86864;22.04667;     -0.87498;3.49753;3
 99.83538;22.04833;     -0.87543;3.49751;3
 99.80211;22.05000;     -0.87612;3.49748;3
 99.76884;22.05167;     -0.87676;3.49745;3
 99.73557;22.05333;     -0.87736;3.49742;3
 99.70230;22.05500;     -0.87811;3.49739;3
 99.66903;22.05667;     -0.87883;3.49737;3
 99.63574;22.05833;     -0.87941;3.49734;3
 99.60243;22.06000;     -0.88008;3.49731;3
 99.56913;22.06167;     -0.88052;3.49728;3
 99.53585;22.06333;     -0.88082;3.49725;3
 99.50256;22.06500;     -0.88081;3.49723;3
 99.46928;22.06667;     -0.88103;3.49720;3
 99.43602;22.06833;     -0.88141;3.49717;3
 99.40274;22.07000;     -0.88180;3.49714;3
 99.36946;22.07167;     -0.88217;3.49712;3
 99.33620;22.07333;     -0.88254;3.49709;3
 99.30292;22.07500;     -0.88315;3.49706;3
 99.26964;22.07667;     -0.88361;3.49703;3
 99.23634;22.07833;     -0.88393;3.49700;3
 99.20303;22.08000;     -0.88401;3.49698;3
 99.16974;22.08167;     -0.88429;3.49695;3
 99.13644;22.08333;     -0.88472;3.49692;3
 99.10315;22.08500;     -0.88514;3.49689;3
 99.06982;22.08667;     -0.88549;3.49686;3
 99.03648;22.08833;     -0.88585;3.49684;3
 99.00316;22.09000;     -0.88594;3.49681;3
 98.96985;22.09167;     -0.88576;3.49678;3
 98.93656;22.09333;     -0.88539;3.49675;3
 98.90325;22.09500;     -0.88538;3.49672;3
 98.86995;22.09667;     -0.88566;3.49670;3
 98.83667;22.09833;     -0.88620;3.49667;3
 98.80339;22.10000;     -0.88679;3.49664;3
 98.77013;22.10167;     -0.88743;3.49661;3
 98.73687;22.10333;     -0.88796;3.49658;3
 98.70362;22.10500;     -0.88838;3.49656;3
 98.67039;22.10667;     -0.88893;3.49653;3
 98.63712;22.10833;     -0.88945;3.49650;3
 98.60382;22.11000;     -0.88999;3.49647;3
 98.57052;22.11167;     -0.89050;3.49644;3
 98.53723;22.11333;     -0.89104;3.49642;3
 98.50393;22.11500;     -0.89151;3.49639;3
 98.47067;22.11667;     -0.89180;3.49636;3
 98.43739;22.11833;     -0.89221;3.49633;3
 98.40410;22.12000;     -0.89278;3.49630;3
 98.37082;22.12167;     -0.89362;3.49628;3
 98.33752;22.12333;     -0.89448;3.49625;3
 98.30421;22.12500;     -0.89526;3.49622;3
 98.27092;22.12667;     -0.89517;3.49619;3
 98.23762;22.12833;     -0.89481;3.49616;3
 98.20431;22.13000;     -0.89433;3.49614;3
 98.17100;22.13167;     -0.89444;3.49611;3
 98.13772;22.13333;     -0.89467;3.49608;3
 98.10444;22.13500;     -0.89490;3.49605;3
 98.07120;22.13667;     -0.89513;3.49603;3
 98.03795;22.13833;     -0.89536;3.49600;3
 98.00471;22.14000;     -0.89555;3.49597;3
 97.97144;22.14167;     -0.89601;3.49594;3
 97.93818;22.14333;     -0.89632;3.49591;3
 97.90492;22.14500;     -0.89648;3.49589;3
 97.87167;22.14667;     -0.89645;3.49586;3
 97.83839;22.14833;     -0.89655;3.49583;3
 97.80510;22.15000;     -0.89687;3.49580;3
 97.77182;22.15167;     -0.89717;3.49577;3
 97.73852;22.15333;     -0.89749;3.49575;3
 97.70523;22.15500;     -0.89769;3.49572;3
 97.67195;22.15667;     -0.89726;3.49569;3
 97.63867;22.15833;     -0.89631;3.49566;3
 97.60541;22.16000;     -0.89561;3.49563;3
 97.57218;22.16167;     -0.89566;3.49561;3
 97.53893;22.16333;     -0.89623;3.49558;3
 97.50569;22.16500;     -0.89686;3.49555;3
 97.47246;22.16667;     -0.89768;3.49552;3
 97.43925;22.16833;     -0.89870;3.49549;3
 97.40600;22.17000;     -0.89973;3.49547;3
 97.37279;22.17167;     -0.90056;3.49544;3
 97.33959;22.17333;     -0.90158;3.49541;3
 97.30638;22.17500;     -0.90255;3.49538;3
 97.27316;22.17667;     -0.90325;3.49535;3
 97.23995;22.17833;     -0.90364;3.49533;3
 97.20674;22.18000;     -0.90400;3.49530;3
 97.17351;22.18167;     -0.90473;3.49527;3
 97.14028;22.18333;     -0.90562;3.49524;3
 97.10705;22.18500;     -0.90653;3.49522;3
 97.07380;22.18667;     -0.90719;3.49519;3
 97.04057;22.18833;     -0.90786;3.49516;3
 97.00733;22.19000;     -0.90897;3.49513;3
 96.97407;22.19167;     -0.91021;3.49510;3
 96.94082;22.19333;     -0.91091;3.49508;3
 96.90757;22.19500;     -0.91111;3.49505;3
 96.87436;22.19667;     -0.91127;3.49502;3
 96.84116;22.19833;     -0.91177;3.49499;3
 96.80798;22.20000;     -0.91224;3.49496;3
 96.77479;22.20167;     -0.91275;3.49494;3
 96.74157;22.20333;     -0.91337;3.49491;3
 96.70838;22.20500;     -0.91422;3.49488;3
 96.67520;22.20667;     -0.91483;3.49485;3
 96.64200;22.20833;     -0.91487;3.49482;3
 96.60882;22.21000;     -0.91450;3.49480;3
 96.57566;22.21167;     -0.91432;3.49477;3
 96.54248;22.21333;     -0.91451;3.49474;3
 96.50928;22.21500;     -0.91468;3.49471;3
 96.47610;22.21667;     -0.91451;3.49468;3
 96.44292;22.21833;     -0.91410;3.49466;3
 96.40972;22.22000;     -0.91365;3.49463;3
 96.37651;22.22167;     -0.91359;3.49460;3
 96.34329;22.22333;     -0.91334;3.49457;3
 96.31011;22.22500;     -0.91303;3.49454;3
 96.27693;22.22667;     -0.91228;3.49452;3
 96.24375;22.22833;     -0.91180;3.49449;3
 96.21057;22.23000;     -0.91127;3.49446;3
 96.17744;22.23167;     -0.91076;3.49443;3
 96.14433;22.23333;     -0.91011;3.49441;3
 96.11120;22.23500;     -0.90941;3.49438;3
 96.07807;22.23667;     -0.90867;3.49435;3
 96.04493;22.23833;     -0.90816;3.49432;3
 96.01180;22.24000;     -0.90781;3.49429;3
 95.97869;22.24167;     -0.90723;3.49427;3
 95.94559;22.24333;     -0.90659;3.49424;3
 95.91246;22.24500;     -0.90582;3.49421;3
 95.87933;22.24667;     -0.90499;3.49418;3
 95.84616;22.24833;     -0.90381;3.49415;3
 95.81302;22.25000;     -0.90255;3.49413;3
 95.77988;22.25167;     -0.90163;3.49410;3
 95.74674;22.25333;     -0.90097;3.49407;3
 95.71361;22.25500;     -0.90014;3.49404;3
 95.68046;22.25667;     -0.89878;3.49402;3
 95.64729;22.25833;     -0.89714;3.49399;3
 95.61416;22.26000;     -0.89563;3.49396;3
 95.58105;22.26167;     -0.89448;3.49393;3
 95.54793;22.26333;     -0.89342;3.49390;3
 95.51485;22.26500;     -0.89234;3.49388;3
 95.48177;22.26667;     -0.89126;3.49385;3
 95.44869;22.26833;     -0.89016;3.49382;3
 95.41559;22.27000;     -0.88906;3.49379;3
 95.38251;22.27167;     -0.88805;3.49376;3
 95.34939;22.27333;     -0.88704;3.49374;3
 95.31626;22.27500;     -0.88631;3.49371;3
 95.28316;22.27667;     -0.88549;3.49368;3
 95.25007;22.27833;     -0.88462;3.49365;3
 95.21695;22.28000;     -0.88351;3.49363;3
 95.18382;22.28167;     -0.88257;3.49360;3
 95.15069;22.28333;     -0.88178;3.49357;3
 95.11756;22.28500;     -0.88091;3.49354;3
 95.08443;22.28667;     -0.87975;3.49351;3
 95.05133;22.28833;     -0.87848;3.49349;3
 95.01821;22.29000;     -0.87700;3.49346;3
 94.98511;22.29167;     -0.87567;3.49343;3
 94.95205;22.29333;     -0.87443;3.49340;3
 94.91895;22.29500;     -0.87352;3.49337;3
 94.88585;22.29667;     -0.87264;3.49335;3
 94.85277;22.29833;     -0.87181;3.49332;3
 94.81969;22.30000;     -0.87097;3.49329;3
 94.78659;22.30167;     -0.87014;3.49326;3
 94.75349;22.30333;     -0.86941;3.49324;3
 94.72039;22.30500;     -0.86890;3.49321;3
 94.68729;22.30667;     -0.86824;3.49318;3
 94.65420;22.30833;     -0.86768;3.49315;3
 94.62110;22.31000;     -0.86691;3.49312;3
 94.58800;22.31167;     -0.86639;3.49310;3
 94.55487;22.31333;     -0.86561;3.49307;3
 94.52172;22.31500;     -0.86504;3.49304;3
 94.48859;22.31667;     -0.86451;3.49301;3
 94.45543;22.31833;     -0.86416;3.49298;3
 94.42225;22.32000;     -0.86362;3.49296;3
 94.38908;22.32167;     -0.86297;3.49293;3
 94.35595;22.32333;     -0.86232;3.49290;3
 94.32280;22.32500;     -0.86167;3.49287;3
 94.28964;22.32667;     -0.86098;3.49284;3
 94.25651;22.32833;     -0.86028;3.49282;3
 94.22339;22.33000;     -0.85970;3.49279;3
 94.19029;22.33167;     -0.85927;3.49276;3
 94.15718;22.33333;     -0.85887;3.49273;3
 94.12405;22.33500;     -0.85851;3.49271;3
 94.09093;22.33667;     -0.85818;3.49268;3
 94.05782;22.33833;     -0.85814;3.49265;3
 94.02470;22.34000;     -0.85827;3.49262;3
 93.99157;22.34167;     -0.85844;3.49259;3
 93.95843;22.34333;     -0.85825;3.49257;3
 93.92526;22.34500;     -0.85784;3.49254;3
 93.89211;22.34667;     -0.85736;3.49251;3
 93.85895;22.34833;     -0.85699;3.49248;3
 93.82579;22.35000;     -0.85672;3.49245;3
 93.79264;22.35167;     -0.85651;3.49243;3
 93.75946;22.35333;     -0.85631;3.49240;3
 93.72628;22.35500;     -0.85598;3.49237;3
 93.69311;22.35667;     -0.85566;3.49234;3
 93.65995;22.35833;     -0.85538;3.49231;3
 93.62679;22.36000;     -0.85525;3.49229;3
 93.59361;22.36167;     -0.85514;3.49226;3
 93.56043;22.36333;     -0.85502;3.49223;3
 93.52726;22.36500;     -0.85490;3.49220;3
 93.49408;22.36667;     -0.85478;3.49217;3
 93.46090;22.36833;     -0.85469;3.49215;3
 93.42774;22.37000;     -0.85487;3.49212;3
 93.39457;22.37167;     -0.85493;3.49209;3
 93.36139;22.37333;     -0.85499;3.49206;3
 93.32823;22.37500;     -0.85479;3.49203;3
 93.29507;22.37667;     -0.85475;3.49201;3
 93.26185;22.37833;     -0.85480;3.49198;3
 93.22864;22.38000;     -0.85493;3.49195;3
 93.19543;22.38167;     -0.85513;3.49192;3
 93.16220;22.38333;     -0.85532;3.49189;3
 93.12898;22.38500;     -0.85555;3.49187;3
 93.09575;22.38667;     -0.85565;3.49184;3
 93.06251;22.38833;     -0.85561;3.49181;3
 93.02926;22.39000;     -0.85549;3.49178;3
 92.99602;22.39167;     -0.85540;3.49175;3
 92.96279;22.39333;     -0.85529;3.49173;3
 92.92954;22.39500;     -0.85524;3.49170;3
 92.89631;22.39667;     -0.85529;3.49167;3
 92.86308;22.39833;     -0.85546;3.49164;3
 92.82985;22.40000;     -0.85566;3.49161;3
 92.79662;22.40167;     -0.85590;3.49159;3
 92.76338;22.40333;     -0.85605;3.49156;3
 92.73013;22.40500;     -0.85576;3.49153;3
 92.69689;22.40667;     -0.85552;3.49150;3
 92.66362;22.40833;     -0.85555;3.49147;3
 92.63036;22.41000;     -0.85630;3.49145;3
 92.59708;22.41167;     -0.85716;3.49142;3
 92.56379;22.41333;     -0.85789;3.49139;3
 92.53051;22.41500;     -0.85840;3.49136;3
 92.49725;22.41667;     -0.85882;3.49133;3
 92.46395;22.41833;     -0.85921;3.49131;3
 92.43067;22.42000;     -0.85938;3.49128;3
 92.39739;22.42167;     -0.85939;3.49125;3
 92.36411;22.42333;     -0.85947;3.49122;3
 92.33080;22.42500;     -0.85981;3.49119;3
 92.29751;22.42667;     -0.86046;3.49117;3
 92.26426;22.42833;     -0.86111;3.49114;3
 92.23100;22.43000;     -0.86184;3.49111;3
 92.19774;22.43167;     -0.86248;3.49108;3
 92.16448;22.43333;     -0.86322;3.49105;3
 92.13123;22.43500;     -0.86381;3.49103;3
 92.09798;22.43667;     -0.86466;3.49100;3
 92.06471;22.43833;     -0.86569;3.49097;3
 92.03143;22.44000;     -0.86685;3.49094;3
 91.99811;22.44167;     -0.86782;3.49091;3
 91.96484;22.44333;     -0.86843;3.49089;3
 91.93156;22.44500;     -0.86899;3.49086;3
 91.89828;22.44667;     -0.86948;3.49083;3
 91.86498;22.44833;     -0.87010;3.49080;3
 91.83169;22.45000;     -0.87075;3.49077;3
 91.79839;22.45167;     -0.87142;3.49075;3
 91.76505;22.45333;     -0.87212;3.49072;3
 91.73175;22.45500;     -0.87271;3.49069;3
 91.69848;22.45667;     -0.87322;3.49066;3
 91.66516;22.45833;     -0.87363;3.49063;3
 91.63189;22.46000;     -0.87406;3.49060;3
 91.59862;22.46167;     -0.87451;3.49058;3
 91.56538;22.46333;     -0.87499;3.49055;3
 91.53213;22.46500;     -0.87552;3.49052;3
 91.49887;22.46667;     -0.87613;3.49049;3
 91.46564;22.46833;     -0.87659;3.49046;3
 91.43239;22.47000;     -0.87713;3.49044;3
 91.39915;22.47167;     -0.87717;3.49041;3
 91.36590;22.47333;     -0.87711;3.49038;3
 91.33267;22.47500;     -0.87679;3.49035;3
 91.29941;22.47667;     -0.87694;3.49032;3
 91.26615;22.47833;     -0.87746;3.49030;3
 91.23289;22.48000;     -0.87842;3.49027;3
 91.19961;22.48167;     -0.87937;3.49024;3
 91.16633;22.48333;     -0.88012;3.49021;3
 91.13307;22.48500;     -0.88036;3.49018;3
 91.09980;22.48667;     -0.88039;3.49016;3
 91.06654;22.48833;     -0.88031;3.49013;3
 91.03330;22.49000;     -0.88032;3.49010;3
 91.00005;22.49167;     -0.88025;3.49007;3
 90.96684;22.49333;     -0.88018;3.49004;3
 90.93362;22.49500;     -0.88007;3.49002;3
 90.90041;22.49667;     -0.88004;3.48999;3
 90.86723;22.49833;     -0.87996;3.48996;3
 90.83405;22.50000;     -0.87992;3.48993;3
 90.80087;22.50167;     -0.87993;3.48990;3
 90.76767;22.50333;     -0.88006;3.48988;3
 90.73451;22.50500;     -0.88034;3.48985;3
 90.70133;22.50667;     -0.88037;3.48982;3
 90.66818;22.50833;     -0.88016;3.48979;3
 90.63503;22.51000;     -0.87958;3.48976;3
 90.60187;22.51167;     -0.87910;3.48974;3
 90.56870;22.51333;     -0.87846;3.48971;3
 90.53552;22.51500;     -0.87785;3.48968;3
 90.50233;22.51667;     -0.87723;3.48965;3
 90.46913;22.51833;     -0.87680;3.48962;3
 90.43595;22.52000;     -0.87630;3.48960;3
 90.40279;22.52167;     -0.87560;3.48957;3
 90.36962;22.52333;     -0.87491;3.48954;3
 90.33644;22.52500;     -0.87434;3.48951;3
 90.30329;22.52667;     -0.87390;3.48948;3
 90.27016;22.52833;     -0.87341;3.48946;3
 90.23700;22.53000;     -0.87296;3.48943;3
 90.20387;22.53167;     -0.87260;3.48940;3
 90.17074;22.53333;     -0.87211;3.48937;3
 90.13759;22.53500;     -0.87128;3.48934;3
 90.10443;22.53667;     -0.87004;3.48932;3
 90.07129;22.53833;     -0.86875;3.48929;3
 90.03820;22.54000;     -0.86774;3.48926;3
 90.00508;22.54167;     -0.86712;3.48923;3
 89.97198;22.54333;     -0.86676;3.48920;3
 89.93887;22.54500;     -0.86647;3.48918;3
 89.90574;22.54667;     -0.86618;3.48915;3
 89.87259;22.54833;     -0.86607;3.48912;3
 89.83943;22.55000;     -0.86616;3.48909;3
 89.80628;22.55167;     -0.86597;3.48906;3
 89.77313;22.55333;     -0.86507;3.48904;3
 89.74000;22.55500;     -0.86358;3.48901;3
 89.70687;22.55667;     -0.86228;3.48898;3
 89.67374;22.55833;     -0.86141;3.48895;3
 89.64064;22.56000;     -0.86081;3.48892;3
 89.60752;22.56167;     -0.86023;3.48890;3
 89.57441;22.56333;     -0.85967;3.48887;3
 89.54129;22.56500;     -0.85914;3.48884;3
 89.50818;22.56667;     -0.85864;3.48881;3
 89.47508;22.56833;     -0.85830;3.48878;3
 89.44197;22.57000;     -0.85802;3.48876;3
 89.40889;22.57167;     -0.85808;3.48873;3
 89.37579;22.57333;     -0.85801;3.48870;3
 89.34267;22.57500;     -0.85786;3.48867;3
 89.30952;22.57667;     -0.85729;3.48864;3
 89.27638;22.57833;     -0.85664;3.48862;3
 89.24321;22.58000;     -0.85575;3.48859;3
 89.21007;22.58167;     -0.85488;3.48856;3
 89.17692;22.58333;     -0.85399;3.48853;3
 89.14379;22.58500;     -0.85338;3.48850;3
 89.11066;22.58667;     -0.85295;3.48848;3
 89.07751;22.58833;     -0.85296;3.48845;3
 89.04438;22.59000;     -0.85304;3.48842;3
 89.01125;22.59167;     -0.85311;3.48839;3
 88.97810;22.59333;     -0.85292;3.48836;3
 88.94497;22.59500;     -0.85276;3.48834;3
 88.91184;22.59667;     -0.85258;3.48831;3
 88.87870;22.59833;     -0.85238;3.48828;3
 88.84556;22.60000;     -0.85204;3.48825;3
 88.81243;22.60167;     -0.85202;3.48822;3
 88.77926;22.60333;     -0.85211;3.48820;3
 88.74611;22.60500;     -0.85240;3.48817;3
 88.71293;22.60667;     -0.85242;3.48814;3
 88.67977;22.60833;     -0.85242;3.48811;3
 88.64657;22.61000;     -0.85252;3.48808;3
 88.61339;22.61167;     -0.85273;3.48806;3
 88.58018;22.61333;     -0.85296;3.48803;3
 88.54697;22.61500;     -0.85315;3.48800;3
 88.51375;22.61667;     -0.85326;3.48797;3
 88.48056;22.61833;     -0.85341;3.48794;3
 88.44736;22.62000;     -0.85376;3.48792;3
 88.41416;22.62167;     -0.85400;3.48789;3
 88.38097;22.62333;     -0.85408;3.48786;3
 88.34777;22.62500;     -0.85393;3.48783;3
 88.31461;22.62667;     -0.85396;3.48780;3
 88.28146;22.62833;     -0.85414;3.48778;3
 88.24828;22.63000;     -0.85438;3.48775;3
 88.21510;22.63167;     -0.85462;3.48772;3
 88.18192;22.63333;     -0.85513;3.48769;3
 88.14875;22.63500;     -0.85588;3.48766;3
 88.11559;22.63667;     -0.85624;3.48764;3
 88.08243;22.63833;     -0.85624;3.48761;3
 88.04925;22.64000;     -0.85593;3.48758;3
 88.01605;22.64167;     -0.85600;3.48755;3
 87.98284;22.64333;     -0.85619;3.48752;3
 87.94961;22.64500;     -0.85636;3.48750;3
 87.91639;22.64667;     -0.85653;3.48747;3
 87.88318;22.64833;     -0.85663;3.48744;3
 87.84995;22.65000;     -0.85683;3.48741;3
 87.81674;22.65167;     -0.85694;3.48738;3
 87.78351;22.65333;     -0.85701;3.48736;3
 87.75031;22.65500;     -0.85698;3.48733;3
 87.71711;22.65667;     -0.85704;3.48730;3
 87.68390;22.65833;     -0.85712;3.48727;3
 87.65069;22.66000;     -0.85716;3.48724;3
 87.61749;22.66167;     -0.85717;3.48721;3
 87.58430;22.66333;     -0.85717;3.48719;3
 87.55111;22.66500;     -0.85724;3.48716;3
 87.51792;22.66667;     -0.85750;3.48713;3
 87.48474;22.66833;     -0.85773;3.48710;3
 87.45154;22.67000;     -0.85720;3.48707;3
 87.41833;22.67167;     -0.85641;3.48705;3
 87.38510;22.67333;     -0.85578;3.48702;3
 87.35187;22.67500;     -0.85597;3.48699;3
 87.31864;22.67667;     -0.85637;3.48696;3
 87.28543;22.67833;     -0.85669;3.48693;3
 87.25221;22.68000;     -0.85694;3.48691;3
 87.21902;22.68167;     -0.85709;3.48688;3
 87.18579;22.68333;     -0.85719;3.48685;3
 87.15257;22.68500;     -0.85717;3.48682;3
 87.11936;22.68667;     -0.85712;3.48679;3
 87.08615;22.68833;     -0.85711;3.48677;3
 87.05293;22.69000;     -0.85718;3.48674;3
 87.01974;22.69167;     -0.85727;3.48671;3
 86.98654;22.69333;     -0.85736;3.48668;3
 86.95338;22.69500;     -0.85743;3.48665;3
 86.92018;22.69667;     -0.85731;3.48663;3
 86.88698;22.69833;     -0.85695;3.48660;3
 86.85380;22.70000;     -0.85659;3.48657;3
 86.82064;22.70167;     -0.85674;3.48654;3
 86.78746;22.70333;     -0.85731;3.48651;3
 86.75430;22.70500;     -0.85796;3.48648;3
 86.72110;22.70667;     -0.85830;3.48646;3
 86.68790;22.70833;     -0.85846;3.48643;3
 86.65469;22.71000;     -0.85853;3.48640;3
 86.62148;22.71167;     -0.85856;3.48637;3
 86.58823;22.71333;     -0.85864;3.48634;3
 86.55500;22.71500;     -0.85889;3.48632;3
 86.52179;22.71667;     -0.85896;3.48629;3
 86.48859;22.71833;     -0.85930;3.48626;3
 86.45539;22.72000;     -0.85965;3.48623;3
 86.42218;22.72167;     -0.86034;3.48620;3
 86.38900;22.72333;     -0.86079;3.48618;3
 86.35582;22.72500;     -0.86107;3.48615;3
 86.32264;22.72667;     -0.86109;3.48612;3
 86.28944;22.72833;     -0.86106;3.48609;3
 86.25626;22.73000;     -0.86121;3.48606;3
 86.22310;22.73167;     -0.86152;3.48604;3
 86.18995;22.73333;     -0.86183;3.48601;3
 86.15677;22.73500;     -0.86215;3.48598;3
 86.12357;22.73667;     -0.86212;3.48595;3
 86.09038;22.73833;     -0.86202;3.48592;3
 86.05716;22.74000;     -0.86194;3.48590;3
 86.02393;22.74167;     -0.86225;3.48587;3
 85.99069;22.74333;     -0.86267;3.48584;3
 85.95746;22.74500;     -0.86295;3.48581;3
 85.92425;22.74667;     -0.86316;3.48578;3
 85.89100;22.74833;     -0.86337;3.48575;3
 85.85775;22.75000;     -0.86342;3.48573;3
 85.82454;22.75167;     -0.86342;3.48570;3
 85.79133;22.75333;     -0.86347;3.48567;3
 85.75813;22.75500;     -0.86382;3.48564;3
 85.72492;22.75667;     -0.86435;3.48561;3
 85.69171;22.75833;     -0.86488;3.48559;3
 85.65851;22.76000;     -0.86527;3.48556;3
 85.62531;22.76167;     -0.86548;3.48553;3
 85.59211;22.76333;     -0.86562;3.48550;3
 85.55893;22.76500;     -0.86573;3.48547;3
 85.52575;22.76667;     -0.86597;3.48545;3
 85.49259;22.76833;     -0.86623;3.48542;3
 85.45939;22.77000;     -0.86656;3.48539;3
 85.42620;22.77167;     -0.86687;3.48536;3
 85.39298;22.77333;     -0.86722;3.48533;3
 85.35975;22.77500;     -0.86751;3.48531;3
 85.32652;22.77667;     -0.86773;3.48528;3
 85.29333;22.77833;     -0.86793;3.48525;3
 85.26010;22.78000;     -0.86817;3.48522;3
 85.22687;22.78167;     -0.86843;3.48519;3
 85.19361;22.78333;     -0.86879;3.48516;3
 85.16038;22.78500;     -0.86930;3.48514;3
 85.12713;22.78667;     -0.86981;3.48511;3
 85.09389;22.78833;     -0.87027;3.48508;3
 85.06066;22.79000;     -0.87056;3.48505;3
 85.02746;22.79167;     -0.87084;3.48502;3
 84.99426;22.79333;     -0.87112;3.48500;3
 84.96107;22.79500;     -0.87139;3.48497;3
 84.92785;22.79667;     -0.87167;3.48494;3
 84.89466;22.79833;     -0.87204;3.48491;3
 84.86146;22.80000;     -0.87237;3.48488;3
 84.82828;22.80167;     -0.87272;3.48486;3
 84.79507;22.80333;     -0.87281;3.48483;3
 84.76185;22.80500;     -0.87290;3.48480;3
 84.72864;22.80667;     -0.87295;3.48477;3
 84.69544;22.80833;     -0.87315;3.48474;3
 84.66225;22.81000;     -0.87336;3.48471;3
 84.62907;22.81167;     -0.87355;3.48469;3
 84.59585;22.81333;     -0.87367;3.48466;3
 84.56264;22.81500;     -0.87371;3.48463;3
 84.52943;22.81667;     -0.87391;3.48460;3
 84.49621;22.81833;     -0.87422;3.48457;3
 84.46302;22.82000;     -0.87467;3.48455;3
 84.42980;22.82167;     -0.87498;3.48452;3
 84.39661;22.82333;     -0.87525;3.48449;3
 84.36339;22.82500;     -0.87544;3.48446;3
 84.33018;22.82667;     -0.87563;3.48443;3
 84.29698;22.82833;     -0.87582;3.48441;3
 84.26382;22.83000;     -0.87601;3.48438;3
 84.23064;22.83167;     -0.87579;3.48435;3
 84.19748;22.83333;     -0.87572;3.48432;3
 84.16428;22.83500;     -0.87559;3.48429;3
 84.13110;22.83667;     -0.87595;3.48426;3
 84.09790;22.83833;     -0.87618;3.48424;3
 84.06471;22.84000;     -0.87650;3.48421;3
 84.03151;22.84167;     -0.87676;3.48418;3
 83.99830;22.84333;     -0.87695;3.48415;3
 83.96508;22.84500;     -0.87705;3.48412;3
 83.93189;22.84667;     -0.87722;3.48410;3
 83.89867;22.84833;     -0.87753;3.48407;3
 83.86548;22.85000;     -0.87791;3.48404;3
 83.83228;22.85167;     -0.87818;3.48401;3
 83.79905;22.85333;     -0.87838;3.48398;3
 83.76584;22.85500;     -0.87855;3.48396;3
 83.73261;22.85667;     -0.87872;3.48393;3
 83.69939;22.85833;     -0.87888;3.48390;3
 83.66621;22.86000;     -0.87903;3.48387;3
 83.63305;22.86167;     -0.87916;3.48384;3
 83.59989;22.86333;     -0.87917;3.48381;3
 83.56670;22.86500;     -0.87898;3.48379;3
 83.53352;22.86667;     -0.87905;3.48376;3
 83.50033;22.86833;     -0.87926;3.48373;3
 83.46711;22.87000;     -0.87960;3.48370;3
 83.43390;22.87167;     -0.87968;3.48367;3
 83.40067;22.87333;     -0.87970;3.48365;3
 83.36746;22.87500;     -0.87973;3.48362;3
 83.33428;22.87667;     -0.87967;3.48359;3
 83.30107;22.87833;     -0.87946;3.48356;3
 83.26782;22.88000;     -0.87929;3.48353;3
 83.23459;22.88167;     -0.87913;3.48351;3
 83.20136;22.88333;     -0.87895;3.48348;3
 83.16818;22.88500;     -0.87874;3.48345;3
 83.13498;22.88667;     -0.87854;3.48342;3
 83.10179;22.88833;     -0.87842;3.48339;3
 83.06859;22.89000;     -0.87828;3.48336;3
 83.03541;22.89167;     -0.87820;3.48334;3
 83.00223;22.89333;     -0.87822;3.48331;3
 82.96903;22.89500;     -0.87833;3.48328;3
 82.93584;22.89667;     -0.87843;3.48325;3
 82.90267;22.89833;     -0.87854;3.48322;3
 82.86951;22.90000;     -0.87824;3.48320;3
 82.83633;22.90167;     -0.87728;3.48317;3
 82.80311;22.90333;     -0.87586;3.48314;3
 82.76992;22.90500;     -0.87448;3.48311;3
 82.73670;22.90667;     -0.87369;3.48308;3
 82.70348;22.90833;     -0.87334;3.48306;3
 82.67023;22.91000;     -0.87326;3.48303;3
 82.63700;22.91167;     -0.87306;3.48300;3
 82.60377;22.91333;     -0.87267;3.48297;3
 82.57056;22.91500;     -0.87210;3.48294;3
 82.53734;22.91667;     -0.87162;3.48291;3
 82.50411;22.91833;     -0.87110;3.48289;3
 82.47089;22.92000;     -0.87056;3.48286;3
 82.43766;22.92167;     -0.86996;3.48283;3
 82.40444;22.92333;     -0.86943;3.48280;3
 82.37123;22.92500;     -0.86900;3.48277;3
 82.33802;22.92667;     -0.86861;3.48275;3
 82.30482;22.92833;     -0.86821;3.48272;3
 82.27162;22.93000;     -0.86782;3.48269;3
 82.23843;22.93167;     -0.86736;3.48266;3
 82.20521;22.93333;     -0.86676;3.48263;3
 82.17198;22.93500;     -0.86628;3.48260;3
 82.13879;22.93667;     -0.86606;3.48258;3
 82.10557;22.93833;     -0.86606;3.48255;3
 82.07236;22.94000;     -0.86588;3.48252;3
 82.03913;22.94167;     -0.86541;3.48249;3
 82.00592;22.94333;     -0.86480;3.48246;3
 81.97269;22.94500;     -0.86428;3.48244;3
 81.93946;22.94667;     -0.86409;3.48241;3
 81.90623;22.94833;     -0.86428;3.48238;3
 81.87300;22.95000;     -0.86493;3.48235;3
 81.83977;22.95167;     -0.86553;3.48232;3
 81.80654;22.95333;     -0.86599;3.48229;3
 81.77334;22.95500;     -0.86614;3.48227;3
 81.74015;22.95667;     -0.86630;3.48224;3
 81.70697;22.95833;     -0.86648;3.48221;3
 81.67377;22.96000;     -0.86669;3.48218;3
 81.64057;22.96167;     -0.86693;3.48215;3
 81.60738;22.96333;     -0.86712;3.48213;3
 81.57420;22.96500;     -0.86759;3.48210;3
 81.54102;22.96667;     -0.86804;3.48207;3
 81.50782;22.96833;     -0.86854;3.48204;3
 81.47462;22.97000;     -0.86866;3.48201;3
 81.44144;22.97167;     -0.86886;3.48199;3
 81.40826;22.97333;     -0.86922;3.48196;3
 81.37508;22.97500;     -0.86979;3.48193;3
 81.34187;22.97667;     -0.87022;3.48190;3
 81.30862;22.97833;     -0.87053;3.48187;3
 81.27541;22.98000;     -0.87076;3.48184;3
 81.24220;22.98167;     -0.87120;3.48182;3
 81.20898;22.98333;     -0.87160;3.48179;3
 81.17579;22.98500;     -0.87197;3.48176;3
 81.14257;22.98667;     -0.87222;3.48173;3
 81.10938;22.98833;     -0.87253;3.48170;3
 81.07620;22.99000;     -0.87285;3.48168;3
 81.04303;22.99167;     -0.87316;3.48165;3
 81.00985;22.99333;     -0.87343;3.48162;3
 80.97666;22.99500;     -0.87366;3.48159;3
 80.94348;22.99667;     -0.87402;3.48156;3
 80.91031;22.99833;     -0.87439;3.48153;3
 80.87711;23.00000;     -0.87457;3.48151;3
 80.84392;23.00167;     -0.87453;3.48148;3
 80.81074;23.00333;     -0.87448;3.48145;3
 80.77754;23.00500;     -0.87463;3.48142;3
 80.74434;23.00667;     -0.87473;3.48139;3
 80.71115;23.00833;     -0.87468;3.48137;3
 80.67795;23.01000;     -0.87461;3.48134;3
 80.64475;23.01167;     -0.87465;3.48131;3
 80.61154;23.01333;     -0.87469;3.48128;3
 80.57833;23.01500;     -0.87478;3.48125;3
 80.54513;23.01667;     -0.87479;3.48122;3
 80.51193;23.01833;     -0.87488;3.48120;3
 80.47877;23.02000;     -0.87486;3.48117;3
 80.44561;23.02167;     -0.87482;3.48114;3
 80.41246;23.02333;     -0.87476;3.48111;3
 80.37933;23.02500;     -0.87468;3.48108;3
 80.34620;23.02667;     -0.87459;3.48106;3
 80.31305;23.02833;     -0.87447;3.48103;3
 80.27990;23.03000;     -0.87437;3.48100;3
 80.24675;23.03167;     -0.87393;3.48097;3
 80.21357;23.03333;     -0.87339;3.48094;3
 80.18043;23.03500;     -0.87275;3.48092;3
 80.14728;23.03667;     -0.87251;3.48089;3
 80.11408;23.03833;     -0.87250;3.48086;3
 80.08089;23.04000;     -0.87268;3.48083;3
 80.04769;23.04167;     -0.87277;3.48080;3
 80.01451;23.04333;     -0.87271;3.48077;3
 79.98131;23.04500;     -0.87250;3.48075;3
 79.94813;23.04667;     -0.87233;3.48072;3
 79.91495;23.04833;     -0.87205;3.48069;3
 79.88177;23.05000;     -0.87181;3.48066;3
 79.84861;23.05167;     -0.87144;3.48063;3
 79.81541;23.05333;     -0.87112;3.48061;3
 79.78223;23.05500;     -0.87073;3.48058;3
 79.74908;23.05667;     -0.87054;3.48055;3
 79.71593;23.05833;     -0.87053;3.48052;3
 79.68279;23.06000;     -0.87071;3.48049;3
 79.64966;23.06167;     -0.87076;3.48046;3
 79.61652;23.06333;     -0.87009;3.48044;3
 79.58338;23.06500;     -0.86933;3.48041;3
 79.55021;23.06667;     -0.86851;3.48038;3
 79.51707;23.06833;     -0.86816;3.48035;3
 79.48392;23.07000;     -0.86773;3.48032;3
 79.45075;23.07167;     -0.86732;3.48030;3
 79.41754;23.07333;     -0.86679;3.48027;3
 79.38433;23.07500;     -0.86609;3.48024;3
 79.35113;23.07667;     -0.86543;3.48021;3
 79.31795;23.07833;     -0.86502;3.48018;3
 79.28477;23.08000;     -0.86473;3.48015;3
 79.25159;23.08167;     -0.86430;3.48013;3
 79.21841;23.08333;     -0.86365;3.48010;3
 79.18525;23.08500;     -0.86298;3.48007;3
 79.15208;23.08667;     -0.86239;3.48004;3
 79.11892;23.08833;     -0.86185;3.48001;3
 79.08575;23.09000;     -0.86133;3.47999;3
 79.05259;23.09167;     -0.86081;3.47996;3
 79.01943;23.09333;     -0.86032;3.47993;3
 78.98628;23.09500;     -0.86002;3.47990;3
 78.95315;23.09667;     -0.85969;3.47987;3
 78.92000;23.09833;     -0.85956;3.47984;3
 78.88684;23.10000;     -0.85922;3.47982;3
 78.85366;23.10167;     -0.85876;3.47979;3
 78.82044;23.10333;     -0.85810;3.47976;3
 78.78725;23.10500;     -0.85745;3.47973;3
 78.75405;23.10667;     -0.85691;3.47970;3
 78.72082;23.10833;     -0.85635;3.47968;3
 78.68761;23.11000;     -0.85562;3.47965;3
 78.65439;23.11167;     -0.85480;3.47962;3
 78.62116;23.11333;     -0.85419;3.47959;3
 78.58797;23.11500;     -0.85402;3.47956;3
 78.55475;23.11667;     -0.85416;3.47953;3
 78.52156;23.11833;     -0.85418;3.47951;3
 78.48838;23.12000;     -0.85400;3.47948;3
 78.45520;23.12167;     -0.85374;3.47945;3
 78.42203;23.12333;     -0.85348;3.47942;3
 78.38887;23.12500;     -0.85323;3.47939;3
 78.35567;23.12667;     -0.85299;3.47937;3
 78.32248;23.12833;     -0.85276;3.47934;3
 78.28931;23.13000;     -0.85270;3.47931;3
 78.25615;23.13167;     -0.85272;3.47928;3
 78.22298;23.13333;     -0.85281;3.47925;3
 78.18982;23.13500;     -0.85270;3.47922;3
 78.15661;23.13667;     -0.85262;3.47920;3
 78.12339;23.13833;     -0.85235;3.47917;3
 78.09021;23.14000;     -0.85212;3.47914;3
 78.05700;23.14167;     -0.85175;3.47911;3
 78.02380;23.14333;     -0.85153;3.47908;3
 77.99057;23.14500;     -0.85140;3.47906;3
 77.95736;23.14667;     -0.85124;3.47903;3
 77.92415;23.14833;     -0.85137;3.47900;3
 77.89095;23.15000;     -0.85113;3.47897;3
 77.85775;23.15167;     -0.85095;3.47894;3
 77.82457;23.15333;     -0.85047;3.47891;3
 77.79141;23.15500;     -0.85018;3.47889;3
 77.75823;23.15667;     -0.84992;3.47886;3
 77.72502;23.15833;     -0.84966;3.47883;3
 77.69182;23.16000;     -0.84946;3.47880;3
 77.65864;23.16167;     -0.84928;3.47877;3
 77.62546;23.16333;     -0.84911;3.47874;3
 77.59228;23.16500;     -0.84886;3.47872;3
 77.55910;23.16667;     -0.84858;3.47869;3
 77.52590;23.16833;     -0.84827;3.47866;3
 77.49267;23.17000;     -0.84809;3.47863;3
 77.45944;23.17167;     -0.84794;3.47860;3
 77.42623;23.17333;     -0.84778;3.47858;3
 77.39302;23.17500;     -0.84755;3.47855;3
 77.35979;23.17667;     -0.84733;3.47852;3
 77.32656;23.17833;     -0.84710;3.47849;3
 77.29334;23.18000;     -0.84695;3.47846;3
 77.26013;23.18167;     -0.84678;3.47843;3
 77.22692;23.18333;     -0.84654;3.47841;3
 77.19372;23.18500;     -0.84616;3.47838;3
 77.16051;23.18667;     -0.84574;3.47835;3
 77.12731;23.18833;     -0.84543;3.47832;3
 77.09413;23.19000;     -0.84529;3.47829;3
 77.06093;23.19167;     -0.84513;3.47826;3
 77.02775;23.19333;     -0.84496;3.47824;3
 76.99457;23.19500;     -0.84477;3.47821;3
 76.96136;23.19667;     -0.84454;3.47818;3
 76.92813;23.19833;     -0.84415;3.47815;3
 76.89490;23.20000;     -0.84361;3.47812;3
 76.86169;23.20167;     -0.84305;3.47809;3
 76.82848;23.20333;     -0.84250;3.47807;3
 76.79528;23.20500;     -0.84196;3.47804;3
 76.76207;23.20667;     -0.84156;3.47801;3
 76.72885;23.20833;     -0.84135;3.47798;3
 76.69566;23.21000;     -0.84111;3.47795;3
 76.66244;23.21167;     -0.84066;3.47793;3
 76.62925;23.21333;     -0.83985;3.47790;3
 76.59607;23.21500;     -0.83903;3.47787;3
 76.56287;23.21667;     -0.83832;3.47784;3
 76.52969;23.21833;     -0.83782;3.47781;3
 76.49651;23.22000;     -0.83735;3.47778;3
 76.46333;23.22167;     -0.83688;3.47776;3
 76.43013;23.22333;     -0.83641;3.47773;3
 76.39693;23.22500;     -0.83601;3.47770;3
 76.36372;23.22667;     -0.83573;3.47767;3
 76.33054;23.22833;     -0.83539;3.47764;3
 76.29736;23.23000;     -0.83481;3.47761;3
 76.26418;23.23167;     -0.83418;3.47759;3
 76.23098;23.23333;     -0.83362;3.47756;3
 76.19777;23.23500;     -0.83331;3.47753;3
 76.16457;23.23667;     -0.83297;3.47750;3
 76.13138;23.23833;     -0.83262;3.47747;3
 76.09816;23.24000;     -0.83216;3.47745;3
 76.06495;23.24167;     -0.83173;3.47742;3
 76.03174;23.24333;     -0.83129;3.47739;3
 75.99851;23.24500;     -0.83068;3.47736;3
 75.96531;23.24667;     -0.83018;3.47733;3
 75.93210;23.24833;     -0.83003;3.47730;3
 75.89889;23.25000;     -0.83008;3.47728;3
 75.86567;23.25167;     -0.83001;3.47725;3
 75.83248;23.25333;     -0.82967;3.47722;3
 75.79928;23.25500;     -0.82940;3.47719;3
 75.76610;23.25667;     -0.82920;3.47716;3
 75.73295;23.25833;     -0.82902;3.47713;3
 75.69980;23.26000;     -0.82899;3.47711;3
 75.66666;23.26167;     -0.82901;3.47708;3
 75.63348;23.26333;     -0.82925;3.47705;3
 75.60026;23.26500;     -0.82931;3.47702;3
 75.56703;23.26667;     -0.82922;3.47699;3
 75.53380;23.26833;     -0.82890;3.47696;3
 75.50059;23.27000;     -0.82864;3.47694;3
 75.46738;23.27167;     -0.82865;3.47691;3
 75.43415;23.27333;     -0.82885;3.47688;3
 75.40092;23.27500;     -0.82901;3.47685;3
 75.36770;23.27667;     -0.82889;3.47682;3
 75.33451;23.27833;     -0.82864;3.47679;3
 75.30130;23.28000;     -0.82832;3.47677;3
 75.26807;23.28167;     -0.82818;3.47674;3
 75.23487;23.28333;     -0.82807;3.47671;3
 75.20167;23.28500;     -0.82814;3.47668;3
 75.16849;23.28667;     -0.82823;3.47665;3
 75.13534;23.28833;     -0.82832;3.47663;3
 75.10218;23.29000;     -0.82840;3.47660;3
 75.06898;23.29167;     -0.82849;3.47657;3
 75.03580;23.29333;     -0.82860;3.47654;3
 75.00259;23.29500;     -0.82860;3.47651;3
 74.96938;23.29667;     -0.82851;3.47648;3
 74.93618;23.29833;     -0.82837;3.47646;3
 74.90298;23.30000;     -0.82836;3.47643;3
 74.86980;23.30167;     -0.82852;3.47640;3
 74.83659;23.30333;     -0.82867;3.47637;3
 74.80338;23.30500;     -0.82888;3.47634;3
 74.77016;23.30667;     -0.82916;3.47631;3
 74.73693;23.30833;     -0.82963;3.47629;3
 74.70372;23.31000;     -0.82997;3.47626;3
 74.67051;23.31167;     -0.83031;3.47623;3
 74.63731;23.31333;     -0.83069;3.47620;3
 74.60410;23.31500;     -0.83115;3.47617;3
 74.57087;23.31667;     -0.83153;3.47614;3
 74.53766;23.31833;     -0.83179;3.47612;3
 74.50446;23.32000;     -0.83209;3.47609;3
 74.47125;23.32167;     -0.83240;3.47606;3
 74.43805;23.32333;     -0.83271;3.47603;3
 74.40485;23.32500;     -0.83303;3.47600;3
 74.37166;23.32667;     -0.83332;3.47597;3
 74.33846;23.32833;     -0.83384;3.47595;3
 74.30525;23.33000;     -0.83420;3.47592;3
 74.27203;23.33167;     -0.83461;3.47589;3
 74.23882;23.33333;     -0.83470;3.47586;3
 74.20559;23.33500;     -0.83496;3.47583;3
 74.17238;23.33667;     -0.83522;3.47580;3
 74.13913;23.33833;     -0.83545;3.47578;3
 74.10589;23.34000;     -0.83553;3.47575;3
 74.07262;23.34167;     -0.83544;3.47572;3
 74.03936;23.34333;     -0.83574;3.47569;3
 74.00611;23.34500;     -0.83610;3.47566;3
 73.97287;23.34667;     -0.83695;3.47563;3
 73.93962;23.34833;     -0.83754;3.47561;3
 73.90639;23.35000;     -0.83818;3.47558;3
 73.87318;23.35167;     -0.83851;3.47555;3
 73.83995;23.35333;     -0.83884;3.47552;3
 73.80672;23.35500;     -0.83916;3.47549;3
 73.77348;23.35667;     -0.83942;3.47546;3
 73.74023;23.35833;     -0.83942;3.47544;3
 73.70698;23.36000;     -0.83950;3.47541;3
 73.67375;23.36167;     -0.83979;3.47538;3
 73.64051;23.36333;     -0.84020;3.47535;3
 73.60728;23.36500;     -0.84047;3.47532;3
 73.57407;23.36667;     -0.84050;3.47529;3
 73.54084;23.36833;     -0.84065;3.47527;3
 73.50759;23.37000;     -0.84092;3.47524;3
 73.47433;23.37167;     -0.84124;3.47521;3
 73.44107;23.37333;     -0.84166;3.47518;3
 73.40780;23.37500;     -0.84214;3.47515;3
 73.37454;23.37667;     -0.84260;3.47512;3
 73.34128;23.37833;     -0.84275;3.47510;3
 73.30803;23.38000;     -0.84271;3.47507;3
 73.27477;23.38167;     -0.84258;3.47504;3
 73.24154;23.38333;     -0.84259;3.47501;3
 73.20831;23.38500;     -0.84259;3.47498;3
 73.17507;23.38667;     -0.84263;3.47495;3
 73.14180;23.38833;     -0.84266;3.47493;3
 73.10857;23.39000;     -0.84267;3.47490;3
 73.07533;23.39167;     -0.84294;3.47487;3
 73.04210;23.39333;     -0.84329;3.47484;3
 73.00885;23.39500;     -0.84347;3.47481;3
 72.97564;23.39667;     -0.84325;3.47478;3
 72.94241;23.39833;     -0.84295;3.47476;3
 72.90918;23.40000;     -0.84267;3.47473;3
 72.87592;23.40167;     -0.84243;3.47470;3
 72.84264;23.40333;     -0.84209;3.47467;3
 72.80938;23.40500;     -0.84179;3.47464;3
 72.77613;23.40667;     -0.84150;3.47461;3
 72.74289;23.40833;     -0.84117;3.47459;3
 72.70966;23.41000;     -0.84093;3.47456;3
 72.67639;23.41167;     -0.84086;3.47453;3
 72.64313;23.41333;     -0.84097;3.47450;3
 72.60990;23.41500;     -0.84107;3.47447;3
 72.57669;23.41667;     -0.84105;3.47444;3
 72.54349;23.41833;     -0.84093;3.47442;3
 72.51029;23.42000;     -0.84081;3.47439;3
 72.47708;23.42167;     -0.84069;3.47436;3
 72.44390;23.42333;     -0.84058;3.47433;3
 72.41070;23.42500;     -0.84026;3.47430;3
 72.37752;23.42667;     -0.83984;3.47427;3
 72.34433;23.42833;     -0.83916;3.47425;3
 72.31115;23.43000;     -0.83885;3.47422;3
 72.27793;23.43167;     -0.83882;3.47419;3
 72.24472;23.43333;     -0.83928;3.47416;3
 72.21149;23.43500;     -0.83956;3.47413;3
 72.17826;23.43667;     -0.83970;3.47410;3
 72.14502;23.43833;     -0.83967;3.47408;3
 72.11179;23.44000;     -0.83978;3.47405;3
 72.07856;23.44167;     -0.84011;3.47402;3
 72.04534;23.44333;     -0.84021;3.47399;3
 72.01213;23.44500;     -0.84010;3.47396;3
 71.97893;23.44667;     -0.83972;3.47393;3
 71.94574;23.44833;     -0.83954;3.47390;3
 71.91254;23.45000;     -0.83947;3.47388;3
 71.87936;23.45167;     -0.83944;3.47385;3
 71.84618;23.45333;     -0.83940;3.47382;3
 71.81303;23.45500;     -0.83935;3.47379;3
 71.77989;23.45667;     -0.83928;3.47376;3
 71.74674;23.45833;     -0.83954;3.47373;3
 71.71359;23.46000;     -0.83993;3.47371;3
 71.68043;23.46167;     -0.84022;3.47368;3
 71.64725;23.46333;     -0.83997;3.47365;3
 71.61405;23.46500;     -0.83943;3.47362;3
 71.58085;23.46667;     -0.83898;3.47359;3
 71.54766;23.46833;     -0.83871;3.47356;3
 71.51446;23.47000;     -0.83856;3.47354;3
 71.48126;23.47167;     -0.83841;3.47351;3
 71.44807;23.47333;     -0.83824;3.47348;3
 71.41487;23.47500;     -0.83820;3.47345;3
 71.38167;23.47667;     -0.83783;3.47342;3
 71.34848;23.47833;     -0.83767;3.47339;3
 71.31528;23.48000;     -0.83732;3.47337;3
 71.28208;23.48167;     -0.83718;3.47334;3
 71.24892;23.48333;     -0.83677;3.47331;3
 71.21575;23.48500;     -0.83641;3.47328;3
 71.18259;23.48667;     -0.83621;3.47325;3
 71.14946;23.48833;     -0.83621;3.47322;3
 71.11631;23.49000;     -0.83624;3.47320;3
 71.08311;23.49167;     -0.83571;3.47317;3
 71.04995;23.49333;     -0.83508;3.47314;3
 71.01680;23.49500;     -0.83429;3.47311;3
 70.98366;23.49667;     -0.83395;3.47308;3
 70.95049;23.49833;     -0.83346;3.47305;3
 70.91733;23.50000;     -0.83304;3.47303;3
 70.88413;23.50167;     -0.83263;3.47300;3
 70.85097;23.50333;     -0.83232;3.47297;3
 70.81779;23.50500;     -0.83224;3.47294;3
 70.78459;23.50667;     -0.83217;3.47291;3
 70.75139;23.50833;     -0.83213;3.47288;3
 70.71820;23.51000;     -0.83121;3.47286;3
 70.68500;23.51167;     -0.82992;3.47283;3
 70.65182;23.51333;     -0.82850;3.47280;3
 70.61866;23.51500;     -0.82767;3.47277;3
 70.58546;23.51667;     -0.82709;3.47274;3
 70.55226;23.51833;     -0.82646;3.47271;3
 70.51910;23.52000;     -0.82582;3.47269;3
 70.48597;23.52167;     -0.82522;3.47266;3
 70.45282;23.52333;     -0.82482;3.47263;3
 70.41962;23.52500;     -0.82429;3.47260;3
 70.38644;23.52667;     -0.82390;3.47257;3
 70.35326;23.52833;     -0.82321;3.47254;3
 70.32008;23.53000;     -0.82262;3.47252;3
 70.28690;23.53167;     -0.82188;3.47249;3
 70.25374;23.53333;     -0.82126;3.47246;3
 70.22056;23.53500;     -0.82059;3.47243;3
 70.18736;23.53667;     -0.81996;3.47240;3
 70.15416;23.53833;     -0.81949;3.47237;3
 70.12098;23.54000;     -0.81915;3.47235;3
 70.08782;23.54167;     -0.81881;3.47232;3
 70.05466;23.54333;     -0.81838;3.47229;3
 70.02151;23.54500;     -0.81845;3.47226;3
 69.98836;23.54667;     -0.81863;3.47223;3
 69.95521;23.54833;     -0.81887;3.47220;3
 69.92208;23.55000;     -0.81872;3.47217;3
 69.88895;23.55167;     -0.81861;3.47215;3
 69.85582;23.55333;     -0.81852;3.47212;3
 69.82269;23.55500;     -0.81846;3.47209;3
 69.78952;23.55667;     -0.81858;3.47206;3
 69.75634;23.55833;     -0.81876;3.47203;3
 69.72318;23.56000;     -0.81858;3.47201;3
 69.69003;23.56167;     -0.81816;3.47198;3
 69.65689;23.56333;     -0.81767;3.47195;3
 69.62374;23.56500;     -0.81770;3.47192;3
 69.59059;23.56667;     -0.81809;3.47189;3
 69.55741;23.56833;     -0.81879;3.47186;3
 69.52421;23.57000;     -0.81932;3.47183;3
 69.49103;23.57167;     -0.81967;3.47181;3
 69.45785;23.57333;     -0.81994;3.47178;3
 69.42466;23.57500;     -0.82029;3.47175;3
 69.39149;23.57667;     -0.82044;3.47172;3
 69.35833;23.57833;     -0.82047;3.47169;3
 69.32516;23.58000;     -0.82055;3.47166;3
 69.29202;23.58167;     -0.82076;3.47164;3
 69.25887;23.58333;     -0.82081;3.47161;3
 69.22572;23.58500;     -0.82063;3.47158;3
 69.19257;23.58667;     -0.82044;3.47155;3
 69.15943;23.58833;     -0.82041;3.47152;3
 69.12628;23.59000;     -0.82067;3.47149;3
 69.09313;23.59167;     -0.82114;3.47147;3
 69.05997;23.59333;     -0.82130;3.47144;3
 69.02680;23.59500;     -0.82116;3.47141;3
 68.99361;23.59667;     -0.82073;3.47138;3
 68.96044;23.59833;     -0.82048;3.47135;3
 68.92728;23.60000;     -0.82027;3.47132;3
 68.89410;23.60167;     -0.82005;3.47130;3
 68.86093;23.60333;     -0.81986;3.47127;3
 68.82775;23.60500;     -0.81965;3.47124;3
 68.79456;23.60667;     -0.81956;3.47121;3
 68.76138;23.60833;     -0.81924;3.47118;3
 68.72818;23.61000;     -0.81889;3.47115;3
 68.69498;23.61167;     -0.81844;3.47112;3
 68.66179;23.61333;     -0.81818;3.47110;3
 68.62859;23.61500;     -0.81793;3.47107;3
 68.59539;23.61667;     -0.81765;3.47104;3
 68.56223;23.61833;     -0.81737;3.47101;3
 68.52905;23.62000;     -0.81714;3.47098;3
 68.49585;23.62167;     -0.81696;3.47095;3
 68.46261;23.62333;     -0.81658;3.47093;3
 68.42939;23.62500;     -0.81618;3.47090;3
 68.39621;23.62667;     -0.81522;3.47087;3
 68.36300;23.62833;     -0.81444;3.47084;3
 68.32979;23.63000;     -0.81368;3.47081;3
 68.29656;23.63167;     -0.81351;3.47078;3
 68.26330;23.63333;     -0.81343;3.47075;3
 68.23003;23.63500;     -0.81344;3.47073;3
 68.19677;23.63667;     -0.81343;3.47070;3
 68.16351;23.63833;     -0.81346;3.47067;3
 68.13025;23.64000;     -0.81341;3.47064;3
 68.09698;23.64167;     -0.81333;3.47061;3
 68.06372;23.64333;     -0.81309;3.47058;3
 68.03046;23.64500;     -0.81273;3.47056;3
 67.99720;23.64667;     -0.81240;3.47053;3
 67.96393;23.64833;     -0.81212;3.47050;3
 67.93066;23.65000;     -0.81197;3.47047;3
 67.89739;23.65167;     -0.81183;3.47044;3
 67.86413;23.65333;     -0.81171;3.47041;3
 67.83085;23.65500;     -0.81153;3.47038;3
 67.79756;23.65667;     -0.81144;3.47036;3
 67.76430;23.65833;     -0.81152;3.47033;3
 67.73103;23.66000;     -0.81169;3.47030;3
 67.69775;23.66167;     -0.81187;3.47027;3
 67.66444;23.66333;     -0.81191;3.47024;3
 67.63113;23.66500;     -0.81197;3.47021;3
 67.59782;23.66667;     -0.81202;3.47018;3
 67.56452;23.66833;     -0.81191;3.47016;3
 67.53123;23.67000;     -0.81176;3.47013;3
 67.49792;23.67167;     -0.81156;3.47010;3
 67.46461;23.67333;     -0.81145;3.47007;3
 67.43133;23.67500;     -0.81163;3.47004;3
 67.39808;23.67667;     -0.81196;3.47001;3
 67.36480;23.67833;     -0.81242;3.46998;3
 67.33152;23.68000;     -0.81276;3.46996;3
 67.29825;23.68167;     -0.81305;3.46993;3
 67.26497;23.68333;     -0.81338;3.46990;3
 67.23169;23.68500;     -0.81365;3.46987;3
 67.19841;23.68667;     -0.81395;3.46984;3
 67.16513;23.68833;     -0.81434;3.46981;3
 67.13185;23.69000;     -0.81477;3.46978;3
 67.09854;23.69167;     -0.81540;3.46976;3
 67.06525;23.69333;     -0.81570;3.46973;3
 67.03197;23.69500;     -0.81579;3.46970;3
 66.99867;23.69667;     -0.81566;3.46967;3
 66.96538;23.69833;     -0.81582;3.46964;3
 66.93205;23.70000;     -0.81622;3.46961;3
 66.89870;23.70167;     -0.81675;3.46958;3
 66.86536;23.70333;     -0.81744;3.46956;3
 66.83202;23.70500;     -0.81818;3.46953;3
 66.79869;23.70667;     -0.81897;3.46950;3
 66.76538;23.70833;     -0.81994;3.46947;3
 66.73207;23.71000;     -0.82090;3.46944;3
 66.69875;23.71167;     -0.82156;3.46941;3
 66.66546;23.71333;     -0.82169;3.46938;3
 66.63216;23.71500;     -0.82172;3.46936;3
 66.59887;23.71667;     -0.82182;3.46933;3
 66.56559;23.71833;     -0.82210;3.46930;3
 66.53228;23.72000;     -0.82253;3.46927;3
 66.49900;23.72167;     -0.82317;3.46924;3
 66.46572;23.72333;     -0.82384;3.46921;3
 66.43244;23.72500;     -0.82432;3.46918;3
 66.39913;23.72667;     -0.82488;3.46916;3
 66.36582;23.72833;     -0.82556;3.46913;3
 66.33252;23.73000;     -0.82645;3.46910;3
 66.29923;23.73167;     -0.82716;3.46907;3
 66.26590;23.73333;     -0.82771;3.46904;3
 66.23259;23.73500;     -0.82819;3.46901;3
 66.19930;23.73667;     -0.82874;3.46898;3
 66.16600;23.73833;     -0.82931;3.46896;3
 66.13270;23.74000;     -0.82979;3.46893;3
 66.09941;23.74167;     -0.83031;3.46890;3
 66.06611;23.74333;     -0.83081;3.46887;3
 66.03285;23.74500;     -0.83136;3.46884;3
 65.99959;23.74667;     -0.83176;3.46881;3
 65.96631;23.74833;     -0.83213;3.46878;3
 65.93303;23.75000;     -0.83246;3.46876;3
 65.89980;23.75167;     -0.83276;3.46873;3
 65.86656;23.75333;     -0.83309;3.46870;3
 65.83331;23.75500;     -0.83356;3.46867;3
 65.80007;23.75667;     -0.83397;3.46864;3
 65.76685;23.75833;     -0.83421;3.46861;3
 65.73361;23.76000;     -0.83427;3.46858;3
 65.70034;23.76167;     -0.83430;3.46856;3
 65.66708;23.76333;     -0.83431;3.46853;3
 65.63384;23.76500;     -0.83412;3.46850;3
 65.60059;23.76667;     -0.83388;3.46847;3
 65.56733;23.76833;     -0.83371;3.46844;3
 65.53405;23.77000;     -0.83377;3.46841;3
 65.50080;23.77167;     -0.83393;3.46838;3
 65.46757;23.77333;     -0.83423;3.46836;3
 65.43434;23.77500;     -0.83433;3.46833;3
 65.40112;23.77667;     -0.83433;3.46830;3
 65.36787;23.77833;     -0.83410;3.46827;3
 65.33462;23.78000;     -0.83389;3.46824;3
 65.30141;23.78167;     -0.83366;3.46821;3
 65.26820;23.78333;     -0.83340;3.46818;3
 65.23498;23.78500;     -0.83310;3.46816;3
 65.20179;23.78667;     -0.83284;3.46813;3
 65.16861;23.78833;     -0.83264;3.46810;3
 65.13543;23.79000;     -0.83235;3.46807;3
 65.10221;23.79167;     -0.83184;3.46804;3
 65.06903;23.79333;     -0.83126;3.46801;3
 65.03584;23.79500;     -0.83081;3.46798;3
 65.00264;23.79667;     -0.83055;3.46796;3
 64.96946;23.79833;     -0.83037;3.46793;3
 64.93628;23.80000;     -0.83029;3.46790;3
 64.90308;23.80167;     -0.83033;3.46787;3
 64.86990;23.80333;     -0.83028;3.46784;3
 64.83672;23.80500;     -0.82919;3.46781;3
 64.80356;23.80667;     -0.82770;3.46778;3
 64.77038;23.80833;     -0.82595;3.46776;3
 64.73721;23.81000;     -0.82497;3.46773;3
 64.70405;23.81167;     -0.82410;3.46770;3
 64.67090;23.81333;     -0.82332;3.46767;3
 64.63775;23.81500;     -0.82254;3.46764;3
 64.60462;23.81667;     -0.82175;3.46761;3
 64.57151;23.81833;     -0.82094;3.46758;3
 64.53839;23.82000;     -0.82014;3.46756;3
 64.50530;23.82167;     -0.81952;3.46753;3
 64.47218;23.82333;     -0.81885;3.46750;3
 64.43908;23.82500;     -0.81817;3.46747;3
 64.40597;23.82667;     -0.81724;3.46744;3
 64.37285;23.82833;     -0.81635;3.46741;3
 64.33972;23.83000;     -0.81550;3.46738;3
 64.30657;23.83167;     -0.81472;3.46736;3
 64.27344;23.83333;     -0.81386;3.46733;3
 64.24034;23.83500;     -0.81290;3.46730;3
 64.20723;23.83667;     -0.81163;3.46727;3
 64.17410;23.83833;     -0.81067;3.46724;3
 64.14095;23.84000;     -0.80978;3.46721;3
 64.10782;23.84167;     -0.80930;3.46719;3
 64.07472;23.84333;     -0.80858;3.46716;3
 64.04162;23.84500;     -0.80786;3.46713;3
 64.00848;23.84667;     -0.80705;3.46710;3
 63.97534;23.84833;     -0.80624;3.46707;3
 63.94225;23.85000;     -0.80544;3.46704;3
 63.90918;23.85167;     -0.80464;3.46701;3
 63.87608;23.85333;     -0.80385;3.46699;3
 63.84298;23.85500;     -0.80347;3.46696;3
 63.80989;23.85667;     -0.80353;3.46693;3
 63.77680;23.85833;     -0.80367;3.46690;3
 63.74369;23.86000;     -0.80337;3.46687;3
 63.71057;23.86167;     -0.80261;3.46684;3
 63.67748;23.86333;     -0.80170;3.46681;3
 63.64439;23.86500;     -0.80065;3.46679;3
 63.61128;23.86667;     -0.79958;3.46676;3
 63.57816;23.86833;     -0.79849;3.46673;3
 63.54503;23.87000;     -0.79740;3.46670;3
 63.51192;23.87167;     -0.79613;3.46667;3
 63.47880;23.87333;     -0.79484;3.46664;3
 63.44567;23.87500;     -0.79368;3.46662;3
 63.41254;23.87667;     -0.79275;3.46659;3
 63.37941;23.87833;     -0.79189;3.46656;3
 63.34631;23.88000;     -0.79106;3.46653;3
 63.31321;23.88167;     -0.79034;3.46650;3
 63.28010;23.88333;     -0.78982;3.46647;3
 63.24698;23.88500;     -0.78953;3.46644;3
 63.21387;23.88667;     -0.78889;3.46642;3
 63.18075;23.88833;     -0.78807;3.46639;3
 63.14764;23.89000;     -0.78677;3.46636;3
 63.11451;23.89167;     -0.78566;3.46633;3
 63.08141;23.89333;     -0.78452;3.46630;3
 63.04828;23.89500;     -0.78360;3.46627;3
 63.01515;23.89667;     -0.78269;3.46624;3
 62.98200;23.89833;     -0.78191;3.46622;3
 62.94884;23.90000;     -0.78131;3.46619;3
 62.91569;23.90167;     -0.78082;3.46616;3
 62.88256;23.90333;     -0.78006;3.46613;3
 62.84941;23.90500;     -0.77906;3.46610;3
 62.81626;23.90667;     -0.77787;3.46607;3
 62.78310;23.90833;     -0.77675;3.46604;3
 62.74995;23.91000;     -0.77576;3.46601;3
 62.71680;23.91167;     -0.77491;3.46599;3
 62.68367;23.91333;     -0.77421;3.46596;3
 62.65052;23.91500;     -0.77348;3.46593;3
 62.61738;23.91667;     -0.77274;3.46590;3
 62.58423;23.91833;     -0.77210;3.46587;3
 62.55108;23.92000;     -0.77148;3.46584;3
 62.51792;23.92167;     -0.77052;3.46581;3
 62.48475;23.92333;     -0.76985;3.46579;3
 62.45159;23.92500;     -0.76929;3.46576;3
 62.41838;23.92667;     -0.76913;3.46573;3
 62.38520;23.92833;     -0.76870;3.46570;3
 62.35203;23.93000;     -0.76820;3.46567;3
 62.31885;23.93167;     -0.76767;3.46564;3
 62.28566;23.93333;     -0.76710;3.46561;3
 62.25244;23.93500;     -0.76645;3.46559;3
 62.21926;23.93667;     -0.76571;3.46556;3
 62.18607;23.93833;     -0.76538;3.46553;3
 62.15287;23.94000;     -0.76527;3.46550;3
 62.11971;23.94167;     -0.76540;3.46547;3
 62.08652;23.94333;     -0.76526;3.46544;3
 62.05334;23.94500;     -0.76517;3.46541;3
 62.02018;23.94667;     -0.76512;3.46539;3
 61.98702;23.94833;     -0.76511;3.46536;3
 61.95385;23.95000;     -0.76515;3.46533;3
 61.92069;23.95167;     -0.76515;3.46530;3
 61.88749;23.95333;     -0.76501;3.46527;3
 61.85430;23.95500;     -0.76494;3.46524;3
 61.82110;23.95667;     -0.76510;3.46521;3
 61.78789;23.95833;     -0.76547;3.46518;3
 61.75466;23.96000;     -0.76589;3.46516;3
 61.72143;23.96167;     -0.76624;3.46513;3
 61.68820;23.96333;     -0.76654;3.46510;3
 61.65497;23.96500;     -0.76679;3.46507;3
 61.62172;23.96667;     -0.76716;3.46504;3
 61.58851;23.96833;     -0.76773;3.46501;3
 61.55526;23.97000;     -0.76841;3.46498;3
 61.52205;23.97167;     -0.76912;3.46496;3
 61.48882;23.97333;     -0.76970;3.46493;3
 61.45559;23.97500;     -0.77019;3.46490;3
 61.42239;23.97667;     -0.77061;3.46487;3
 61.38918;23.97833;     -0.77106;3.46484;3
 61.35593;23.98000;     -0.77152;3.46481;3
 61.32269;23.98167;     -0.77190;3.46478;3
 61.28948;23.98333;     -0.77231;3.46475;3
 61.25626;23.98500;     -0.77278;3.46473;3
 61.22307;23.98667;     -0.77351;3.46470;3
 61.18987;23.98833;     -0.77422;3.46467;3
 61.15667;23.99000;     -0.77487;3.46464;3
 61.12346;23.99167;     -0.77517;3.46461;3
 61.09025;23.99333;     -0.77538;3.46458;3
 61.05700;23.99500;     -0.77549;3.46455;3
 61.02375;23.99667;     -0.77565;3.46452;3
 60.99049;23.99833;     -0.77592;3.46450;3
 60.95723;24.00000;     -0.77628;3.46447;3
 60.92397;24.00167;     -0.77663;3.46444;3
 60.89069;24.00333;     -0.77695;3.46441;3
 60.85743;24.00500;     -0.77733;3.46438;3
 60.82418;24.00667;     -0.77776;3.46435;3
 60.79093;24.00833;     -0.77820;3.46432;3
 60.75772;24.01000;     -0.77856;3.46429;3
 60.72449;24.01167;     -0.77891;3.46427;3
 60.69128;24.01333;     -0.77925;3.46424;3
 60.65802;24.01500;     -0.77957;3.46421;3
 60.62480;24.01667;     -0.77988;3.46418;3
 60.59161;24.01833;     -0.78024;3.46415;3
 60.55841;24.02000;     -0.78045;3.46412;3
 60.52520;24.02167;     -0.78057;3.46409;3
 60.49198;24.02333;     -0.78051;3.46406;3
 60.45877;24.02500;     -0.78052;3.46404;3
 60.42556;24.02667;     -0.78048;3.46401;3
 60.39233;24.02833;     -0.78050;3.46398;3
 60.35908;24.03000;     -0.78056;3.46395;3
 60.32582;24.03167;     -0.78065;3.46392;3
 60.29257;24.03333;     -0.78072;3.46389;3
 60.25936;24.03500;     -0.78103;3.46386;3
 60.22611;24.03667;     -0.78178;3.46383;3
 60.19282;24.03833;     -0.78298;3.46381;3
 60.15956;24.04000;     -0.78400;3.46378;3
 60.12634;24.04167;     -0.78467;3.46375;3
 60.09315;24.04333;     -0.78498;3.46372;3
 60.05995;24.04500;     -0.78528;3.46369;3
 60.02674;24.04667;     -0.78556;3.46366;3
 59.99352;24.04833;     -0.78582;3.46363;3
 59.96033;24.05000;     -0.78607;3.46360;3
 59.92713;24.05167;     -0.78641;3.46357;3
 59.89392;24.05333;     -0.78665;3.46355;3
 59.86074;24.05500;     -0.78676;3.46352;3
 59.82757;24.05667;     -0.78677;3.46349;3
 59.79439;24.05833;     -0.78687;3.46346;3
 59.76121;24.06000;     -0.78706;3.46343;3
 59.72802;24.06167;     -0.78723;3.46340;3
 59.69482;24.06333;     -0.78733;3.46337;3
 59.66162;24.06500;     -0.78752;3.46335;3
 59.62843;24.06667;     -0.78782;3.46332;3
 59.59525;24.06833;     -0.78820;3.46329;3
 59.56205;24.07000;     -0.78842;3.46326;3
 59.52885;24.07167;     -0.78800;3.46323;3
 59.49567;24.07333;     -0.78744;3.46320;3
 59.46249;24.07500;     -0.78685;3.46317;3
 59.42931;24.07667;     -0.78667;3.46314;3
 59.39616;24.07833;     -0.78643;3.46312;3
 59.36302;24.08000;     -0.78613;3.46309;3
 59.32990;24.08167;     -0.78576;3.46306;3
 59.29677;24.08333;     -0.78535;3.46303;3
 59.26364;24.08500;     -0.78505;3.46300;3
 59.23051;24.08667;     -0.78460;3.46297;3
 59.19736;24.08833;     -0.78413;3.46294;3
 59.16421;24.09000;     -0.78358;3.46291;3
 59.13103;24.09167;     -0.78325;3.46289;3
 59.09785;24.09333;     -0.78281;3.46286;3
 59.06467;24.09500;     -0.78200;3.46283;3
 59.03151;24.09667;     -0.78092;3.46280;3
 58.99834;24.09833;     -0.77983;3.46277;3
 58.96518;24.10000;     -0.77919;3.46274;3
 58.93203;24.10167;     -0.77879;3.46271;3
 58.89889;24.10333;     -0.77809;3.46268;3
 58.86575;24.10500;     -0.77743;3.46265;3
 58.83262;24.10667;     -0.77685;3.46263;3
 58.79949;24.10833;     -0.77666;3.46260;3
 58.76638;24.11000;     -0.77606;3.46257;3
 58.73325;24.11167;     -0.77508;3.46254;3
 58.70013;24.11333;     -0.77387;3.46251;3
 58.66700;24.11500;     -0.77276;3.46248;3
 58.63390;24.11667;     -0.77177;3.46245;3
 58.60080;24.11833;     -0.77097;3.46243;3
 58.56769;24.12000;     -0.77019;3.46240;3
 58.53456;24.12167;     -0.76900;3.46237;3
 58.50143;24.12333;     -0.76754;3.46234;3
 58.46830;24.12500;     -0.76613;3.46231;3
 58.43516;24.12667;     -0.76526;3.46228;3
 58.40202;24.12833;     -0.76490;3.46225;3
 58.36892;24.13000;     -0.76455;3.46222;3
 58.33579;24.13167;     -0.76401;3.46220;3
 58.30266;24.13333;     -0.76316;3.46217;3
 58.26952;24.13500;     -0.76214;3.46214;3
 58.23638;24.13667;     -0.76103;3.46211;3
 58.20325;24.13833;     -0.75972;3.46208;3
 58.17016;24.14000;     -0.75850;3.46205;3
 58.13710;24.14167;     -0.75745;3.46202;3
 58.10402;24.14333;     -0.75665;3.46199;3
 58.07092;24.14500;     -0.75587;3.46197;3
 58.03785;24.14667;     -0.75507;3.46194;3
 58.00479;24.14833;     -0.75428;3.46191;3
 57.97169;24.15000;     -0.75344;3.46188;3
 57.93859;24.15167;     -0.75280;3.46185;3
 57.90551;24.15333;     -0.75244;3.46182;3
 57.87239;24.15500;     -0.75215;3.46179;3
 57.83926;24.15667;     -0.75171;3.46176;3
 57.80608;24.15833;     -0.75115;3.46174;3
 57.77293;24.16000;     -0.75049;3.46171;3
 57.73979;24.16167;     -0.74961;3.46168;3
 57.70666;24.16333;     -0.74859;3.46165;3
 57.67352;24.16500;     -0.74777;3.46162;3
 57.64038;24.16667;     -0.74726;3.46159;3
 57.60723;24.16833;     -0.74679;3.46156;3
 57.57408;24.17000;     -0.74689;3.46153;3
 57.54095;24.17167;     -0.74715;3.46150;3
 57.50785;24.17333;     -0.74762;3.46148;3
 57.47472;24.17500;     -0.74770;3.46145;3
 57.44159;24.17667;     -0.74771;3.46142;3
 57.40844;24.17833;     -0.74777;3.46139;3
 57.37526;24.18000;     -0.74789;3.46136;3
 57.34210;24.18167;     -0.74807;3.46133;3
 57.30893;24.18333;     -0.74829;3.46130;3
 57.27579;24.18500;     -0.74840;3.46127;3
 57.24261;24.18667;     -0.74846;3.46125;3
 57.20944;24.18833;     -0.74840;3.46122;3
 57.17628;24.19000;     -0.74839;3.46119;3
 57.14311;24.19167;     -0.74855;3.46116;3
 57.10997;24.19333;     -0.74909;3.46113;3
 57.07680;24.19500;     -0.74998;3.46110;3
 57.04362;24.19667;     -0.75097;3.46107;3
 57.01043;24.19833;     -0.75172;3.46104;3
 56.97725;24.20000;     -0.75240;3.46101;3
 56.94410;24.20167;     -0.75294;3.46099;3
 56.91095;24.20333;     -0.75393;3.46096;3
 56.87779;24.20500;     -0.75467;3.46093;3
 56.84462;24.20667;     -0.75537;3.46090;3
 56.81148;24.20833;     -0.75565;3.46087;3
 56.77833;24.21000;     -0.75606;3.46084;3
 56.74518;24.21167;     -0.75653;3.46081;3
 56.71203;24.21333;     -0.75691;3.46078;3
 56.67887;24.21500;     -0.75712;3.46075;3
 56.64572;24.21667;     -0.75774;3.46073;3
 56.61256;24.21833;     -0.75895;3.46070;3
 56.57938;24.22000;     -0.76010;3.46067;3
 56.54618;24.22167;     -0.76068;3.46064;3
 56.51300;24.22333;     -0.76067;3.46061;3
 56.47984;24.22500;     -0.76083;3.46058;3
 56.44666;24.22667;     -0.76103;3.46055;3
 56.41346;24.22833;     -0.76125;3.46052;3
 56.38026;24.23000;     -0.76147;3.46049;3
 56.34703;24.23167;     -0.76186;3.46047;3
 56.31382;24.23333;     -0.76218;3.46044;3
 56.28062;24.23500;     -0.76258;3.46041;3
 56.24743;24.23667;     -0.76285;3.46038;3
 56.21423;24.23833;     -0.76323;3.46035;3
 56.18103;24.24000;     -0.76344;3.46032;3
 56.14780;24.24167;     -0.76360;3.46029;3
 56.11459;24.24333;     -0.76372;3.46026;3
 56.08136;24.24500;     -0.76380;3.46023;3
 56.04815;24.24667;     -0.76389;3.46020;3
 56.01490;24.24833;     -0.76415;3.46018;3
 55.98166;24.25000;     -0.76456;3.46015;3
 55.94844;24.25167;     -0.76477;3.46012;3
 55.91520;24.25333;     -0.76427;3.46009;3
 55.88195;24.25500;     -0.76351;3.46006;3
 55.84875;24.25667;     -0.76289;3.46003;3
 55.81551;24.25833;     -0.76289;3.46000;3
 55.78230;24.26000;     -0.76312;3.45997;3
 55.74907;24.26167;     -0.76338;3.45994;3
 55.71584;24.26333;     -0.76358;3.45991;3
 55.68257;24.26500;     -0.76360;3.45989;3
 55.64931;24.26667;     -0.76353;3.45986;3
 55.61610;24.26833;     -0.76336;3.45983;3
 55.58290;24.27000;     -0.76321;3.45980;3
 55.54967;24.27167;     -0.76309;3.45977;3
 55.51643;24.27333;     -0.76301;3.45974;3
 55.48318;24.27500;     -0.76293;3.45971;3
 55.44995;24.27667;     -0.76286;3.45968;3
 55.41674;24.27833;     -0.76281;3.45965;3
 55.38356;24.28000;     -0.76281;3.45963;3
 55.35036;24.28167;     -0.76250;3.45960;3
 55.31718;24.28333;     -0.76219;3.45957;3
 55.28398;24.28500;     -0.76182;3.45954;3
 55.25077;24.28667;     -0.76174;3.45951;3
 55.21757;24.28833;     -0.76183;3.45948;3
 55.18436;24.29000;     -0.76214;3.45945;3
 55.15115;24.29167;     -0.76266;3.45942;3
 55.11793;24.29333;     -0.76325;3.45939;3
 55.08470;24.29500;     -0.76363;3.45936;3
 55.05148;24.29667;     -0.76376;3.45933;3
 55.01825;24.29833;     -0.76363;3.45931;3
 54.98503;24.30000;     -0.76359;3.45928;3
 54.95179;24.30167;     -0.76409;3.45925;3
 54.91852;24.30333;     -0.76483;3.45922;3
 54.88529;24.30500;     -0.76574;3.45919;3
 54.85208;24.30667;     -0.76625;3.45916;3
 54.81885;24.30833;     -0.76666;3.45913;3
 54.78562;24.31000;     -0.76697;3.45910;3
 54.75239;24.31167;     -0.76729;3.45907;3
 54.71918;24.31333;     -0.76764;3.45905;3
 54.68595;24.31500;     -0.76804;3.45902;3
 54.65275;24.31667;     -0.76864;3.45899;3
 54.61952;24.31833;     -0.76963;3.45896;3
 54.58631;24.32000;     -0.77088;3.45893;3
 54.55307;24.32167;     -0.77222;3.45890;3
 54.51985;24.32333;     -0.77335;3.45887;3
 54.48662;24.32500;     -0.77425;3.45884;3
 54.45339;24.32667;     -0.77457;3.45881;3
 54.42016;24.32833;     -0.77452;3.45878;3
 54.38692;24.33000;     -0.77409;3.45875;3
 54.35367;24.33167;     -0.77390;3.45873;3
 54.32046;24.33333;     -0.77374;3.45870;3
 54.28726;24.33500;     -0.77368;3.45867;3
 54.25405;24.33667;     -0.77353;3.45864;3
 54.22082;24.33833;     -0.77329;3.45861;3
 54.18761;24.34000;     -0.77313;3.45858;3
 54.15443;24.34167;     -0.77319;3.45855;3
 54.12126;24.34333;     -0.77367;3.45852;3
 54.08807;24.34500;     -0.77392;3.45849;3
 54.05487;24.34667;     -0.77495;3.45846;3
 54.02167;24.34833;     -0.77601;3.45843;3
 53.98849;24.35000;     -0.77764;3.45841;3
 53.95533;24.35167;     -0.77905;3.45838;3
 53.92211;24.35333;     -0.78036;3.45835;3
 53.88893;24.35500;     -0.78157;3.45832;3
 53.85574;24.35667;     -0.78239;3.45829;3
 53.82252;24.35833;     -0.78349;3.45826;3
 53.78933;24.36000;     -0.78459;3.45823;3
 53.75611;24.36167;     -0.78553;3.45820;3
 53.72290;24.36333;     -0.78563;3.45817;3
 53.68969;24.36500;     -0.78549;3.45814;3
 53.65651;24.36667;     -0.78599;3.45811;3
 53.62334;24.36833;     -0.78708;3.45809;3
 53.59015;24.37000;     -0.78820;3.45806;3
 53.55695;24.37167;     -0.78854;3.45803;3
 53.52375;24.37333;     -0.78873;3.45800;3
 53.49059;24.37500;     -0.78889;3.45797;3
 53.45743;24.37667;     -0.78900;3.45794;3
 53.42428;24.37833;     -0.79004;3.45791;3
 53.39115;24.38000;     -0.79107;3.45788;3
 53.35798;24.38167;     -0.79369;3.45785;3
 53.32485;24.38333;     -0.79491;3.45782;3
 53.29172;24.38500;     -0.79594;3.45780;3
 53.25857;24.38667;     -0.79550;3.45777;3
 53.22544;24.38833;     -0.79529;3.45774;3
 53.19229;24.39000;     -0.79471;3.45771;3
 53.15913;24.39167;     -0.79329;3.45768;3
 53.12595;24.39333;     -0.79121;3.45765;3
 53.09274;24.39500;     -0.78884;3.45762;3
 53.05956;24.39667;     -0.78664;3.45759;3
 53.02639;24.39833;     -0.78457;3.45756;3
 52.99323;24.40000;     -0.78215;3.45753;3
 52.96005;24.40167;     -0.77902;3.45750;3
 52.92690;24.40333;     -0.77574;3.45748;3
 52.89377;24.40500;     -0.77298;3.45745;3
 52.86061;24.40667;     -0.77109;3.45742;3
 52.82744;24.40833;     -0.76990;3.45739;3
 52.79431;24.41000;     -0.76874;3.45736;3
 52.76116;24.41167;     -0.76717;3.45733;3
 52.72802;24.41333;     -0.76614;3.45730;3
 52.69487;24.41500;     -0.76561;3.45727;3
 52.66174;24.41667;     -0.76558;3.45724;3
 52.62859;24.41833;     -0.76491;3.45721;3
 52.59548;24.42000;     -0.76390;3.45719;3
 52.56234;24.42167;     -0.76269;3.45716;3
 52.52920;24.42333;     -0.76143;3.45713;3
 52.49602;24.42500;     -0.76053;3.45710;3
 52.46284;24.42667;     -0.75973;3.45707;3
 52.42962;24.42833;     -0.75882;3.45704;3
 52.39643;24.43000;     -0.75713;3.45701;3
 52.36323;24.43167;     -0.75550;3.45698;3
 52.33005;24.43333;     -0.75375;3.45695;3
 52.29685;24.43500;     -0.75281;3.45692;3
 52.26366;24.43667;     -0.75192;3.45689;3
 52.23049;24.43833;     -0.75136;3.45686;3
 52.19734;24.44000;     -0.75064;3.45684;3
 52.16421;24.44167;     -0.74999;3.45681;3
 52.13107;24.44333;     -0.74940;3.45678;3
 52.09792;24.44500;     -0.74885;3.45675;3
 52.06479;24.44667;     -0.74845;3.45672;3
 52.03166;24.44833;     -0.74826;3.45669;3
 51.99851;24.45000;     -0.74788;3.45666;3
 51.96534;24.45167;     -0.74743;3.45663;3
 51.93218;24.45333;     -0.74671;3.45660;3
 51.89903;24.45500;     -0.74623;3.45657;3
 51.86587;24.45667;     -0.74565;3.45654;3
 51.83272;24.45833;     -0.74528;3.45651;3
 51.79956;24.46000;     -0.74479;3.45649;3
 51.76639;24.46167;     -0.74421;3.45646;3
 51.73323;24.46333;     -0.74363;3.45643;3
 51.70005;24.46500;     -0.74314;3.45640;3
 51.66687;24.46667;     -0.74300;3.45637;3
 51.63370;24.46833;     -0.74241;3.45634;3
 51.60054;24.47000;     -0.74158;3.45631;3
 51.56739;24.47167;     -0.74044;3.45628;3
 51.53421;24.47333;     -0.73959;3.45625;3
 51.50105;24.47500;     -0.73893;3.45622;3
 51.46789;24.47667;     -0.73845;3.45619;3
 51.43472;24.47833;     -0.73803;3.45616;3
 51.40156;24.48000;     -0.73781;3.45614;3
 51.36838;24.48167;     -0.73755;3.45611;3
 51.33523;24.48333;     -0.73717;3.45608;3
 51.30205;24.48500;     -0.73662;3.45605;3
 51.26884;24.48667;     -0.73619;3.45602;3
 51.23564;24.48833;     -0.73584;3.45599;3
 51.20241;24.49000;     -0.73535;3.45596;3
 51.16920;24.49167;     -0.73455;3.45593;3
 51.13597;24.49333;     -0.73374;3.45590;3
 51.10274;24.49500;     -0.73291;3.45587;3
 51.06954;24.49667;     -0.73215;3.45584;3
 51.03631;24.49833;     -0.73116;3.45581;3
 51.00308;24.50000;     -0.73026;3.45578;3
 50.96987;24.50167;     -0.72944;3.45576;3
 50.93666;24.50333;     -0.72884;3.45573;3
 50.90344;24.50500;     -0.72825;3.45570;3
 50.87025;24.50667;     -0.72766;3.45567;3
 50.83705;24.50833;     -0.72708;3.45564;3
 50.80384;24.51000;     -0.72650;3.45561;3
 50.77062;24.51167;     -0.72592;3.45558;3
 50.73741;24.51333;     -0.72541;3.45555;3
 50.70418;24.51500;     -0.72505;3.45552;3
 50.67097;24.51667;     -0.72469;3.45549;3
 50.63775;24.51833;     -0.72429;3.45546;3
 50.60452;24.52000;     -0.72377;3.45543;3
 50.57126;24.52167;     -0.72327;3.45540;3
 50.53800;24.52333;     -0.72279;3.45538;3
 50.50475;24.52500;     -0.72232;3.45535;3
 50.47154;24.52667;     -0.72189;3.45532;3
 50.43831;24.52833;     -0.72144;3.45529;3
 50.40510;24.53000;     -0.72099;3.45526;3
 50.37187;24.53167;     -0.72040;3.45523;3
 50.33866;24.53333;     -0.71985;3.45520;3
 50.30544;24.53500;     -0.71933;3.45517;3
 50.27225;24.53667;     -0.71897;3.45514;3
 50.23905;24.53833;     -0.71862;3.45511;3
 50.20585;24.54000;     -0.71828;3.45508;3
 50.17266;24.54167;     -0.71796;3.45505;3
 50.13943;24.54333;     -0.71763;3.45502;3
 50.10621;24.54500;     -0.71718;3.45499;3
 50.07300;24.54667;     -0.71679;3.45496;3
 50.03977;24.54833;     -0.71668;3.45494;3
 50.00654;24.55000;     -0.71676;3.45491;3
 49.97333;24.55167;     -0.71680;3.45488;3
 49.94011;24.55333;     -0.71662;3.45485;3
 49.90692;24.55500;     -0.71642;3.45482;3
 49.87370;24.55667;     -0.71626;3.45479;3
 49.84049;24.55833;     -0.71599;3.45476;3
 49.80725;24.56000;     -0.71554;3.45473;3
 49.77402;24.56167;     -0.71497;3.45470;3
 49.74080;24.56333;     -0.71450;3.45467;3
 49.70759;24.56500;     -0.71400;3.45464;3
 49.67438;24.56667;     -0.71355;3.45461;3
 49.64118;24.56833;     -0.71296;3.45458;3
 49.60797;24.57000;     -0.71242;3.45455;3
 49.57475;24.57167;     -0.71182;3.45452;3
 49.54154;24.57333;     -0.71133;3.45450;3
 49.50834;24.57500;     -0.71101;3.45447;3
 49.47515;24.57667;     -0.71078;3.45444;3
 49.44193;24.57833;     -0.71066;3.45441;3
 49.40874;24.58000;     -0.71037;3.45438;3
 49.37552;24.58167;     -0.70985;3.45435;3
 49.34233;24.58333;     -0.70908;3.45432;3
 49.30911;24.58500;     -0.70830;3.45429;3
 49.27590;24.58667;     -0.70769;3.45426;3
 49.24270;24.58833;     -0.70712;3.45423;3
 49.20949;24.59000;     -0.70660;3.45420;3
 49.17628;24.59167;     -0.70596;3.45417;3
 49.14307;24.59333;     -0.70525;3.45414;3
 49.10987;24.59500;     -0.70445;3.45411;3
 49.07670;24.59667;     -0.70352;3.45408;3
 49.04352;24.59833;     -0.70225;3.45406;3
 49.01034;24.60000;     -0.70097;3.45403;3
 48.97716;24.60167;     -0.69982;3.45400;3
 48.94400;24.60333;     -0.69901;3.45397;3
 48.91084;24.60500;     -0.69822;3.45394;3
 48.87767;24.60667;     -0.69743;3.45391;3
 48.84449;24.60833;     -0.69668;3.45388;3
 48.81133;24.61000;     -0.69594;3.45385;3
 48.77818;24.61167;     -0.69527;3.45382;3
 48.74500;24.61333;     -0.69445;3.45379;3
 48.71184;24.61500;     -0.69362;3.45376;3
 48.67867;24.61667;     -0.69271;3.45373;3
 48.64548;24.61833;     -0.69196;3.45370;3
 48.61228;24.62000;     -0.69132;3.45367;3
 48.57908;24.62167;     -0.69078;3.45364;3
 48.54592;24.62333;     -0.69022;3.45361;3
 48.51274;24.62500;     -0.68967;3.45359;3
 48.47956;24.62667;     -0.68904;3.45356;3
 48.44634;24.62833;     -0.68842;3.45353;3
 48.41316;24.63000;     -0.68781;3.45350;3
 48.38000;24.63167;     -0.68735;3.45347;3
 48.34685;24.63333;     -0.68699;3.45344;3
 48.31369;24.63500;     -0.68667;3.45341;3
 48.28052;24.63667;     -0.68627;3.45338;3
 48.24736;24.63833;     -0.68579;3.45335;3
 48.21418;24.64000;     -0.68529;3.45332;3
 48.18102;24.64167;     -0.68484;3.45329;3
 48.14785;24.64333;     -0.68450;3.45326;3
 48.11469;24.64500;     -0.68436;3.45323;3
 48.08151;24.64667;     -0.68439;3.45320;3
 48.04834;24.64833;     -0.68435;3.45317;3
 48.01520;24.65000;     -0.68419;3.45314;3
 47.98205;24.65167;     -0.68389;3.45311;3
 47.94885;24.65333;     -0.68374;3.45309;3
 47.91569;24.65500;     -0.68371;3.45306;3
 47.88248;24.65667;     -0.68384;3.45303;3
 47.84928;24.65833;     -0.68407;3.45300;3
 47.81610;24.66000;     -0.68421;3.45297;3
 47.78290;24.66167;     -0.68405;3.45294;3
 47.74972;24.66333;     -0.68368;3.45291;3
 47.71652;24.66500;     -0.68340;3.45288;3
 47.68331;24.66667;     -0.68337;3.45285;3
 47.65013;24.66833;     -0.68349;3.45282;3
 47.61695;24.67000;     -0.68363;3.45279;3
 47.58377;24.67167;     -0.68380;3.45276;3
 47.55061;24.67333;     -0.68400;3.45273;3
 47.51744;24.67500;     -0.68422;3.45270;3
 47.48428;24.67667;     -0.68434;3.45267;3
 47.45113;24.67833;     -0.68441;3.45264;3
 47.41798;24.68000;     -0.68437;3.45261;3
 47.38480;24.68167;     -0.68462;3.45258;3
 47.35162;24.68333;     -0.68495;3.45256;3
 47.31843;24.68500;     -0.68543;3.45253;3
 47.28523;24.68667;     -0.68578;3.45250;3
 47.25205;24.68833;     -0.68619;3.45247;3
 47.21887;24.69000;     -0.68653;3.45244;3
 47.18567;24.69167;     -0.68675;3.45241;3
 47.15248;24.69333;     -0.68684;3.45238;3
 47.11928;24.69500;     -0.68717;3.45235;3
 47.08608;24.69667;     -0.68768;3.45232;3
 47.05289;24.69833;     -0.68830;3.45229;3
 47.01969;24.70000;     -0.68878;3.45226;3
 46.98649;24.70167;     -0.68915;3.45223;3
 46.95331;24.70333;     -0.68952;3.45220;3
 46.92013;24.70500;     -0.68988;3.45217;3
 46.88697;24.70667;     -0.69023;3.45214;3
 46.85380;24.70833;     -0.69058;3.45211;3
 46.82064;24.71000;     -0.69121;3.45208;3
 46.78748;24.71167;     -0.69202;3.45205;3
 46.75431;24.71333;     -0.69286;3.45202;3
 46.72115;24.71500;     -0.69317;3.45199;3
 46.68797;24.71667;     -0.69305;3.45196;3
 46.65482;24.71833;     -0.69263;3.45194;3
 46.62167;24.72000;     -0.69222;3.45191;3
 46.58852;24.72167;     -0.69194;3.45188;3
 46.55538;24.72333;     -0.69189;3.45185;3
 46.52218;24.72500;     -0.69215;3.45182;3
 46.48902;24.72667;     -0.69267;3.45179;3
 46.45587;24.72833;     -0.69332;3.45176;3
 46.42272;24.73000;     -0.69375;3.45173;3
 46.38954;24.73167;     -0.69390;3.45170;3
 46.35634;24.73333;     -0.69383;3.45167;3
 46.32316;24.73500;     -0.69380;3.45164;3
 46.29003;24.73667;     -0.69377;3.45161;3
 46.25689;24.73833;     -0.69374;3.45158;3
 46.22375;24.74000;     -0.69366;3.45155;3
 46.19062;24.74167;     -0.69358;3.45152;3
 46.15746;24.74333;     -0.69371;3.45149;3
 46.12431;24.74500;     -0.69399;3.45146;3
 46.09118;24.74667;     -0.69392;3.45143;3
 46.05803;24.74833;     -0.69348;3.45140;3
 46.02487;24.75000;     -0.69283;3.45137;3
 45.99170;24.75167;     -0.69242;3.45135;3
 45.95851;24.75333;     -0.69206;3.45132;3
 45.92534;24.75500;     -0.69168;3.45129;3
 45.89216;24.75667;     -0.69130;3.45126;3
 45.85900;24.75833;     -0.69101;3.45123;3
 45.82582;24.76000;     -0.69077;3.45120;3
 45.79262;24.76167;     -0.69020;3.45117;3
 45.75948;24.76333;     -0.68948;3.45114;3
 45.72631;24.76500;     -0.68868;3.45111;3
 45.69315;24.76667;     -0.68818;3.45108;3
 45.66002;24.76833;     -0.68772;3.45105;3
 45.62685;24.77000;     -0.68723;3.45102;3
 45.59370;24.77167;     -0.68673;3.45099;3
 45.56057;24.77333;     -0.68622;3.45096;3
 45.52741;24.77500;     -0.68573;3.45093;3
 45.49426;24.77667;     -0.68533;3.45090;3
 45.46111;24.77833;     -0.68497;3.45087;3
 45.42795;24.78000;     -0.68456;3.45084;3
 45.39479;24.78167;     -0.68380;3.45081;3
 45.36164;24.78333;     -0.68283;3.45078;3
 45.32849;24.78500;     -0.68172;3.45075;3
 45.29534;24.78667;     -0.68099;3.45072;3
 45.26216;24.78833;     -0.68067;3.45069;3
 45.22897;24.79000;     -0.68077;3.45066;3
 45.19577;24.79167;     -0.68076;3.45063;3
 45.16259;24.79333;     -0.68059;3.45060;3
 45.12939;24.79500;     -0.68045;3.45058;3
 45.09621;24.79667;     -0.68045;3.45055;3
 45.06305;24.79833;     -0.68045;3.45052;3
 45.02987;24.80000;     -0.68030;3.45049;3
 44.99669;24.80167;     -0.68018;3.45046;3
 44.96351;24.80333;     -0.68009;3.45043;3
 44.93034;24.80500;     -0.68000;3.45040;3
 44.89718;24.80667;     -0.67996;3.45037;3
 44.86403;24.80833;     -0.67989;3.45034;3
 44.83085;24.81000;     -0.67979;3.45031;3
 44.79766;24.81167;     -0.67989;3.45028;3
 44.76444;24.81333;     -0.68009;3.45025;3
 44.73123;24.81500;     -0.68046;3.45022;3
 44.69805;24.81667;     -0.68066;3.45019;3
 44.66487;24.81833;     -0.68088;3.45016;3
 44.63167;24.82000;     -0.68103;3.45013;3
 44.59844;24.82167;     -0.68114;3.45010;3
 44.56520;24.82333;     -0.68125;3.45007;3
 44.53195;24.82500;     -0.68140;3.45004;3
 44.49874;24.82667;     -0.68173;3.45001;3
 44.46551;24.82833;     -0.68225;3.44998;3
 44.43230;24.83000;     -0.68281;3.44995;3
 44.39910;24.83167;     -0.68329;3.44992;3
 44.36590;24.83333;     -0.68365;3.44989;3
 44.33274;24.83500;     -0.68400;3.44986;3
 44.29957;24.83667;     -0.68435;3.44983;3
 44.26638;24.83833;     -0.68469;3.44980;3
 44.23320;24.84000;     -0.68503;3.44977;3
 44.19998;24.84167;     -0.68536;3.44974;3
 44.16677;24.84333;     -0.68569;3.44971;3
 44.13357;24.84500;     -0.68623;3.44968;3
 44.10036;24.84667;     -0.68666;3.44965;3
 44.06716;24.84833;     -0.68703;3.44962;3
 44.03395;24.85000;     -0.68714;3.44959;3
 44.00075;24.85167;     -0.68749;3.44956;3
 43.96756;24.85333;     -0.68795;3.44954;3
 43.93438;24.85500;     -0.68843;3.44951;3
 43.90118;24.85667;     -0.68866;3.44948;3
 43.86797;24.85833;     -0.68877;3.44945;3
 43.83474;24.86000;     -0.68884;3.44942;3
 43.80154;24.86167;     -0.68883;3.44939;3
 43.76834;24.86333;     -0.68882;3.44936;3
 43.73513;24.86500;     -0.68879;3.44933;3
 43.70192;24.86667;     -0.68889;3.44930;3
 43.66872;24.86833;     -0.68898;3.44927;3
 43.63552;24.87000;     -0.68903;3.44924;3
 43.60236;24.87167;     -0.68905;3.44921;3
 43.56918;24.87333;     -0.68903;3.44918;3
 43.53600;24.87500;     -0.68898;3.44915;3
 43.50285;24.87667;     -0.68897;3.44912;3
 43.46967;24.87833;     -0.68902;3.44909;3
 43.43649;24.88000;     -0.68906;3.44906;3
 43.40330;24.88167;     -0.68902;3.44903;3
 43.37010;24.88333;     -0.68879;3.44900;3
 43.33690;24.88500;     -0.68849;3.44897;3
 43.30370;24.88667;     -0.68798;3.44894;3
 43.27049;24.88833;     -0.68736;3.44891;3
 43.23731;24.89000;     -0.68688;3.44888;3
 43.20413;24.89167;     -0.68698;3.44885;3
 43.17093;24.89333;     -0.68748;3.44882;3
 43.13777;24.89500;     -0.68774;3.44879;3
 43.10464;24.89667;     -0.68742;3.44876;3
 43.07149;24.89833;     -0.68689;3.44873;3
 43.03833;24.90000;     -0.68646;3.44870;3
 43.00516;24.90167;     -0.68620;3.44867;3
 42.97203;24.90333;     -0.68594;3.44864;3
 42.93890;24.90500;     -0.68569;3.44861;3
 42.90574;24.90667;     -0.68543;3.44858;3
 42.87256;24.90833;     -0.68518;3.44855;3
 42.83939;24.91000;     -0.68492;3.44852;3
 42.80628;24.91167;     -0.68432;3.44849;3
 42.77318;24.91333;     -0.68365;3.44846;3
 42.74007;24.91500;     -0.68296;3.44843;3
 42.70695;24.91667;     -0.68277;3.44840;3
 42.67380;24.91833;     -0.68295;3.44837;3
 42.64066;24.92000;     -0.68318;3.44834;3
 42.60749;24.92167;     -0.68323;3.44831;3
 42.57436;24.92333;     -0.68301;3.44828;3
 42.54123;24.92500;     -0.68290;3.44825;3
 42.50810;24.92667;     -0.68301;3.44822;3
 42.47495;24.92833;     -0.68256;3.44819;3
 42.44180;24.93000;     -0.68199;3.44816;3
 42.40862;24.93167;     -0.68137;3.44813;3
 42.37546;24.93333;     -0.68136;3.44810;3
 42.34233;24.93500;     -0.68134;3.44807;3
 42.30920;24.93667;     -0.68120;3.44804;3
 42.27607;24.93833;     -0.68096;3.44801;3
 42.24290;24.94000;     -0.68071;3.44798;3
 42.20974;24.94167;     -0.68074;3.44795;3
 42.17661;24.94333;     -0.68085;3.44793;3
 42.14348;24.94500;     -0.68104;3.44790;3
 42.11034;24.94667;     -0.68105;3.44787;3
 42.07720;24.94833;     -0.68082;3.44784;3
 42.04402;24.95000;     -0.68041;3.44781;3
 42.01089;24.95167;     -0.67993;3.44778;3
 41.97774;24.95333;     -0.67970;3.44775;3
 41.94456;24.95500;     -0.67959;3.44772;3
 41.91138;24.95667;     -0.67948;3.44769;3
 41.87821;24.95833;     -0.67909;3.44766;3
 41.84505;24.96000;     -0.67836;3.44763;3
 41.81190;24.96167;     -0.67759;3.44760;3
 41.77875;24.96333;     -0.67700;3.44757;3
 41.74561;24.96500;     -0.67670;3.44754;3
 41.71246;24.96667;     -0.67639;3.44751;3
 41.67931;24.96833;     -0.67607;3.44748;3
 41.64618;24.97000;     -0.67575;3.44745;3
 41.61307;24.97167;     -0.67545;3.44742;3
 41.57992;24.97333;     -0.67512;3.44739;3
 41.54677;24.97500;     -0.67506;3.44736;3
 41.51361;24.97667;     -0.67505;3.44733;3
 41.48043;24.97833;     -0.67486;3.44730;3
 41.44730;24.98000;     -0.67440;3.44727;3
 41.41413;24.98167;     -0.67390;3.44724;3
 41.38095;24.98333;     -0.67364;3.44721;3
 41.34777;24.98500;     -0.67339;3.44718;3
 41.31457;24.98667;     -0.67307;3.44715;3
 41.28139;24.98833;     -0.67266;3.44712;3
 41.24823;24.99000;     -0.67212;3.44709;3
 41.21503;24.99167;     -0.67168;3.44706;3
 41.18184;24.99333;     -0.67147;3.44703;3
 41.14867;24.99500;     -0.67152;3.44700;3
 41.11549;24.99667;     -0.67158;3.44697;3
 41.08228;24.99833;     -0.67154;3.44694;3
 41.04907;25.00000;     -0.67142;3.44691;3
 41.01589;25.00167;     -0.67131;3.44688;3
 40.98275;25.00333;     -0.67120;3.44685;3
 40.94957;25.00500;     -0.67109;3.44682;3
 40.91639;25.00667;     -0.67109;3.44679;3
 40.88325;25.00833;     -0.67105;3.44676;3
 40.85010;25.01000;     -0.67081;3.44673;3
 40.81692;25.01167;     -0.67049;3.44670;3
 40.78370;25.01333;     -0.67035;3.44667;3
 40.75049;25.01500;     -0.67056;3.44664;3
 40.71728;25.01667;     -0.67081;3.44661;3
 40.68405;25.01833;     -0.67097;3.44658;3
 40.65084;25.02000;     -0.67107;3.44655;3
 40.61762;25.02167;     -0.67111;3.44652;3
 40.58439;25.02333;     -0.67104;3.44649;3
 40.55118;25.02500;     -0.67081;3.44646;3
 40.51797;25.02667;     -0.67082;3.44643;3
 40.48477;25.02833;     -0.67089;3.44640;3
 40.45157;25.03000;     -0.67090;3.44637;3
 40.41841;25.03167;     -0.67071;3.44634;3
 40.38523;25.03333;     -0.67060;3.44631;3
 40.35205;25.03500;     -0.67064;3.44628;3
 40.31889;25.03667;     -0.67070;3.44625;3
 40.28570;25.03833;     -0.67075;3.44622;3
 40.25249;25.04000;     -0.67092;3.44619;3
 40.21931;25.04167;     -0.67105;3.44616;3
 40.18611;25.04333;     -0.67089;3.44613;3
 40.15292;25.04500;     -0.67043;3.44610;3
 40.11974;25.04667;     -0.66988;3.44607;3
 40.08656;25.04833;     -0.66963;3.44603;3
 40.05339;25.05000;     -0.66966;3.44600;3
 40.02025;25.05167;     -0.66988;3.44597;3
 39.98707;25.05333;     -0.67021;3.44594;3
 39.95387;25.05500;     -0.67057;3.44591;3
 39.92067;25.05667;     -0.67092;3.44588;3
 39.88748;25.05833;     -0.67121;3.44585;3
 39.85426;25.06000;     -0.67150;3.44582;3
 39.82107;25.06167;     -0.67173;3.44579;3
 39.78787;25.06333;     -0.67188;3.44576;3
 39.75466;25.06500;     -0.67190;3.44573;3
 39.72148;25.06667;     -0.67189;3.44570;3
 39.68831;25.06833;     -0.67187;3.44567;3
 39.65516;25.07000;     -0.67185;3.44564;3
 39.62202;25.07167;     -0.67189;3.44561;3
 39.58885;25.07333;     -0.67223;3.44558;3
 39.55570;25.07500;     -0.67258;3.44555;3
 39.52256;25.07667;     -0.67262;3.44552;3
 39.48941;25.07833;     -0.67248;3.44549;3
 39.45625;25.08000;     -0.67231;3.44546;3
 39.42303;25.08167;     -0.67235;3.44543;3
 39.38987;25.08333;     -0.67239;3.44540;3
 39.35670;25.08500;     -0.67251;3.44537;3
 39.32352;25.08667;     -0.67255;3.44534;3
 39.29036;25.08833;     -0.67228;3.44531;3
 39.25716;25.09000;     -0.67168;3.44528;3
 39.22395;25.09167;     -0.67095;3.44525;3
 39.19075;25.09333;     -0.67022;3.44522;3
 39.15759;25.09500;     -0.66969;3.44519;3
 39.12441;25.09667;     -0.66932;3.44516;3
 39.09121;25.09833;     -0.66902;3.44513;3
 39.05807;25.10000;     -0.66869;3.44510;3
 39.02493;25.10167;     -0.66834;3.44507;3
 38.99177;25.10333;     -0.66797;3.44504;3
 38.95857;25.10500;     -0.66759;3.44501;3
 38.92541;25.10667;     -0.66714;3.44498;3
 38.89228;25.10833;     -0.66633;3.44495;3
 38.85911;25.11000;     -0.66578;3.44492;3
 38.82593;25.11167;     -0.66547;3.44489;3
 38.79275;25.11333;     -0.66562;3.44486;3
 38.75957;25.11500;     -0.66555;3.44483;3
 38.72638;25.11667;     -0.66529;3.44480;3
 38.69320;25.11833;     -0.66481;3.44477;3
 38.66003;25.12000;     -0.66427;3.44474;3
 38.62684;25.12167;     -0.66388;3.44471;3
 38.59362;25.12333;     -0.66370;3.44468;3
 38.56046;25.12500;     -0.66364;3.44465;3
 38.52728;25.12667;     -0.66351;3.44462;3
 38.49410;25.12833;     -0.66336;3.44459;3
 38.46092;25.13000;     -0.66323;3.44456;3
 38.42775;25.13167;     -0.66314;3.44453;3
 38.39457;25.13333;     -0.66309;3.44450;3
 38.36143;25.13500;     -0.66308;3.44447;3
 38.32828;25.13667;     -0.66312;3.44444;3
 38.29510;25.13833;     -0.66320;3.44440;3
 38.26192;25.14000;     -0.66309;3.44437;3
 38.22874;25.14167;     -0.66284;3.44434;3
 38.19556;25.14333;     -0.66254;3.44431;3
 38.16238;25.14500;     -0.66235;3.44428;3
 38.12920;25.14667;     -0.66235;3.44425;3
 38.09602;25.14833;     -0.66265;3.44422;3
 38.06280;25.15000;     -0.66333;3.44419;3
 38.02957;25.15167;     -0.66419;3.44416;3
 37.99634;25.15333;     -0.66483;3.44413;3
 37.96311;25.15500;     -0.66511;3.44410;3
 37.92990;25.15667;     -0.66535;3.44407;3
 37.89667;25.15833;     -0.66584;3.44404;3
 37.86348;25.16000;     -0.66661;3.44401;3
 37.83028;25.16167;     -0.66734;3.44398;3
 37.79705;25.16333;     -0.66787;3.44395;3
 37.76384;25.16500;     -0.66834;3.44392;3
 37.73066;25.16667;     -0.66881;3.44389;3
 37.69746;25.16833;     -0.66929;3.44386;3
 37.66426;25.17000;     -0.66976;3.44383;3
 37.63105;25.17167;     -0.67022;3.44380;3
 37.59782;25.17333;     -0.67107;3.44377;3
 37.56459;25.17500;     -0.67195;3.44374;3
 37.53136;25.17667;     -0.67284;3.44371;3
 37.49810;25.17833;     -0.67318;3.44368;3
 37.46482;25.18000;     -0.67334;3.44365;3
 37.43157;25.18167;     -0.67346;3.44362;3
 37.39833;25.18333;     -0.67379;3.44358;3
 37.36503;25.18500;     -0.67429;3.44355;3
 37.33177;25.18667;     -0.67475;3.44352;3
 37.29852;25.18833;     -0.67507;3.44349;3
 37.26528;25.19000;     -0.67513;3.44346;3
 37.23203;25.19167;     -0.67520;3.44343;3
 37.19882;25.19333;     -0.67530;3.44340;3
 37.16559;25.19500;     -0.67556;3.44337;3
 37.13234;25.19667;     -0.67582;3.44334;3
 37.09910;25.19833;     -0.67606;3.44331;3
 37.06585;25.20000;     -0.67627;3.44328;3
 37.03259;25.20167;     -0.67647;3.44325;3
 36.99933;25.20333;     -0.67667;3.44322;3
 36.96611;25.20500;     -0.67687;3.44319;3
 36.93287;25.20667;     -0.67690;3.44316;3
 36.89964;25.20833;     -0.67665;3.44313;3
 36.86638;25.21000;     -0.67633;3.44310;3
 36.83311;25.21167;     -0.67613;3.44307;3
 36.79985;25.21333;     -0.67621;3.44304;3
 36.76659;25.21500;     -0.67630;3.44301;3
 36.73333;25.21667;     -0.67647;3.44297;3
 36.70005;25.21833;     -0.67680;3.44294;3
 36.66674;25.22000;     -0.67731;3.44291;3
 36.63343;25.22167;     -0.67767;3.44288;3
 36.60016;25.22333;     -0.67763;3.44285;3
 36.56692;25.22500;     -0.67767;3.44282;3
 36.53364;25.22667;     -0.67794;3.44279;3
 36.50038;25.22833;     -0.67850;3.44276;3
 36.46711;25.23000;     -0.67887;3.44273;3
 36.43384;25.23167;     -0.67912;3.44270;3
 36.40056;25.23333;     -0.67931;3.44267;3
 36.36730;25.23500;     -0.67949;3.44264;3
 36.33405;25.23667;     -0.67967;3.44261;3
 36.30077;25.23833;     -0.68011;3.44258;3
 36.26751;25.24000;     -0.68067;3.44255;3
 36.23425;25.24167;     -0.68105;3.44252;3
 36.20098;25.24333;     -0.68095;3.44249;3
 36.16771;25.24500;     -0.68063;3.44246;3
 36.13446;25.24667;     -0.68056;3.44242;3
 36.10118;25.24833;     -0.68084;3.44239;3
 36.06790;25.25000;     -0.68112;3.44236;3
 36.03464;25.25167;     -0.68123;3.44233;3
 36.00139;25.25333;     -0.68114;3.44230;3
 35.96811;25.25500;     -0.68126;3.44227;3
 35.93485;25.25667;     -0.68142;3.44224;3
 35.90159;25.25833;     -0.68157;3.44221;3
 35.86834;25.26000;     -0.68144;3.44218;3
 35.83510;25.26167;     -0.68130;3.44215;3
 35.80185;25.26333;     -0.68115;3.44212;3
 35.76866;25.26500;     -0.68109;3.44209;3
 35.73546;25.26667;     -0.68101;3.44206;3
 35.70225;25.26833;     -0.68090;3.44203;3
 35.66903;25.27000;     -0.68090;3.44200;3
 35.63582;25.27167;     -0.68077;3.44197;3
 35.60259;25.27333;     -0.68061;3.44194;3
 35.56936;25.27500;     -0.68032;3.44190;3
 35.53613;25.27667;     -0.68010;3.44187;3
 35.50290;25.27833;     -0.67990;3.44184;3
 35.46969;25.28000;     -0.67969;3.44181;3
 35.43648;25.28167;     -0.67947;3.44178;3
 35.40323;25.28333;     -0.67920;3.44175;3
 35.37000;25.28500;     -0.67897;3.44172;3
 35.33680;25.28667;     -0.67886;3.44169;3
 35.30359;25.28833;     -0.67868;3.44166;3
 35.27038;25.29000;     -0.67846;3.44163;3
 35.23716;25.29167;     -0.67791;3.44160;3
 35.20395;25.29333;     -0.67742;3.44157;3
 35.17071;25.29500;     -0.67687;3.44154;3
 35.13751;25.29667;     -0.67647;3.44151;3
 35.10433;25.29833;     -0.67605;3.44148;3
 35.07115;25.30000;     -0.67564;3.44144;3
 35.03800;25.30167;     -0.67522;3.44141;3
 35.00487;25.30333;     -0.67492;3.44138;3
 34.97169;25.30500;     -0.67443;3.44135;3
 34.93849;25.30667;     -0.67403;3.44132;3
 34.90533;25.30833;     -0.67353;3.44129;3
 34.87215;25.31000;     -0.67337;3.44126;3
 34.83897;25.31167;     -0.67315;3.44123;3
 34.80577;25.31333;     -0.67289;3.44120;3
 34.77261;25.31500;     -0.67258;3.44117;3
 34.73944;25.31667;     -0.67234;3.44114;3
 34.70626;25.31833;     -0.67219;3.44111;3
 34.67311;25.32000;     -0.67147;3.44108;3
 34.64000;25.32167;     -0.67060;3.44105;3
 34.60687;25.32333;     -0.66943;3.44102;3
 34.57370;25.32500;     -0.66875;3.44099;3
 34.54054;25.32667;     -0.66805;3.44095;3
 34.50738;25.32833;     -0.66757;3.44092;3
 34.47418;25.33000;     -0.66706;3.44089;3
 34.44102;25.33167;     -0.66656;3.44086;3
 34.40787;25.33333;     -0.66606;3.44083;3
 34.37472;25.33500;     -0.66557;3.44080;3
 34.34157;25.33667;     -0.66509;3.44077;3
 34.30841;25.33833;     -0.66481;3.44074;3
 34.27525;25.34000;     -0.66461;3.44071;3
 34.24205;25.34167;     -0.66456;3.44068;3
 34.20887;25.34333;     -0.66432;3.44065;3
 34.17572;25.34500;     -0.66399;3.44062;3
 34.14257;25.34667;     -0.66345;3.44059;3
 34.10938;25.34833;     -0.66284;3.44055;3
 34.07620;25.35000;     -0.66234;3.44052;3
 34.04302;25.35167;     -0.66187;3.44049;3
 34.00982;25.35333;     -0.66124;3.44046;3
 33.97661;25.35500;     -0.66054;3.44043;3
 33.94344;25.35667;     -0.66008;3.44040;3
 33.91025;25.35833;     -0.65991;3.44037;3
 33.87705;25.36000;     -0.65985;3.44034;3
 33.84389;25.36167;     -0.65967;3.44031;3
 33.81069;25.36333;     -0.65954;3.44028;3
 33.77751;25.36500;     -0.65945;3.44025;3
 33.74431;25.36667;     -0.65940;3.44022;3
 33.71113;25.36833;     -0.65938;3.44019;3
 33.67795;25.37000;     -0.65929;3.44015;3
 33.64474;25.37167;     -0.65906;3.44012;3
 33.61151;25.37333;     -0.65876;3.44009;3
 33.57830;25.37500;     -0.65864;3.44006;3
 33.54508;25.37667;     -0.65880;3.44003;3
 33.51187;25.37833;     -0.65912;3.44000;3
 33.47864;25.38000;     -0.65943;3.43997;3
 33.44541;25.38167;     -0.65961;3.43994;3
 33.41220;25.38333;     -0.65986;3.43991;3
 33.37900;25.38500;     -0.66007;3.43988;3
 33.34580;25.38667;     -0.66060;3.43985;3
 33.31257;25.38833;     -0.66106;3.43982;3
 33.27936;25.39000;     -0.66181;3.43978;3
 33.24615;25.39167;     -0.66228;3.43975;3
 33.21292;25.39333;     -0.66278;3.43972;3
 33.17972;25.39500;     -0.66311;3.43969;3
 33.14652;25.39667;     -0.66357;3.43966;3
 33.11331;25.39833;     -0.66422;3.43963;3
 33.08010;25.40000;     -0.66488;3.43960;3
 33.04690;25.40167;     -0.66550;3.43957;3
 33.01369;25.40333;     -0.66621;3.43954;3
 32.98044;25.40500;     -0.66703;3.43951;3
 32.94725;25.40667;     -0.66780;3.43948;3
 32.91400;25.40833;     -0.66835;3.43944;3
 32.88074;25.41000;     -0.66863;3.43941;3
 32.84748;25.41167;     -0.66891;3.43938;3
 32.81423;25.41333;     -0.66923;3.43935;3
 32.78102;25.41500;     -0.66976;3.43932;3
 32.74777;25.41667;     -0.67041;3.43929;3
 32.71451;25.41833;     -0.67086;3.43926;3
 32.68128;25.42000;     -0.67138;3.43923;3
 32.64805;25.42167;     -0.67162;3.43920;3
 32.61482;25.42333;     -0.67189;3.43917;3
 32.58161;25.42500;     -0.67197;3.43914;3
 32.54839;25.42667;     -0.67216;3.43910;3
 32.51518;25.42833;     -0.67239;3.43907;3
 32.48198;25.43000;     -0.67260;3.43904;3
 32.44882;25.43167;     -0.67277;3.43901;3
 32.41562;25.43333;     -0.67292;3.43898;3
 32.38241;25.43500;     -0.67297;3.43895;3
 32.34921;25.43667;     -0.67289;3.43892;3
 32.31602;25.43833;     -0.67293;3.43889;3
 32.28282;25.44000;     -0.67290;3.43886;3
 32.24964;25.44167;     -0.67293;3.43883;3
 32.21648;25.44333;     -0.67291;3.43879;3
 32.18328;25.44500;     -0.67324;3.43876;3
 32.15005;25.44667;     -0.67373;3.43873;3
 32.11682;25.44833;     -0.67409;3.43870;3
 32.08362;25.45000;     -0.67403;3.43867;3
 32.05043;25.45167;     -0.67331;3.43864;3
 32.01720;25.45333;     -0.67238;3.43861;3
 31.98400;25.45500;     -0.67128;3.43858;3
 31.95080;25.45667;     -0.67074;3.43855;3
 31.91761;25.45833;     -0.67035;3.43851;3
 31.88443;25.46000;     -0.67016;3.43848;3
 31.85126;25.46167;     -0.66979;3.43845;3
 31.81808;25.46333;     -0.66937;3.43842;3
 31.78493;25.46500;     -0.66891;3.43839;3
 31.75177;25.46667;     -0.66844;3.43836;3
 31.71862;25.46833;     -0.66824;3.43833;3
 31.68543;25.47000;     -0.66806;3.43830;3
 31.65225;25.47167;     -0.66796;3.43827;3
 31.61911;25.47333;     -0.66746;3.43824;3
 31.58598;25.47500;     -0.66690;3.43820;3
 31.55285;25.47667;     -0.66609;3.43817;3
 31.51971;25.47833;     -0.66523;3.43814;3
 31.48654;25.48000;     -0.66442;3.43811;3
 31.45341;25.48167;     -0.66378;3.43808;3
 31.42028;25.48333;     -0.66325;3.43805;3
 31.38715;25.48500;     -0.66265;3.43802;3
 31.35400;25.48667;     -0.66181;3.43799;3
 31.32084;25.48833;     -0.66111;3.43796;3
 31.28769;25.49000;     -0.66066;3.43793;3
 31.25452;25.49167;     -0.66046;3.43789;3
 31.22139;25.49333;     -0.66011;3.43786;3
 31.18830;25.49500;     -0.65958;3.43783;3
 31.15518;25.49667;     -0.65906;3.43780;3
 31.12210;25.49833;     -0.65858;3.43777;3
 31.08900;25.50000;     -0.65813;3.43774;3
 31.05589;25.50167;     -0.65792;3.43771;3
 31.02275;25.50333;     -0.65779;3.43768;3
 30.98964;25.50500;     -0.65753;3.43765;3
 30.95654;25.50667;     -0.65705;3.43761;3
 30.92341;25.50833;     -0.65635;3.43758;3
 30.89030;25.51000;     -0.65576;3.43755;3
 30.85721;25.51167;     -0.65534;3.43752;3
 30.82413;25.51333;     -0.65518;3.43749;3
 30.79103;25.51500;     -0.65505;3.43746;3
 30.75790;25.51667;     -0.65467;3.43743;3
 30.72479;25.51833;     -0.65395;3.43740;3
 30.69169;25.52000;     -0.65307;3.43737;3
 30.65856;25.52167;     -0.65260;3.43733;3
 30.62544;25.52333;     -0.65223;3.43730;3
 30.59233;25.52500;     -0.65204;3.43727;3
 30.55920;25.52667;     -0.65157;3.43724;3
 30.52608;25.52833;     -0.65124;3.43721;3
 30.49295;25.53000;     -0.65090;3.43718;3
 30.45982;25.53167;     -0.65055;3.43715;3
 30.42667;25.53333;     -0.65019;3.43712;3
 30.39354;25.53500;     -0.64983;3.43709;3
 30.36044;25.53667;     -0.64959;3.43705;3
 30.32733;25.53833;     -0.64938;3.43702;3
 30.29420;25.54000;     -0.64934;3.43699;3
 30.26105;25.54167;     -0.64926;3.43696;3
 30.22790;25.54333;     -0.64921;3.43693;3
 30.19477;25.54500;     -0.64898;3.43690;3
 30.16166;25.54667;     -0.64841;3.43687;3
 30.12852;25.54833;     -0.64766;3.43684;3
 30.09541;25.55000;     -0.64700;3.43681;3
 30.06230;25.55167;     -0.64661;3.43677;3
 30.02918;25.55333;     -0.64623;3.43674;3
 29.99610;25.55500;     -0.64579;3.43671;3
 29.96298;25.55667;     -0.64535;3.43668;3
 29.92989;25.55833;     -0.64505;3.43665;3
 29.89677;25.56000;     -0.64474;3.43662;3
 29.86369;25.56167;     -0.64444;3.43659;3
 29.83057;25.56333;     -0.64415;3.43656;3
 29.79748;25.56500;     -0.64387;3.43652;3
 29.76438;25.56667;     -0.64358;3.43649;3
 29.73130;25.56833;     -0.64331;3.43646;3
 29.69820;25.57000;     -0.64311;3.43643;3
 29.66510;25.57167;     -0.64276;3.43640;3
 29.63198;25.57333;     -0.64237;3.43637;3
 29.59885;25.57500;     -0.64182;3.43634;3
 29.56572;25.57667;     -0.64150;3.43631;3
 29.53257;25.57833;     -0.64141;3.43627;3
 29.49944;25.58000;     -0.64146;3.43624;3
 29.46633;25.58167;     -0.64145;3.43621;3
 29.43316;25.58333;     -0.64128;3.43618;3
 29.40000;25.58500;     -0.64104;3.43615;3
 29.36684;25.58667;     -0.64074;3.43612;3
 29.33369;25.58833;     -0.64041;3.43609;3
 29.30054;25.59000;     -0.64012;3.43605;3
 29.26741;25.59167;     -0.63990;3.43602;3
 29.23430;25.59333;     -0.63969;3.43599;3
 29.20116;25.59500;     -0.63948;3.43596;3
 29.16803;25.59667;     -0.63926;3.43593;3
 29.13490;25.59833;     -0.63904;3.43590;3
 29.10174;25.60000;     -0.63883;3.43587;3
 29.06861;25.60167;     -0.63858;3.43584;3
 29.03548;25.60333;     -0.63852;3.43580;3
 29.00234;25.60500;     -0.63843;3.43577;3
 28.96920;25.60667;     -0.63845;3.43574;3
 28.93607;25.60833;     -0.63828;3.43571;3
 28.90293;25.61000;     -0.63806;3.43568;3
 28.86980;25.61167;     -0.63776;3.43565;3
 28.83666;25.61333;     -0.63752;3.43562;3
 28.80351;25.61500;     -0.63743;3.43558;3
 28.77036;25.61667;     -0.63731;3.43555;3
 28.73720;25.61833;     -0.63698;3.43552;3
 28.70403;25.62000;     -0.63621;3.43549;3
 28.67085;25.62167;     -0.63538;3.43546;3
 28.63774;25.62333;     -0.63466;3.43543;3
 28.60461;25.62500;     -0.63426;3.43540;3
 28.57146;25.62667;     -0.63392;3.43536;3
 28.53833;25.62833;     -0.63358;3.43533;3
 28.50521;25.63000;     -0.63324;3.43530;3
 28.47211;25.63167;     -0.63291;3.43527;3
 28.43902;25.63333;     -0.63279;3.43524;3
 28.40593;25.63500;     -0.63256;3.43521;3
 28.37284;25.63667;     -0.63210;3.43518;3
 28.33972;25.63833;     -0.63125;3.43514;3
 28.30661;25.64000;     -0.63051;3.43511;3
 28.27348;25.64167;     -0.63015;3.43508;3
 28.24036;25.64333;     -0.63017;3.43505;3
 28.20723;25.64500;     -0.63019;3.43502;3
 28.17407;25.64667;     -0.62997;3.43499;3
 28.14092;25.64833;     -0.62958;3.43496;3
 28.10779;25.65000;     -0.62915;3.43492;3
 28.07466;25.65167;     -0.62909;3.43489;3
 28.04152;25.65333;     -0.62907;3.43486;3
 28.00838;25.65500;     -0.62912;3.43483;3
 27.97523;25.65667;     -0.62894;3.43480;3
 27.94210;25.65833;     -0.62878;3.43477;3
 27.90895;25.66000;     -0.62865;3.43474;3
 27.87582;25.66167;     -0.62852;3.43470;3
 27.84267;25.66333;     -0.62840;3.43467;3
 27.80954;25.66500;     -0.62830;3.43464;3
 27.77638;25.66667;     -0.62832;3.43461;3
 27.74320;25.66833;     -0.62842;3.43458;3
 27.71003;25.67000;     -0.62851;3.43455;3
 27.67689;25.67167;     -0.62850;3.43451;3
 27.64374;25.67333;     -0.62844;3.43448;3
 27.61059;25.67500;     -0.62841;3.43445;3
 27.57741;25.67667;     -0.62839;3.43442;3
 27.54425;25.67833;     -0.62838;3.43439;3
 27.51108;25.68000;     -0.62833;3.43436;3
 27.47787;25.68167;     -0.62832;3.43432;3
 27.44467;25.68333;     -0.62817;3.43429;3
 27.41152;25.68500;     -0.62822;3.43426;3
 27.37838;25.68667;     -0.62828;3.43423;3
 27.34525;25.68833;     -0.62850;3.43420;3
 27.31211;25.69000;     -0.62857;3.43417;3
 27.27897;25.69167;     -0.62862;3.43414;3
 27.24582;25.69333;     -0.62867;3.43410;3
 27.21269;25.69500;     -0.62870;3.43407;3
 27.17956;25.69667;     -0.62874;3.43404;3
 27.14641;25.69833;     -0.62877;3.43401;3
 27.11326;25.70000;     -0.62863;3.43398;3
 27.08015;25.70167;     -0.62861;3.43395;3
 27.04703;25.70333;     -0.62863;3.43391;3
 27.01390;25.70500;     -0.62886;3.43388;3
 26.98077;25.70667;     -0.62898;3.43385;3
 26.94764;25.70833;     -0.62907;3.43382;3
 26.91446;25.71000;     -0.62928;3.43379;3
 26.88131;25.71167;     -0.62961;3.43376;3
 26.84820;25.71333;     -0.62994;3.43372;3
 26.81502;25.71500;     -0.63006;3.43369;3
 26.78182;25.71667;     -0.62964;3.43366;3
 26.74864;25.71833;     -0.62928;3.43363;3
 26.71548;25.72000;     -0.62880;3.43360;3
 26.68233;25.72167;     -0.62865;3.43357;3
 26.64920;25.72333;     -0.62832;3.43353;3
 26.61603;25.72500;     -0.62813;3.43350;3
 26.58287;25.72667;     -0.62795;3.43347;3
 26.54972;25.72833;     -0.62785;3.43344;3
 26.51659;25.73000;     -0.62774;3.43341;3
 26.48343;25.73167;     -0.62764;3.43337;3
 26.45026;25.73333;     -0.62756;3.43334;3
 26.41713;25.73500;     -0.62746;3.43331;3
 26.38398;25.73667;     -0.62708;3.43328;3
 26.35084;25.73833;     -0.62667;3.43325;3
 26.31769;25.74000;     -0.62629;3.43322;3
 26.28452;25.74167;     -0.62614;3.43318;3
 26.25138;25.74333;     -0.62596;3.43315;3
 26.21823;25.74500;     -0.62584;3.43312;3
 26.18507;25.74667;     -0.62579;3.43309;3
 26.15195;25.74833;     -0.62576;3.43306;3
 26.11880;25.75000;     -0.62570;3.43303;3
 26.08564;25.75167;     -0.62582;3.43299;3
 26.05251;25.75333;     -0.62594;3.43296;3
 26.01936;25.75500;     -0.62602;3.43293;3
 25.98621;25.75667;     -0.62586;3.43290;3
 25.95307;25.75833;     -0.62570;3.43287;3
 25.91992;25.76000;     -0.62553;3.43283;3
 25.88680;25.76167;     -0.62536;3.43280;3
 25.85367;25.76333;     -0.62519;3.43277;3
 25.82054;25.76500;     -0.62501;3.43274;3
 25.78741;25.76667;     -0.62492;3.43271;3
 25.75430;25.76833;     -0.62498;3.43268;3
 25.72120;25.77000;     -0.62522;3.43264;3
 25.68810;25.77167;     -0.62549;3.43261;3
 25.65497;25.77333;     -0.62560;3.43258;3
 25.62182;25.77500;     -0.62550;3.43255;3
 25.58866;25.77667;     -0.62520;3.43252;3
 25.55554;25.77833;     -0.62486;3.43248;3
 25.52241;25.78000;     -0.62441;3.43245;3
 25.48928;25.78167;     -0.62398;3.43242;3
 25.45618;25.78333;     -0.62338;3.43239;3
 25.42307;25.78500;     -0.62266;3.43236;3
 25.38992;25.78667;     -0.62194;3.43233;3
 25.35679;25.78833;     -0.62136;3.43229;3
 25.32362;25.79000;     -0.62098;3.43226;3
 25.29048;25.79167;     -0.62059;3.43223;3
 25.25734;25.79333;     -0.62017;3.43220;3
 25.22421;25.79500;     -0.61975;3.43217;3
 25.19107;25.79667;     -0.61934;3.43213;3
 25.15792;25.79833;     -0.61891;3.43210;3
 25.12477;25.80000;     -0.61864;3.43207;3
 25.09161;25.80167;     -0.61836;3.43204;3
 25.05843;25.80333;     -0.61793;3.43201;3
 25.02521;25.80500;     -0.61718;3.43197;3
 24.99200;25.80667;     -0.61645;3.43194;3
 24.95880;25.80833;     -0.61594;3.43191;3
 24.92559;25.81000;     -0.61571;3.43188;3
 24.89239;25.81167;     -0.61562;3.43185;3
 24.85916;25.81333;     -0.61538;3.43181;3
 24.82592;25.81500;     -0.61501;3.43178;3
 24.79270;25.81667;     -0.61440;3.43175;3
 24.75951;25.81833;     -0.61409;3.43172;3
 24.72630;25.82000;     -0.61380;3.43169;3
 24.69310;25.82167;     -0.61368;3.43165;3
 24.65989;25.82333;     -0.61344;3.43162;3
 24.62670;25.82500;     -0.61330;3.43159;3
 24.59351;25.82667;     -0.61318;3.43156;3
 24.56030;25.82833;     -0.61305;3.43153;3
 24.52710;25.83000;     -0.61285;3.43149;3
 24.49387;25.83167;     -0.61225;3.43146;3
 24.46062;25.83333;     -0.61188;3.43143;3
 24.42739;25.83500;     -0.61180;3.43140;3
 24.39413;25.83667;     -0.61228;3.43136;3
 24.36087;25.83833;     -0.61273;3.43133;3
 24.32762;25.84000;     -0.61310;3.43130;3
 24.29438;25.84167;     -0.61356;3.43127;3
 24.26113;25.84333;     -0.61392;3.43124;3
 24.22787;25.84500;     -0.61421;3.43120;3
 24.19459;25.84667;     -0.61431;3.43117;3
 24.16134;25.84833;     -0.61446;3.43114;3
 24.12805;25.85000;     -0.61433;3.43111;3
 24.09477;25.85167;     -0.61455;3.43108;3
 24.06154;25.85333;     -0.61494;3.43104;3
 24.02826;25.85500;     -0.61579;3.43101;3
 23.99502;25.85667;     -0.61655;3.43098;3
 23.96175;25.85833;     -0.61720;3.43095;3
 23.92849;25.86000;     -0.61778;3.43091;3
 23.89525;25.86167;     -0.61830;3.43088;3
 23.86200;25.86333;     -0.61877;3.43085;3
 23.82875;25.86500;     -0.61922;3.43082;3
 23.79549;25.86667;     -0.61980;3.43078;3
 23.76223;25.86833;     -0.62064;3.43075;3
 23.72897;25.87000;     -0.62133;3.43072;3
 23.69569;25.87167;     -0.62176;3.43069;3
 23.66238;25.87333;     -0.62200;3.43066;3
 23.62908;25.87500;     -0.62242;3.43062;3
 23.59582;25.87667;     -0.62294;3.43059;3
 23.56257;25.87833;     -0.62343;3.43056;3
 23.52931;25.88000;     -0.62396;3.43053;3
 23.49602;25.88167;     -0.62472;3.43049;3
 23.46275;25.88333;     -0.62562;3.43046;3
 23.42949;25.88500;     -0.62639;3.43043;3
 23.39623;25.88667;     -0.62695;3.43040;3
 23.36297;25.88833;     -0.62739;3.43037;3
 23.32972;25.89000;     -0.62788;3.43033;3
 23.29649;25.89167;     -0.62836;3.43030;3
 23.26325;25.89333;     -0.62883;3.43027;3
 23.23003;25.89500;     -0.62932;3.43024;3
 23.19680;25.89667;     -0.62985;3.43020;3
 23.16357;25.89833;     -0.63027;3.43017;3
 23.13033;25.90000;     -0.63062;3.43014;3
 23.09710;25.90167;     -0.63070;3.43011;3
 23.06389;25.90333;     -0.63088;3.43007;3
 23.03066;25.90500;     -0.63112;3.43004;3
 22.99741;25.90667;     -0.63148;3.43001;3
 22.96420;25.90833;     -0.63179;3.42998;3
 22.93097;25.91000;     -0.63213;3.42994;3
 22.89775;25.91167;     -0.63266;3.42991;3
 22.86456;25.91333;     -0.63323;3.42988;3
 22.83134;25.91500;     -0.63359;3.42985;3
 22.79813;25.91667;     -0.63382;3.42982;3
 22.76495;25.91833;     -0.63388;3.42978;3
 22.73177;25.92000;     -0.63404;3.42975;3
 22.69859;25.92167;     -0.63405;3.42972;3
 22.66541;25.92333;     -0.63402;3.42969;3
 22.63223;25.92500;     -0.63390;3.42965;3
 22.59902;25.92667;     -0.63376;3.42962;3
 22.56582;25.92833;     -0.63316;3.42959;3
 22.53264;25.93000;     -0.63240;3.42956;3
 22.49944;25.93167;     -0.63169;3.42952;3
 22.46625;25.93333;     -0.63163;3.42949;3
 22.43308;25.93500;     -0.63190;3.42946;3
 22.39990;25.93667;     -0.63228;3.42943;3
 22.36674;25.93833;     -0.63253;3.42939;3
 22.33354;25.94000;     -0.63265;3.42936;3
 22.30034;25.94167;     -0.63258;3.42933;3
 22.26715;25.94333;     -0.63225;3.42930;3
 22.23397;25.94500;     -0.63144;3.42926;3
 22.20081;25.94667;     -0.63023;3.42923;3
 22.16768;25.94833;     -0.62897;3.42920;3
 22.13455;25.95000;     -0.62776;3.42917;3
 22.10140;25.95167;     -0.62669;3.42913;3
 22.06829;25.95333;     -0.62565;3.42910;3
 22.03512;25.95500;     -0.62497;3.42907;3
 22.00194;25.95667;     -0.62470;3.42904;3
 21.96876;25.95833;     -0.62478;3.42901;3
 21.93558;25.96000;     -0.62509;3.42897;3
 21.90241;25.96167;     -0.62561;3.42894;3
 21.86923;25.96333;     -0.62625;3.42891;3
 21.83611;25.96500;     -0.62657;3.42888;3
 21.80300;25.96667;     -0.62624;3.42884;3
 21.76991;25.96833;     -0.62535;3.42881;3
 21.73677;25.97000;     -0.62430;3.42878;3
 21.70359;25.97167;     -0.62338;3.42875;3
 21.67041;25.97333;     -0.62258;3.42871;3
 21.63712;25.97500;     -0.62199;3.42868;3
 21.60396;25.97667;     -0.62178;3.42865;3
 21.57076;25.97833;     -0.62217;3.42861;3
 21.53753;25.98000;     -0.62299;3.42858;3
 21.50447;25.98167;     -0.62401;3.42855;3
 21.47127;25.98333;     -0.62513;3.42852;3
 21.43815;25.98500;     -0.62629;3.42849;3
 21.40500;25.98667;     -0.62733;3.42845;3
 21.37178;25.98833;     -0.62786;3.42842;3
 21.33857;25.99000;     -0.62776;3.42839;3
 21.30540;25.99167;     -0.62730;3.42835;3
 21.27200;25.99333;     -0.62675;3.42832;3
 21.23900;25.99500;     -0.62629;3.42829;3
 20.84000;26.01500;     -0.62332;3.42790;4
 20.44900;26.03500;     -0.62048;3.42751;4
 20.10100;26.05500;     -0.61561;3.42717;4
 19.81814;26.07500;     -0.60073;3.42689;4
 19.59700;26.09500;     -0.57079;3.42667;4
 19.42573;26.11500;     -0.53628;3.42650;4
 19.29377;26.13500;     -0.49695;3.42637;4
 19.19293;26.15500;     -0.45483;3.42627;4
 19.11718;26.17500;     -0.41069;3.42619;4
 18.98400;26.19500;     -0.36857;3.42606;4
 18.87541;26.21500;     -0.32291;3.42595;4
 18.79071;26.23500;     -0.27736;3.42587;4
 18.72794;26.25500;     -0.23333;3.42581;4
 18.68376;26.27500;     -0.19145;3.42576;4
 18.65535;26.29500;     -0.15742;3.42573;4
 18.63994;26.31500;     -0.12161;3.42572;4
 18.63482;26.33500;-8.706287e-02;3.42571;4
 18.63871;26.35500;-5.251695e-02;3.42572;4
 18.64959;26.37500;-2.657680e-02;3.42573;4
 18.66659;26.39500;-9.114800e-03;3.42574;4
 18.68853;26.41500; 5.184463e-03;3.42577;4
 18.71424;26.43500; 1.479942e-02;3.42579;4
 18.74347;26.45500; 2.530041e-02;3.42582;4
 18.77524;26.47500; 3.732095e-02;3.42585;4
 18.80894;26.49500; 4.782150e-02;3.42589;4
 18.84447;26.51500; 5.920842e-02;3.42592;4
 18.88077;26.53500; 6.680008e-02;3.42596;4
 18.91829;26.55500; 7.552988e-02;3.42600;4
 18.95635;26.57500; 8.375332e-02;3.42603;4
 18.99459;26.59500; 9.374753e-02;3.42607;4
 19.03329;26.61500;      0.10488;3.42611;4
 19.07159;26.63500;      0.11121;3.42615;4
 19.11006;26.65500;      0.11336;3.42619;4
 19.14824;26.67500;      0.11260;3.42622;4
 19.18582;26.69500;      0.10690;3.42626;4
 19.22300;26.71500;      0.10741;3.42630;4
 19.25906;26.73500;      0.10842;3.42633;4
 19.29447;26.75500;      0.11246;3.42637;4
 19.32876;26.77500;      0.11816;3.42640;4
 19.36188;26.79500;      0.12600;3.42644;4
 19.39412;26.81500;      0.13524;3.42647;4
 19.42465;26.83500;      0.14270;3.42650;4
 19.45412;26.85500;      0.14561;3.42653;4
 19.48229;26.87500;      0.14220;3.42656;4
 19.50900;26.89500;      0.13764;3.42658;4
 19.53476;26.91500;      0.12233;3.42661;4
 19.55906;26.93500;      0.10842;3.42663;4
 19.58235;26.95500; 9.614548e-02;3.42665;4
 19.60453;26.97500; 8.893457e-02;3.42668;4
 19.62500;26.99500; 8.070955e-02;3.42670;4
 19.64447;27.01500; 7.147441e-02;3.42672;4
 19.66224;27.03500; 6.236456e-02;3.42673;4
 19.67912;27.05500; 6.021461e-02;3.42675;4
 19.69506;27.07500; 6.122590e-02;3.42677;4
 19.70959;27.09500; 6.147910e-02;3.42678;4
 19.72335;27.11500; 5.869675e-02;3.42679;4
 19.73571;27.13500; 5.325710e-02;3.42681;4
 19.74706;27.15500; 4.642510e-02;3.42682;4
 19.75788;27.17500; 4.452611e-02;3.42683;4
 19.76747;27.19500; 3.933955e-02;3.42684;4
 19.77676;27.21500; 4.212239e-02;3.42685;4
 19.78512;27.23500; 4.313609e-02;3.42686;4
 19.79276;27.25500; 4.629886e-02;3.42686;4
 19.80012;27.27500; 4.389443e-02;3.42687;4
 19.80653;27.29500; 3.440753e-02;3.42688;4
 19.81265;27.31500; 2.087013e-02;3.42688;4
 19.81800;27.33500; 1.062390e-02;3.42689;4
 19.82288;27.35500; 5.437095e-03;3.42689;4
 19.82765;27.37500; 5.689625e-03;3.42690;4
 19.83147;27.39500; 6.955021e-03;3.42690;4
 19.83500;27.41500; 1.441781e-02;3.42690;4
 19.83812;27.43500; 2.428624e-02;3.42691;4
 19.84106;27.45500; 3.149735e-02;3.42691;4
 19.84406;27.47500; 3.668408e-02;3.42691;4
 19.84641;27.49500; 3.225628e-02;3.42692;4
 19.84876;27.51500; 2.706951e-02;3.42692;4
 19.85077;27.53500; 2.302255e-02;3.42692;4
 19.85224;27.55500; 1.517940e-02;3.42692;4
 19.85359;27.57500; 1.226866e-02;3.42692;4
 19.85424;27.59500; 1.467342e-02;3.42692;4
 19.85459;27.61500; 1.264904e-02;3.42692;4
 19.85429;27.63500; 1.138454e-02;3.42692;4
 19.85353;27.65500; 3.540968e-03;3.42692;4
 19.85288;27.67500; 5.041910e-04;3.42692;4
 19.85159;27.69500;-4.301728e-03;3.42692;4
 19.85035;27.71500;-6.200489e-03;3.42692;4
 19.84900;27.73500;-1.772275e-03;3.42692;4
 19.84747;27.75500;-1.273895e-04;3.42692;4
 19.84612;27.77500;-1.900116e-03;3.42692;4
 19.84424;27.79500;-1.088218e-02;3.42691;4
 19.84235;27.81500;-1.859840e-02;3.42691;4
 19.84059;27.83500;-1.784078e-02;3.42691;4
 19.83841;27.85500;-1.214804e-02;3.42691;4
 19.83659;27.87500;-4.177935e-03;3.42691;4
 19.83441;27.89500; 4.677652e-03;3.42690;4
 19.83229;27.91500; 1.125678e-02;3.42690;4
 19.83041;27.93500; 1.252308e-02;3.42690;4
 19.82824;27.95500; 7.841402e-03;3.42690;4
 19.82671;27.97500; 9.992730e-03;3.42690;4
 19.82488;27.99500; 1.226966e-02;3.42689;4
 19.82324;28.01500; 5.944418e-03;3.42689;4
 19.82165;28.03500; 1.264516e-03;3.42689;4
 19.81941;28.05500;-8.603534e-03;3.42689;4
 19.81759;28.07500;-5.188588e-03;3.42689;4
 19.81518;28.09500; 6.320343e-04;3.42689;4
 19.81271;28.11500; 1.024621e-02;3.42688;4
 19.81053;28.13500; 1.669844e-02;3.42688;4
 19.80788;28.15500; 1.606686e-02;3.42688;4
 19.80571;28.17500; 1.138694e-02;3.42688;4
 19.80341;28.19500; 6.200134e-03;3.42687;4
 19.80106;28.21500; 1.265415e-03;3.42687;4
 19.79912;28.23500;-3.540571e-03;3.42687;4
 19.79676;28.25500;-1.328219e-02;3.42687;4
 19.79471;28.27500;-1.505360e-02;3.42687;4
 19.79247;28.29500;-1.176379e-02;3.42686;4
 19.78982;28.31500;-1.075271e-02;3.42686;4
 19.78747;28.33500;-4.047464e-03;3.42686;4
 19.78476;28.35500; 1.266765e-03;3.42686;4
 19.78241;28.37500; 4.555254e-03;3.42685;4
 19.78029;28.39500; 4.556156e-03;3.42685;4
 19.77788;28.41500; 1.519761e-03;3.42685;4
 19.77624;28.43500; 3.165126e-03;3.42685;4
 19.77424;28.45500; 5.082296e-04;3.42684;4
 19.77247;28.47500;-4.678185e-03;3.42684;4
 19.77076;28.49500;-8.220129e-03;3.42684;4
 19.76865;28.51500;-1.037060e-02;3.42684;4
 19.76688;28.53500;-6.070566e-03;3.42684;4
 19.76471;28.55500;-1.642687e-03;3.42684;4
 19.76265;28.57500;-8.845932e-04;3.42683;4
 19.76071;28.59500;-3.539719e-03;3.42683;4
 19.75841;28.61500;-6.449179e-03;3.42683;4
 19.75665;28.63500;-3.285827e-03;3.42683;4
 19.75465;28.65500;-5.042028e-04;3.42683;4
 19.75282;28.67500;-7.461628e-03;3.42682;4
 19.75106;28.69500;-1.442040e-02;3.42682;4
 19.74888;28.71500;-1.985986e-02;3.42682;4
 19.74706;28.73500;-1.517941e-02;3.42682;4
 19.74494;28.75500;-1.378838e-02;3.42682;4
 19.74265;28.77500;-2.024074e-02;3.42681;4
 19.74047;28.79500;-2.087324e-02;3.42681;4
 19.73782;28.81500;-1.682573e-02;3.42681;4
 19.73541;28.83500;-1.695180e-02;3.42681;4
 19.73271;28.85500;-1.442227e-02;3.42680;4
 19.73006;28.87500;-1.138629e-02;3.42680;4
 19.72765;28.89500;-5.314323e-03;3.42680;4
 19.72494;28.91500;-5.188276e-03;3.42680;4
 19.72259;28.93500;-1.227182e-02;3.42679;4
 19.72029;28.95500;-2.125510e-02;3.42679;4
 19.71782;28.97500;-2.960501e-02;3.42679;4
 19.71582;28.99500;-3.188381e-02;3.42679;4
 19.71341;29.01500;-3.061884e-02;3.42678;4
 19.71141;29.03500;-2.252150e-02;3.42678;4
 19.70953;29.05500;-9.744545e-03;3.42678;4
 19.70747;29.07500;-1.141190e-03;3.42678;4
 19.70588;29.09500; 5.943723e-03;3.42678;4
 19.70394;29.11500; 9.614031e-03;3.42678;4
 19.70224;29.13500; 1.024564e-02;3.42677;4
 19.70053;29.15500; 1.315606e-02;3.42677;4
 19.69876;29.17500; 1.011960e-02;3.42677;4
 19.69724;29.19500; 8.981544e-03;3.42677;4
 19.69512;29.21500; 4.301473e-03;3.42677;4
 19.69324;29.23500; 2.403964e-03;3.42676;4
 19.69118;29.25500; 6.578938e-03;3.42676;4
 19.68894;29.27500;-6.316102e-04;3.42676;4
 19.68706;29.29500;-5.946441e-03;3.42676;4
 19.68488;29.31500;-1.176460e-02;3.42676;4
 19.68282;29.33500;-2.049498e-02;3.42675;4
 19.68112;29.35500;-2.947882e-02;3.42675;4
 19.67894;29.37500;-3.846222e-02;3.42675;4
 19.67735;29.39500;-4.289024e-02;3.42675;4
 19.67529;29.41500;-4.112013e-02;3.42675;4
 19.67324;29.43500;-3.555365e-02;3.42674;4
 19.67141;29.45500;-2.682371e-02;3.42674;4
 19.66941;29.47500;-1.961358e-02;3.42674;4
 19.66800;29.49500;-1.012596e-02;3.42674;4
 19.66653;29.51500;-6.836020e-03;3.42674;4
 19.66529;29.53500;-1.050547e-02;3.42674;4
 19.66459;29.55500;-1.455309e-02;3.42674;4
 19.66365;29.57500;-2.125948e-02;3.42674;4
 19.66312;29.59500;-2.239800e-02;3.42673;4
 19.66253;29.61500;-1.796999e-02;3.42673;4
 19.66159;29.63500;-1.430189e-02;3.42673;4
 19.66112;29.65500;-1.012688e-02;3.42673;4
 19.66012;29.67500;-8.482797e-03;3.42673;4
 19.65941;29.69500;-1.341119e-04;3.42673;4
 19.65882;29.71500; 5.180762e-03;3.42673;4
 19.65788;29.73500; 8.724165e-03;3.42673;4
 19.65747;29.75500; 1.201367e-02;3.42673;4
 19.65676;29.77500; 1.163551e-02;3.42673;4
 19.65641;29.79500; 8.598121e-03;3.42673;4
 19.65600;29.81500; 4.045829e-03;3.42673;4
 19.65529;29.83500;-4.052995e-03;3.42673;4
 19.65476;29.85500;-1.037766e-02;3.42673;4
 19.65418;29.87500;-1.227519e-02;3.42673;4
 19.65371;29.89500;-1.240214e-02;3.42673;4
 19.65329;29.91500;-6.583492e-03;3.42672;4
 19.65282;29.93500; 6.280342e-04;3.42672;4
 19.65265;29.95500; 1.100346e-02;3.42672;4
 19.65235;29.97500; 1.543104e-02;3.42672;4
 19.65200;29.99500; 1.568494e-02;3.42672;4
 19.65200;30.01500; 1.834060e-02;3.42672;4
 19.65147;30.03500; 1.695176e-02;3.42672;4
 19.65118;30.05500; 1.910230e-02;3.42672;4
 19.65059;30.07500; 1.948181e-02;3.42672;4
 19.65006;30.09500; 1.809028e-02;3.42672;4
 19.64971;30.11500; 2.138025e-02;3.42672;4
 19.64882;30.13500; 1.986357e-02;3.42672;4
 19.64841;30.15500; 1.606760e-02;3.42672;4
 19.64771;30.17500; 1.202132e-02;3.42672;4
 19.64718;30.19500; 6.833820e-03;3.42672;4
 19.64671;30.21500; 1.773273e-03;3.42672;4
 19.64582;30.23500;-3.919786e-03;3.42672;4
 19.64506;30.25500;-6.829347e-03;3.42672;4
 19.64406;30.27500;-1.024626e-02;3.42672;4
 19.64288;30.29500;-1.783777e-02;3.42671;4
 19.64182;30.31500;-1.277677e-02;3.42671;4
 19.64047;30.33500;-7.969672e-03;3.42671;4
 19.63935;30.35500; 1.273971e-04;3.42671;4
 19.63841;30.37500; 4.303333e-03;3.42671;4
 19.63735;30.39500;-2.512168e-04;3.42671;4
 19.63676;30.41500;-2.022706e-03;3.42671;4
 19.63582;30.43500;-7.083268e-03;3.42671;4
 19.63494;30.45500;-9.614225e-03;3.42671;4
 19.63418;30.47500;-1.328326e-02;3.42671;4
 19.63300;30.49500;-1.429528e-02;3.42670;4
 19.63224;30.51500;-1.100621e-02;3.42670;4
 19.63100;30.53500;-1.037325e-02;3.42670;4
 19.62994;30.55500;-6.451657e-03;3.42670;4
 19.62906;30.57500;-7.585739e-04;3.42670;4
 19.62806;30.59500;-1.770150e-03;3.42670;4
 19.62747;30.61500;-5.060576e-03;3.42670;4
 19.62665;30.63500;-1.125834e-02;3.42670;4
 19.62612;30.65500;-1.910378e-02;3.42670;4
 19.62571;30.67500;-2.011626e-02;3.42670;4
 19.62506;30.69500;-1.745969e-02;3.42670;4
 19.62453;30.71500;-8.604016e-03;3.42670;4
 19.62382;30.73500;-5.693993e-03;3.42670;4
 19.62306;30.75500;-2.278854e-03;3.42670;4
 19.62253;30.77500; 6.316223e-04;3.42669;4
 19.62188;30.79500;-2.024953e-03;3.42669;4
 19.62159;30.81500; 1.769258e-03;3.42669;4
 19.62118;30.83500; 1.010238e-03;3.42669;4
 19.62082;30.85500;-6.706030e-03;3.42669;4
 19.62082;30.87500;-8.351913e-03;3.42669;4
 19.62041;30.89500;-1.189356e-02;3.42669;4
 19.62018;30.91500;-1.012162e-02;3.42669;4
 19.61988;30.93500;-5.947011e-03;3.42669;4
 19.61947;30.95500;-4.302462e-03;3.42669;4
 19.61924;30.97500; 1.390644e-03;3.42669;4
 19.61847;30.99500; 3.920264e-03;3.42669;4
 19.61794;31.01500; 6.452129e-03;3.42669;4
 19.61706;31.03500; 8.729194e-03;3.42669;4
 19.61624;31.05500; 5.313600e-03;3.42669;4
 19.61565;31.07500; 6.324735e-03;3.42669;4
 19.61482;31.09500; 7.717621e-03;3.42669;4
 19.61424;31.11500; 4.428522e-03;3.42669;4
 19.61359;31.13500;-2.656577e-03;3.42669;4
 19.61276;31.15500;-1.315728e-02;3.42669;4
 19.61241;31.17500;-1.796532e-02;3.42668;4
 19.61159;31.19500;-2.593686e-02;3.42668;4
 19.61094;31.21500;-2.555690e-02;3.42668;4
 19.61035;31.23500;-1.999074e-02;3.42668;4
 19.60947;31.25500;-1.581567e-02;3.42668;4
 19.60876;31.27500;-9.111415e-03;3.42668;4
 19.60759;31.29500;-7.087351e-03;3.42668;4
 19.60665;31.31500;-1.646345e-03;3.42668;4
 19.60606;31.33500;-1.273984e-04;3.42668;4
 19.60524;31.35500;-2.911380e-03;3.42668;4
 19.60506;31.37500; 3.034307e-03;3.42668;4
 19.60471;31.39500; 5.944349e-03;3.42668;4
 19.60465;31.41500; 7.462842e-03;3.42668;4
 19.60476;31.43500; 1.251648e-04;3.42668;4
 19.60453;31.45500;-1.265444e-02;3.42668;4
 19.60476;31.47500;-1.455200e-02;3.42668;4
 19.60471;31.49500;-1.138849e-02;3.42668;4
 19.60453;31.51500;-1.646791e-03;3.42668;4
 19.60453;31.53500; 9.738570e-03;3.42668;4
 19.60424;31.55500; 1.442101e-02;3.42668;4
 19.60435;31.57500; 1.973508e-02;3.42668;4
 19.60435;31.59500; 2.074756e-02;3.42668;4
 19.60441;31.61500; 1.442146e-02;3.42668;4
 19.60500;31.63500; 1.303125e-02;3.42668;4
 19.60524;31.65500; 5.693578e-03;3.42668;4
 19.60565;31.67500; 5.693128e-03;3.42668;4
 19.60606;31.69500; 9.361292e-03;3.42668;4
 19.60618;31.71500; 1.391723e-02;3.42668;4
 19.60641;31.73500; 2.239478e-02;3.42668;4
 19.60594;31.75500; 2.391328e-02;3.42668;4
 19.60559;31.77500; 2.505048e-02;3.42668;4
 19.60512;31.79500; 1.923264e-02;3.42668;4
 19.60412;31.81500; 1.240188e-02;3.42668;4
 19.60347;31.83500; 7.846833e-03;3.42668;4
 19.60241;31.85500; 4.684683e-03;3.42667;4
 19.60153;31.87500;-1.388412e-03;3.42667;4
 19.60071;31.89500;-7.207603e-03;3.42667;4
 19.59941;31.91500;-1.682462e-02;3.42667;4
 19.59859;31.93500;-2.517435e-02;3.42667;4
 19.59753;31.95500;-3.529649e-02;3.42667;4
 19.59641;31.97500;-4.352152e-02;3.42667;4
 19.59535;31.99500;-4.124491e-02;3.42667;4
 19.59406;32.01500;-3.517360e-02;3.42667;4
 19.59318;32.03500;-3.036644e-02;3.42667;4
 19.59206;32.05500;-2.404033e-02;3.42666;4
 19.59112;32.07500;-2.340916e-02;3.42666;4
 19.59065;32.09500;-1.695699e-02;3.42666;4
 19.58982;32.11500;-1.543759e-02;3.42666;4
 19.58953;32.13500;-1.860110e-02;3.42666;4
 19.58924;32.15500;-2.062652e-02;3.42666;4
 19.58894;32.17500;-1.898241e-02;3.42666;4
 19.58894;32.19500;-1.290974e-02;3.42666;4
 19.58871;32.21500;-5.445518e-03;3.42666;4
 19.58876;32.23500; 4.421844e-03;3.42666;4
 19.58888;32.25500; 1.150834e-02;3.42666;4
 19.58882;32.27500; 1.429010e-02;3.42666;4
 19.58894;32.29500; 1.188785e-02;3.42666;4
 19.58876;32.31500; 3.917615e-03;3.42666;4
 19.58888;32.33500;-1.522087e-03;3.42666;4
 19.58894;32.35500;-3.926119e-03;3.42666;4
 19.58876;32.37500;-4.938605e-03;3.42666;4
 19.58882;32.39500; 6.575105e-03;3.42666;4
 19.58847;32.41500; 1.252082e-02;3.42666;4
 19.58829;32.43500; 1.644336e-02;3.42666;4
 19.58812;32.45500; 1.163753e-02;3.42666;4
 19.58765;32.47500; 1.008454e-03;3.42666;4
 19.58759;32.49500;-1.900702e-03;3.42666;4
 19.58712;32.51500;-1.647244e-03;3.42666;4
 19.58671;32.53500; 2.021836e-03;3.42666;4
 19.58635;32.55500;-3.830967e-04;3.42666;4
 19.58565;32.57500;-7.594759e-03;3.42666;4
 19.58512;32.59500;-8.732408e-03;3.42666;4
 19.58424;32.61500;-7.719928e-03;3.42666;4
 19.58341;32.63500;-7.846434e-03;3.42666;4
 19.58282;32.65500;-8.352899e-03;3.42666;4
 19.58182;32.67500;-1.126341e-02;3.42665;4
 19.58118;32.69500;-1.404787e-02;3.42665;4
 19.58035;32.71500;-1.113781e-02;3.42665;4
 19.57971;32.73500;-8.228191e-03;3.42665;4
 19.57912;32.75500;-7.469168e-03;3.42665;4
 19.57829;32.77500;-9.114179e-03;3.42665;4
 19.57800;32.79500;-9.367189e-03;3.42665;4
 19.57759;32.81500;-1.012578e-02;3.42665;4
 19.57712;32.83500;-1.139128e-02;3.42665;4
 19.57700;32.85500;-8.481657e-03;3.42665;4
 19.57676;32.87500;-9.746263e-03;3.42665;4
 19.57694;32.89500;-1.594546e-02;3.42665;4
 19.57682;32.91500;-1.607375e-02;3.42665;4
 19.57659;32.93500;-1.379577e-02;3.42665;4
 19.57682;32.95500;-8.101693e-03;3.42665;4
 19.57682;32.97500;-7.657458e-04;3.42665;4
 19.57694;32.99500; 4.043239e-03;3.42665;4
 19.57724;33.01500; 8.596524e-03;3.42665;4
 19.57741;33.03500; 6.572439e-03;3.42665;4
 19.57771;33.05500; 1.512688e-03;3.42665;4
 19.57776;33.07500;-1.139306e-02;3.42665;4
 19.57812;33.09500;-1.898515e-02;3.42665;4
 19.57847;33.11500;-2.189387e-02;3.42665;4
 19.57835;33.13500;-2.151436e-02;3.42665;4
 19.57847;33.15500;-1.240600e-02;3.42665;4
 19.57829;33.17500;-6.387908e-04;3.42665;4
 19.57824;33.19500; 8.723921e-03;3.42665;4
 19.57829;33.21500; 1.682024e-02;3.42665;4
 19.57794;33.23500; 2.238781e-02;3.42665;4
 19.57818;33.25500; 2.529787e-02;3.42665;4
 19.57841;33.27500; 2.416111e-02;3.42665;4
 19.57876;33.29500; 2.049202e-02;3.42665;4
 19.57918;33.31500; 1.796191e-02;3.42665;4
 19.57947;33.33500; 1.467368e-02;3.42665;4
 19.58012;33.35500; 1.125805e-02;3.42665;4
 19.58041;33.37500; 8.980953e-03;3.42665;4
 19.58094;33.39500; 7.335049e-03;3.42665;4
 19.58153;33.41500; 1.277565e-02;3.42665;4
 19.58176;33.43500; 1.872317e-02;3.42665;4
 19.58224;33.45500; 1.783808e-02;3.42665;4
 19.58271;33.47500; 1.783808e-02;3.42665;4
 19.58306;33.49500; 1.695299e-02;3.42666;4
 19.58365;33.51500; 1.758506e-02;3.42666;4
 19.58371;33.53500; 1.480240e-02;3.42666;4
 19.58394;33.55500; 9.235742e-03;3.42666;4
 19.58412;33.57500; 3.416528e-03;3.42666;4
 19.58412;33.59500;-8.855333e-04;3.42666;4
 19.58418;33.61500;-3.036119e-03;3.42666;4
 19.58382;33.63500;-7.590291e-03;3.42666;4
 19.58365;33.65500;-1.239926e-02;3.42666;4
 19.58335;33.67500;-1.568839e-02;3.42666;4
 19.58259;33.69500;-2.062387e-02;3.42665;4
 19.58218;33.71500;-2.087733e-02;3.42665;4
 19.58129;33.73500;-1.948489e-02;3.42665;4
 19.58059;33.75500;-1.670134e-02;3.42665;4
 19.58000;33.77500;-9.617511e-03;3.42665;4
 19.57918;33.79500;-4.050846e-03;3.42665;4
 19.57865;33.81500; 1.895336e-03;3.42665;4
 19.57794;33.83500; 1.390211e-03;3.42665;4
 19.57727;33.85500;-6.454443e-03;3.42665;4
 19.57662;33.87500;-8.731535e-03;3.42665;4
 19.57582;33.89500;-8.225519e-03;3.42665;4
 19.57511;33.91500;-5.315902e-03;3.42665;4
 19.57471;33.93500;-5.087086e-04;3.42665;4
 19.57460;33.95500;-7.608244e-04;3.42665;4
 19.57467;33.97500;-2.911856e-03;3.42665;4
 19.57300;33.99500;-9.997045e-03;3.42665;4
 19.57400;33.99667;-1.164161e-02;3.42665;5
 19.57367;33.99833;-1.214763e-02;3.42665;5
 19.57380;34.00000;-1.252760e-02;3.42665;5
 19.57443;34.00167;-1.316011e-02;3.42665;5
 19.57489;34.00333;-1.391915e-02;3.42665;5
 19.57518;34.00500;-1.455212e-02;3.42665;5
 19.57523;34.00667;-1.467862e-02;3.42665;5
 19.57507;34.00833;-1.455212e-02;3.42665;5
 19.57482;34.01000;-1.455212e-02;3.42665;5
 19.57463;34.01167;-1.505769e-02;3.42665;5
 19.57452;34.01333;-1.569111e-02;3.42665;5
 19.57457;34.01500;-1.594368e-02;3.42665;5
 19.57488;34.01667;-1.619669e-02;3.42665;5
 19.57544;34.01833;-1.758913e-02;3.42665;5
 19.57648;34.02000;-1.860073e-02;3.42665;5
 19.57797;34.02167;-1.885417e-02;3.42665;5
 19.57997;34.02333;-1.885416e-02;3.42665;5
 19.58257;34.02500;-1.860114e-02;3.42665;5
 19.58573;34.02667;-1.809465e-02;3.42666;5
 19.58954;34.02833;-1.796813e-02;3.42666;5
 19.59400;34.03000;-1.733558e-02;3.42667;5
 19.59907;34.03167;-1.695605e-02;3.42667;5
 19.60478;34.03333;-1.720903e-02;3.42668;5
 19.61119;34.03500;-1.708204e-02;3.42668;5
 19.61833;34.03667;-1.682855e-02;3.42669;5
 19.62612;34.03833;-1.569133e-02;3.42670;5
 19.63455;34.04000;-1.455232e-02;3.42671;5
 19.64365;34.04167;-1.391933e-02;3.42672;5
 19.65342;34.04333;-1.252775e-02;3.42673;5
 19.66383;34.04500;-1.088409e-02;3.42674;5
 19.67485;34.04667;-9.491195e-03;3.42675;5
 19.68236;34.04833;-8.353109e-03;3.42675;5
 19.69020;34.05000;-7.214582e-03;3.42676;5
 19.69839;34.05167;-5.823059e-03;3.42677;5
 19.70697;34.05333;-3.545585e-03;3.42678;5
 19.71592;34.05500;-1.016032e-03;3.42679;5
 19.72520;34.05667; 1.387918e-03;3.42680;5
 19.73482;34.05833; 3.032859e-03;3.42681;5
 19.74482;34.06000; 5.309790e-03;3.42682;5
 19.75521;34.06167; 8.725708e-03;3.42683;5
 19.76597;34.06333; 1.214069e-02;3.42684;5
 19.77715;34.06500; 1.542960e-02;3.42685;5
 19.78872;34.06667; 1.833855e-02;3.42686;5
 19.80070;34.06833; 2.162693e-02;3.42687;5
 19.81313;34.07000; 2.491666e-02;3.42688;5
 19.82597;34.07167; 2.871145e-02;3.42690;5
 19.83921;34.07333; 3.124216e-02;3.42691;5
 19.85287;34.07500; 3.440480e-02;3.42692;5
 19.86697;34.07667; 3.819957e-02;3.42694;5
 19.88149;34.07833; 4.123519e-02;3.42695;5
 19.89644;34.08000; 4.465080e-02;3.42697;5
 19.91182;34.08167; 4.844499e-02;3.42698;5
 19.92762;34.08333; 5.249292e-02;3.42700;5
 19.94385;34.08500; 5.692035e-02;3.42701;5
 19.96048;34.08667; 6.134687e-02;3.42703;5
 19.97752;34.08833; 6.640658e-02;3.42705;5
 19.99502;34.09000; 7.095987e-02;3.42706;5
 20.01290;34.09167; 7.437471e-02;3.42708;5
 20.03115;34.09333; 7.778911e-02;3.42710;5
 20.04982;34.09500; 8.196279e-02;3.42712;5
 20.06887;34.09667; 8.664362e-02;3.42714;5
 20.08825;34.09833; 9.157658e-02;3.42716;5
 20.10800;34.10000; 9.612875e-02;3.42718;5
 20.12813;34.10167;      0.10093;3.42719;5
 20.14862;34.10333;      0.10536;3.42722;5
 20.16944;34.10500;      0.10991;3.42724;5
 20.19062;34.10667;      0.11459;3.42726;5
 20.21213;34.10833;      0.11902;3.42728;5
 20.23395;34.11000;      0.12370;3.42730;5
 20.25608;34.11167;      0.12838;3.42732;5
 20.27852;34.11333;      0.13293;3.42734;5
 20.30131;34.11500;      0.13723;3.42737;5
 20.32439;34.11667;      0.14166;3.42739;5
 20.34774;34.11833;      0.14659;3.42741;5
 20.37138;34.12000;      0.15203;3.42744;5
 20.39528;34.12167;      0.15696;3.42746;5
 20.41944;34.12333;      0.16100;3.42748;5
 20.44384;34.12500;      0.16530;3.42751;5
 20.46848;34.12667;      0.17061;3.42753;5
 20.49334;34.12833;      0.17542;3.42756;5
 20.51846;34.13000;      0.17984;3.42758;5
 20.54380;34.13167;      0.18414;3.42761;5
 20.56939;34.13333;      0.18844;3.42763;5
 20.59521;34.13500;      0.19287;3.42766;5
 20.62123;34.13667;      0.19805;3.42768;5
 20.64744;34.13833;      0.20311;3.42771;5
 20.67389;34.14000;      0.20766;3.42773;5
 20.70049;34.14167;      0.21221;3.42776;5
 20.72728;34.14333;      0.21663;3.42779;5
 20.75428;34.14500;      0.22156;3.42781;5
 20.78149;34.14667;      0.22637;3.42784;5
 20.80885;34.14833;      0.23066;3.42787;5
 20.83634;34.15000;      0.23496;3.42789;5
 20.86402;34.15167;      0.23926;3.42792;5
 20.89184;34.15333;      0.24356;3.42795;5
 20.91977;34.15500;      0.24748;3.42798;5
 20.94784;34.15667;      0.25177;3.42800;5
 20.97608;34.15833;      0.25670;3.42803;5
 21.00448;34.16000;      0.26138;3.42806;5
 21.03300;34.16167;      0.26631;3.42809;5
 21.06166;34.16333;      0.27124;3.42812;5
 21.09044;34.16500;      0.27604;3.42814;5
 21.11933;34.16667;      0.28047;3.42817;5
 21.14836;34.16833;      0.28464;3.42820;5
 21.17749;34.17000;      0.28881;3.42823;5
 21.20672;34.17167;      0.29361;3.42826;5
 21.23607;34.17333;      0.29829;3.42829;5
 21.26554;34.17500;      0.30258;3.42832;5
 21.29513;34.17667;      0.30612;3.42834;5
 21.32479;34.17833;      0.30991;3.42837;5
 21.35452;34.18000;      0.31421;3.42840;5
 21.38438;34.18167;      0.31863;3.42843;5
 21.41430;34.18333;      0.32318;3.42846;5
 21.44430;34.18500;      0.32735;3.42849;5
 21.47441;34.18667;      0.33190;3.42852;5
 21.50461;34.18833;      0.33695;3.42855;5
 21.53485;34.19000;      0.34112;3.42858;5
 21.56516;34.19167;      0.34516;3.42861;5
 21.59557;34.19333;      0.34845;3.42864;5
 21.62607;34.19500;      0.35186;3.42867;5
 21.65661;34.19667;      0.35616;3.42870;5
 21.68723;34.19833;      0.36108;3.42873;5
 21.71793;34.20000;      0.36550;3.42876;5
 21.74872;34.20167;      0.36955;3.42879;5
 21.77956;34.20333;      0.37384;3.42882;5
 21.81044;34.20500;      0.37788;3.42885;5
 21.84136;34.20667;      0.38155;3.42888;5
 21.87231;34.20833;      0.38521;3.42891;5
 21.90334;34.21000;      0.38900;3.42894;5
 21.93444;34.21167;      0.39241;3.42897;5
 21.96559;34.21333;      0.39645;3.42900;5
 21.99679;34.21500;      0.40062;3.42903;5
 22.02802;34.21667;      0.40415;3.42906;5
 22.05931;34.21833;      0.40757;3.42909;5
 22.09067;34.22000;      0.41097;3.42912;5
 22.12207;34.22167;      0.41438;3.42915;5
 22.15352;34.22333;      0.41830;3.42919;5
 22.18505;34.22500;      0.42259;3.42922;5
 22.21659;34.22667;      0.42664;3.42925;5
 22.24815;34.22833;      0.42992;3.42928;5
 22.27977;34.23000;      0.43345;3.42931;5
 22.31144;34.23167;      0.43749;3.42934;5
 22.34315;34.23333;      0.44128;3.42937;5
 22.37489;34.23500;      0.44444;3.42940;5
 22.40666;34.23667;      0.44785;3.42943;5
 22.43848;34.23833;      0.45138;3.42946;5
 22.47034;34.24000;      0.45492;3.42950;5
 22.50221;34.24167;      0.45845;3.42953;5
 22.53413;34.24333;      0.46186;3.42956;5
 22.56610;34.24500;      0.46489;3.42959;5
 22.59807;34.24667;      0.46805;3.42962;5
 22.63003;34.24833;      0.47158;3.42965;5
 22.66203;34.25000;      0.47524;3.42968;5
 22.69410;34.25167;      0.47865;3.42971;5
 22.72618;34.25333;      0.48168;3.42975;5
 22.75830;34.25500;      0.48433;3.42978;5
 22.79044;34.25667;      0.48748;3.42981;5
 22.82261;34.25833;      0.49013;3.42984;5
 22.85480;34.26000;      0.49304;3.42987;5
 22.88703;34.26167;      0.49569;3.42990;5
 22.91928;34.26333;      0.49859;3.42993;5
 22.95154;34.26500;      0.50111;3.42996;5
 22.98384;34.26667;      0.50338;3.43000;5
 23.01615;34.26833;      0.50565;3.43003;5
 23.04848;34.27000;      0.50805;3.43006;5
 23.08087;34.27167;      0.51070;3.43009;5
 23.11328;34.27333;      0.51360;3.43012;5
 23.14570;34.27500;      0.51650;3.43015;5
 23.17815;34.27667;      0.51966;3.43019;5
 23.21062;34.27833;      0.52256;3.43022;5
 23.24313;34.28000;      0.52571;3.43025;5
 23.27566;34.28167;      0.52786;3.43028;5
 23.30818;34.28333;      0.53025;3.43031;5
 23.34074;34.28500;      0.53252;3.43034;5
 23.37333;34.28667;      0.53479;3.43037;5
 23.40590;34.28833;      0.53656;3.43041;5
 23.43851;34.29000;      0.53832;3.43044;5
 23.47115;34.29167;      0.54072;3.43047;5
 23.50379;34.29333;      0.54337;3.43050;5
 23.53643;34.29500;      0.54551;3.43053;5
 23.56910;34.29667;      0.54765;3.43057;5
 23.60177;34.29833;      0.54992;3.43060;5
 23.63446;34.30000;      0.55194;3.43063;5
 23.66720;34.30167;      0.55421;3.43066;5
 23.69995;34.30333;      0.55635;3.43069;5
 23.73272;34.30500;      0.55849;3.43072;5
 23.76549;34.30667;      0.56089;3.43076;5
 23.79830;34.30833;      0.56265;3.43079;5
 23.83111;34.31000;      0.56467;3.43082;5
 23.86395;34.31167;      0.56669;3.43085;5
 23.89680;34.31333;      0.56832;3.43088;5
 23.92969;34.31500;      0.57047;3.43092;5
 23.96257;34.31667;      0.57248;3.43095;5
 23.99546;34.31833;      0.57437;3.43098;5
 24.02834;34.32000;      0.57601;3.43101;5
 24.06126;34.32167;      0.57765;3.43104;5
 24.09420;34.32333;      0.57928;3.43107;5
 24.12713;34.32500;      0.58092;3.43111;5
 24.16005;34.32667;      0.58243;3.43114;5
 24.19302;34.32833;      0.58407;3.43117;5
 24.22603;34.33000;      0.58571;3.43120;5
 24.25905;34.33167;      0.58734;3.43123;5
 24.29207;34.33333;      0.58910;3.43127;5
 24.32508;34.33500;      0.59112;3.43130;5
 24.35810;34.33667;      0.59314;3.43133;5
 24.39113;34.33833;      0.59503;3.43136;5
 24.42420;34.34000;      0.59654;3.43139;5
 24.45725;34.34167;      0.59779;3.43143;5
 24.49033;34.34333;      0.59880;3.43146;5
 24.52341;34.34500;      0.60031;3.43149;5
 24.55651;34.34667;      0.60182;3.43152;5
 24.58962;34.34833;      0.60308;3.43155;5
 24.62277;34.35000;      0.60433;3.43159;5
 24.65590;34.35167;      0.60559;3.43162;5
 24.68905;34.35333;      0.60698;3.43165;5
 24.72225;34.35500;      0.60836;3.43168;5
 24.75546;34.35667;      0.60949;3.43171;5
 24.78867;34.35833;      0.61075;3.43175;5
 24.82192;34.36000;      0.61226;3.43178;5
 24.85515;34.36167;      0.61389;3.43181;5
 24.88839;34.36333;      0.61566;3.43184;5
 24.92164;34.36500;      0.61742;3.43187;5
 24.95490;34.36667;      0.61918;3.43191;5
 24.98818;34.36833;      0.62095;3.43194;5
 25.02146;34.37000;      0.62258;3.43197;5
 25.05474;34.37167;      0.62384;3.43200;5
 25.08802;34.37333;      0.62522;3.43203;5
 25.12133;34.37500;      0.62623;3.43207;5
 25.15466;34.37667;      0.62736;3.43210;5
 25.18800;34.37833;      0.62861;3.43213;5
 25.22133;34.38000;      0.62949;3.43216;5
 25.25466;34.38167;      0.63050;3.43220;5
 25.28803;34.38333;      0.63087;3.43223;5
 25.32141;34.38500;      0.63150;3.43226;5
 25.35479;34.38667;      0.63250;3.43229;5
 25.38815;34.38833;      0.63401;3.43232;5
 25.42154;34.39000;      0.63539;3.43236;5
 25.45493;34.39167;      0.63678;3.43239;5
 25.48831;34.39333;      0.63841;3.43242;5
 25.52174;34.39500;      0.64018;3.43245;5
 25.55518;34.39667;      0.64169;3.43248;5
 25.58862;34.39833;      0.64307;3.43252;5
 25.62210;34.40000;      0.64433;3.43255;5
 25.65559;34.40167;      0.64520;3.43258;5
 25.68905;34.40333;      0.64570;3.43261;5
 25.72249;34.40500;      0.64658;3.43265;5
 25.75597;34.40667;      0.64708;3.43268;5
 25.78948;34.40833;      0.64846;3.43271;5
 25.82298;34.41000;      0.64934;3.43274;5
 25.85651;34.41167;      0.65047;3.43277;5
 25.89003;34.41333;      0.65185;3.43281;5
 25.92354;34.41500;      0.65298;3.43284;5
 25.95705;34.41667;      0.65424;3.43287;5
 25.99057;34.41833;      0.65524;3.43290;5
 26.02411;34.42000;      0.65612;3.43293;5
 26.05767;34.42167;      0.65675;3.43297;5
 26.09121;34.42333;      0.65687;3.43300;5
 26.12479;34.42500;      0.65737;3.43303;5
 26.15834;34.42667;      0.65824;3.43306;5
 26.19192;34.42833;      0.65925;3.43310;5
 26.22551;34.43000;      0.66051;3.43313;5
 26.25910;34.43167;      0.66138;3.43316;5
 26.29269;34.43333;      0.66239;3.43319;5
 26.32626;34.43500;      0.66314;3.43322;5
 26.35987;34.43667;      0.66402;3.43326;5
 26.39351;34.43833;      0.66464;3.43329;5
 26.42713;34.44000;      0.66590;3.43332;5
 26.46074;34.44167;      0.66715;3.43335;5
 26.49438;34.44333;      0.66803;3.43339;5
 26.52800;34.44500;      0.66891;3.43342;5
 26.56164;34.44667;      0.66941;3.43345;5
 26.59526;34.44833;      0.66978;3.43348;5
 26.62890;34.45000;      0.67003;3.43351;5
 26.66256;34.45167;      0.67053;3.43355;5
 26.69625;34.45333;      0.67115;3.43358;5
 26.72992;34.45500;      0.67140;3.43361;5
 26.76357;34.45667;      0.67202;3.43364;5
 26.79725;34.45833;      0.67265;3.43368;5
 26.83092;34.46000;      0.67365;3.43371;5
 26.86459;34.46167;      0.67440;3.43374;5
 26.89830;34.46333;      0.67502;3.43377;5
 26.93198;34.46500;      0.67590;3.43380;5
 26.96566;34.46667;      0.67691;3.43384;5
 26.99936;34.46833;      0.67791;3.43387;5
 27.03308;34.47000;      0.67853;3.43390;5
 27.06682;34.47167;      0.67903;3.43393;5
 27.10057;34.47333;      0.67903;3.43396;5
 27.13431;34.47500;      0.67877;3.43400;5
 27.16802;34.47667;      0.67939;3.43403;5
 27.20172;34.47833;      0.68027;3.43406;5
 27.23543;34.48000;      0.68127;3.43409;5
 27.26915;34.48167;      0.68202;3.43413;5
 27.30289;34.48333;      0.68316;3.43416;5
 27.33661;34.48500;      0.68403;3.43419;5
 27.37033;34.48667;      0.68491;3.43422;5
 27.40407;34.48833;      0.68553;3.43425;5
 27.43782;34.49000;      0.68591;3.43429;5
 27.47159;34.49167;      0.68628;3.43432;5
 27.50536;34.49333;      0.68652;3.43435;5
 27.53915;34.49500;      0.68677;3.43438;5
 27.57292;34.49667;      0.68714;3.43442;5
 27.60670;34.49833;      0.68777;3.43445;5
 27.64049;34.50000;      0.68801;3.43448;5
 27.67425;34.50167;      0.68876;3.43451;5
 27.70800;34.50333;      0.68926;3.43454;5
 27.74175;34.50500;      0.68989;3.43458;5
 27.77552;34.50667;      0.69038;3.43461;5
 27.80931;34.50833;      0.69088;3.43464;5
 27.84308;34.51000;      0.69113;3.43467;5
 27.87685;34.51167;      0.69175;3.43470;5
 27.91066;34.51333;      0.69225;3.43474;5
 27.94444;34.51500;      0.69275;3.43477;5
 27.97826;34.51667;      0.69337;3.43480;5
 28.01207;34.51833;      0.69412;3.43483;5
 28.04589;34.52000;      0.69488;3.43487;5
 28.07969;34.52167;      0.69537;3.43490;5
 28.11348;34.52333;      0.69587;3.43493;5
 28.14726;34.52500;      0.69624;3.43496;5
 28.18105;34.52667;      0.69624;3.43499;5
 28.21489;34.52833;      0.69636;3.43503;5
 28.24870;34.53000;      0.69635;3.43506;5
 28.28252;34.53167;      0.69622;3.43509;5
 28.31636;34.53333;      0.69634;3.43512;5
 28.35018;34.53500;      0.69658;3.43515;5
 28.38403;34.53667;      0.69670;3.43519;5
 28.41790;34.53833;      0.69733;3.43522;5
 28.45175;34.54000;      0.69795;3.43525;5
 28.48562;34.54167;      0.69870;3.43528;5
 28.51948;34.54333;      0.69958;3.43531;5
 28.55331;34.54500;      0.70046;3.43535;5
 28.58718;34.54667;      0.70133;3.43538;5
 28.62105;34.54833;      0.70221;3.43541;5
 28.65493;34.55000;      0.70296;3.43544;5
 28.68880;34.55167;      0.70346;3.43548;5
 28.72266;34.55333;      0.70396;3.43551;5
 28.75649;34.55500;      0.70445;3.43554;5
 28.79036;34.55667;      0.70457;3.43557;5
 28.82423;34.55833;      0.70482;3.43560;5
 28.85811;34.56000;      0.70494;3.43564;5
 28.89198;34.56167;      0.70506;3.43567;5
 28.92585;34.56333;      0.70531;3.43570;5
 28.95972;34.56500;      0.70568;3.43573;5
 28.99359;34.56667;      0.70605;3.43576;5
 29.02751;34.56833;      0.70642;3.43580;5
 29.06139;34.57000;      0.70654;3.43583;5
 29.09525;34.57167;      0.70691;3.43586;5
 29.12911;34.57333;      0.70703;3.43589;5
 29.16300;34.57500;      0.70728;3.43592;5
 29.19689;34.57667;      0.70740;3.43596;5
 29.23080;34.57833;      0.70777;3.43599;5
 29.26470;34.58000;      0.70789;3.43602;5
 29.29862;34.58167;      0.70813;3.43605;5
 29.33252;34.58333;      0.70825;3.43609;5
 29.36641;34.58500;      0.70850;3.43612;5
 29.40029;34.58667;      0.70875;3.43615;5
 29.43420;34.58833;      0.70887;3.43618;5
 29.46810;34.59000;      0.70911;3.43621;5
 29.50200;34.59167;      0.70936;3.43625;5
 29.53587;34.59333;      0.70960;3.43628;5
 29.56975;34.59500;      0.71023;3.43631;5
 29.60364;34.59667;      0.71072;3.43634;5
 29.63756;34.59833;      0.71110;3.43637;5
 29.67144;34.60000;      0.71147;3.43641;5
 29.70533;34.60167;      0.71184;3.43644;5
 29.73926;34.60333;      0.71221;3.43647;5
 29.77318;34.60500;      0.71246;3.43650;5
 29.80710;34.60667;      0.71283;3.43653;5
 29.84102;34.60833;      0.71370;3.43657;5
 29.87490;34.61000;      0.71433;3.43660;5
 29.90879;34.61167;      0.71495;3.43663;5
 29.94270;34.61333;      0.71520;3.43666;5
 29.97662;34.61500;      0.71532;3.43669;5
 30.01054;34.61667;      0.71481;3.43672;5
 30.04444;34.61833;      0.71430;3.43676;5
 30.07836;34.62000;      0.71404;3.43679;5
 30.11226;34.62167;      0.71403;3.43682;5
 30.14616;34.62333;      0.71453;3.43685;5
 30.18008;34.62500;      0.71528;3.43688;5
 30.21403;34.62667;      0.71578;3.43692;5
 30.24795;34.62833;      0.71615;3.43695;5
 30.28184;34.63000;      0.71652;3.43698;5
 30.31575;34.63167;      0.71677;3.43701;5
 30.34969;34.63333;      0.71688;3.43704;5
 30.38361;34.63500;      0.71663;3.43708;5
 30.41751;34.63667;      0.71674;3.43711;5
 30.45141;34.63833;      0.71674;3.43714;5
 30.48531;34.64000;      0.71686;3.43717;5
 30.51920;34.64167;      0.71723;3.43720;5
 30.55308;34.64333;      0.71773;3.43724;5
 30.58697;34.64500;      0.71797;3.43727;5
 30.62089;34.64667;      0.71822;3.43730;5
 30.65479;34.64833;      0.71872;3.43733;5
 30.68869;34.65000;      0.71909;3.43736;5
 30.72259;34.65167;      0.71908;3.43740;5
 30.75651;34.65333;      0.71908;3.43743;5
 30.79043;34.65500;      0.71957;3.43746;5
 30.82436;34.65667;      0.71969;3.43749;5
 30.85828;34.65833;      0.71981;3.43752;5
 30.89220;34.66000;      0.71993;3.43755;5
 30.92610;34.66167;      0.72018;3.43759;5
 30.96003;34.66333;      0.72055;3.43762;5
 30.99395;34.66500;      0.72092;3.43765;5
 31.02785;34.66667;      0.72129;3.43768;5
 31.06175;34.66833;      0.72166;3.43771;5
 31.09564;34.67000;      0.72204;3.43775;5
 31.12954;34.67167;      0.72241;3.43778;5
 31.16346;34.67333;      0.72303;3.43781;5
 31.19739;34.67500;      0.72365;3.43784;5
 31.23130;34.67667;      0.72415;3.43787;5
 31.26521;34.67833;      0.72465;3.43790;5
 31.29911;34.68000;      0.72464;3.43794;5
 31.33305;34.68167;      0.72476;3.43797;5
 31.36695;34.68333;      0.72513;3.43800;5
 31.40087;34.68500;      0.72525;3.43803;5
 31.43480;34.68667;      0.72537;3.43806;5
 31.46872;34.68833;      0.72549;3.43810;5
 31.50264;34.69000;      0.72548;3.43813;5
 31.53659;34.69167;      0.72573;3.43816;5
 31.57051;34.69333;      0.72610;3.43819;5
 31.60443;34.69500;      0.72647;3.43822;5
 31.63834;34.69667;      0.72697;3.43825;5
 31.67228;34.69833;      0.72734;3.43829;5
 31.70618;34.70000;      0.72771;3.43832;5
 31.74008;34.70167;      0.72808;3.43835;5
 31.77398;34.70333;      0.72846;3.43838;5
 31.80787;34.70500;      0.72895;3.43841;5
 31.84175;34.70667;      0.72945;3.43844;5
 31.87567;34.70833;      0.72995;3.43848;5
 31.90961;34.71000;      0.73057;3.43851;5
 31.94351;34.71167;      0.73145;3.43854;5
 31.97741;34.71333;      0.73220;3.43857;5
 32.01131;34.71500;      0.73270;3.43860;5
 32.04520;34.71667;      0.73294;3.43863;5
 32.07910;34.71833;      0.73319;3.43867;5
 32.11302;34.72000;      0.73318;3.43870;5
 32.14690;34.72167;      0.73305;3.43873;5
 32.18079;34.72333;      0.73304;3.43876;5
 32.21469;34.72500;      0.73303;3.43879;5
 32.24859;34.72667;      0.73315;3.43882;5
 32.28246;34.72833;      0.73340;3.43886;5
 32.31636;34.73000;      0.73364;3.43889;5
 32.35028;34.73167;      0.73376;3.43892;5
 32.38418;34.73333;      0.73401;3.43895;5
 32.41805;34.73500;      0.73425;3.43898;5
 32.45192;34.73667;      0.73450;3.43901;5
 32.48582;34.73833;      0.73449;3.43905;5
 32.51974;34.74000;      0.73423;3.43908;5
 32.55364;34.74167;      0.73410;3.43911;5
 32.58754;34.74333;      0.73397;3.43914;5
 32.62144;34.74500;      0.73396;3.43917;5
 32.65534;34.74667;      0.73433;3.43920;5
 32.68921;34.74833;      0.73458;3.43924;5
 32.72310;34.75000;      0.73482;3.43927;5
 32.75700;34.75167;      0.73507;3.43930;5
 32.79090;34.75333;      0.73544;3.43933;5
 32.82479;34.75500;      0.73581;3.43936;5
 32.85867;34.75667;      0.73618;3.43939;5
 32.89257;34.75833;      0.73655;3.43942;5
 32.92644;34.76000;      0.73693;3.43946;5
 32.96029;34.76167;      0.73730;3.43949;5
 32.99416;34.76333;      0.73767;3.43952;5
 33.02803;34.76500;      0.73804;3.43955;5
 33.06192;34.76667;      0.73828;3.43958;5
 33.09579;34.76833;      0.73853;3.43961;5
 33.12964;34.77000;      0.73865;3.43965;5
 33.16352;34.77167;      0.73877;3.43968;5
 33.19739;34.77333;      0.73889;3.43971;5
 33.23126;34.77500;      0.73863;3.43974;5
 33.26513;34.77667;      0.73837;3.43977;5
 33.29900;34.77833;      0.73811;3.43980;5
 33.33285;34.78000;      0.73798;3.43983;5
 33.36670;34.78167;      0.73797;3.43987;5
 33.40052;34.78333;      0.73784;3.43990;5
 33.43436;34.78500;      0.73808;3.43993;5
 33.46820;34.78667;      0.73845;3.43996;5
 33.50203;34.78833;      0.73870;3.43999;5
 33.53588;34.79000;      0.73882;3.44002;5
 33.56972;34.79167;      0.73894;3.44005;5
 33.60352;34.79333;      0.73893;3.44009;5
 33.63738;34.79500;      0.73905;3.44012;5
 33.67123;34.79667;      0.73942;3.44015;5
 33.70505;34.79833;      0.73992;3.44018;5
 33.73887;34.80000;      0.74042;3.44021;5
 33.77269;34.80167;      0.74091;3.44024;5
 33.80652;34.80333;      0.74141;3.44027;5
 33.84036;34.80500;      0.74203;3.44031;5
 33.87418;34.80667;      0.74253;3.44034;5
 33.90800;34.80833;      0.74303;3.44037;5
 33.94182;34.81000;      0.74328;3.44040;5
 33.97564;34.81167;      0.74377;3.44043;5
 34.00948;34.81333;      0.74376;3.44046;5
 34.04331;34.81500;      0.74414;3.44049;5
 34.07713;34.81667;      0.74426;3.44053;5
 34.11095;34.81833;      0.74425;3.44056;5
 34.14477;34.82000;      0.74449;3.44059;5
 34.17857;34.82167;      0.74436;3.44062;5
 34.21238;34.82333;      0.74486;3.44065;5
 34.24620;34.82500;      0.74523;3.44068;5
 34.28000;34.82667;      0.74547;3.44071;5
 34.31380;34.82833;      0.74572;3.44074;5
 34.34764;34.83000;      0.74571;3.44078;5
 34.38146;34.83167;      0.74558;3.44081;5
 34.41526;34.83333;      0.74557;3.44084;5
 34.44907;34.83500;      0.74569;3.44087;5
 34.48288;34.83667;      0.74556;3.44090;5
 34.51669;34.83833;      0.74530;3.44093;5
 34.55048;34.84000;      0.74517;3.44096;5
 34.58425;34.84167;      0.74504;3.44099;5
 34.61802;34.84333;      0.74478;3.44103;5
 34.65180;34.84500;      0.74477;3.44106;5
 34.68559;34.84667;      0.74464;3.44109;5
 34.71938;34.84833;      0.74476;3.44112;5
 34.75318;34.85000;      0.74475;3.44115;5
 34.78698;34.85167;      0.74487;3.44118;5
 34.82074;34.85333;      0.74499;3.44121;5
 34.85451;34.85500;      0.74549;3.44124;5
 34.88829;34.85667;      0.74586;3.44128;5
 34.92207;34.85833;      0.74635;3.44131;5
 34.95580;34.86000;      0.74660;3.44134;5
 34.98957;34.86167;      0.74684;3.44137;5
 35.02336;34.86333;      0.74709;3.44140;5
 35.05713;34.86500;      0.74733;3.44143;5
 35.09090;34.86667;      0.74758;3.44146;5
 35.12467;34.86833;      0.74782;3.44149;5
 35.15844;34.87000;      0.74807;3.44153;5
 35.19221;34.87167;      0.74831;3.44156;5
 35.22598;34.87333;      0.74869;3.44159;5
 35.25977;34.87500;      0.74893;3.44162;5
 35.29354;34.87667;      0.74918;3.44165;5
 35.32728;34.87833;      0.74967;3.44168;5
 35.36103;34.88000;      0.75017;3.44171;5
 35.39479;34.88167;      0.75016;3.44174;5
 35.42854;34.88333;      0.75053;3.44177;5
 35.46229;34.88500;      0.75065;3.44181;5
 35.49605;34.88667;      0.75077;3.44184;5
 35.52982;34.88833;      0.75102;3.44187;5
 35.56357;34.89000;      0.75126;3.44190;5
 35.59731;34.89167;      0.75151;3.44193;5
 35.63107;34.89333;      0.75150;3.44196;5
 35.66482;34.89500;      0.75137;3.44199;5
 35.69856;34.89667;      0.75124;3.44202;5
 35.73231;34.89833;      0.75123;3.44205;5
 35.76608;34.90000;      0.75122;3.44209;5
 35.79982;34.90167;      0.75122;3.44212;5
 35.83354;34.90333;      0.75108;3.44215;5
 35.86726;34.90500;      0.75108;3.44218;5
 35.90100;34.90667;      0.75119;3.44221;5
 35.93475;34.90833;      0.75157;3.44224;5
 35.96852;34.91000;      0.75181;3.44227;5
 36.00226;34.91167;      0.75206;3.44230;5
 36.03598;34.91333;      0.75230;3.44233;5
 36.06970;34.91500;      0.75255;3.44237;5
 36.10344;34.91667;      0.75229;3.44240;5
 36.13716;34.91833;      0.75241;3.44243;5
 36.17089;34.92000;      0.75240;3.44246;5
 36.20461;34.92167;      0.75239;3.44249;5
 36.23833;34.92333;      0.75239;3.44252;5
 36.27208;34.92500;      0.75238;3.44255;5
 36.30579;34.92667;      0.75237;3.44258;5
 36.33951;34.92833;      0.75237;3.44261;5
 36.37321;34.93000;      0.75248;3.44264;5
 36.40690;34.93167;      0.75210;3.44268;5
 36.44059;34.93333;      0.75197;3.44271;5
 36.47431;34.93500;      0.75196;3.44274;5
 36.50802;34.93667;      0.75158;3.44277;5
 36.54172;34.93833;      0.75132;3.44280;5
 36.57543;34.94000;      0.75144;3.44283;5
 36.60915;34.94167;      0.75130;3.44286;5
 36.64285;34.94333;      0.75168;3.44289;5
 36.67656;34.94500;      0.75179;3.44292;5
 36.71025;34.94667;      0.75179;3.44295;5
 36.74393;34.94833;      0.75203;3.44298;5
 36.77764;34.95000;      0.75228;3.44302;5
 36.81136;34.95167;      0.75252;3.44305;5
 36.84505;34.95333;      0.75289;3.44308;5
 36.87875;34.95500;      0.75326;3.44311;5
 36.91244;34.95667;      0.75389;3.44314;5
 36.94613;34.95833;      0.75426;3.44317;5
 36.97982;34.96000;      0.75450;3.44320;5
 37.01354;34.96167;      0.75450;3.44323;5
 37.04725;34.96333;      0.75474;3.44326;5
 37.08095;34.96500;      0.75486;3.44329;5
 37.11462;34.96667;      0.75523;3.44332;5
 37.14830;34.96833;      0.75535;3.44336;5
 37.18197;34.97000;      0.75572;3.44339;5
 37.21564;34.97167;      0.75660;3.44342;5
 37.24931;34.97333;      0.75722;3.44345;5
 37.28297;34.97500;      0.75746;3.44348;5
 37.31664;34.97667;      0.75733;3.44351;5
 37.35033;34.97833;      0.75707;3.44354;5
 37.38402;34.98000;      0.75681;3.44357;5
 37.41767;34.98167;      0.75630;3.44360;5
 37.45133;34.98333;      0.75567;3.44363;5
 37.48497;34.98500;      0.75528;3.44366;5
 37.51862;34.98667;      0.75540;3.44369;5
 37.55230;34.98833;      0.75540;3.44373;5
 37.58593;34.99000;      0.75552;3.44376;5
 37.61957;34.99167;      0.75576;3.44379;5
 37.65321;34.99333;      0.75588;3.44382;5
 37.68685;34.99500;      0.75612;3.44385;5
 37.72051;34.99667;      0.75612;3.44388;5
 37.75416;34.99833;      0.75624;3.44391;5
 37.78780;35.00000;      0.75623;3.44394;5
 37.82144;35.00167;      0.75597;3.44397;5
 37.85510;35.00333;      0.75609;3.44400;5
 37.88877;35.00500;      0.75633;3.44403;5
 37.92243;35.00667;      0.75633;3.44406;5
 37.95605;35.00833;      0.75645;3.44409;5
 37.98967;35.01000;      0.75657;3.44413;5
 38.02330;35.01167;      0.75681;3.44416;5
 38.05693;35.01333;      0.75693;3.44419;5
 38.09056;35.01500;      0.75705;3.44422;5
 38.12418;35.01667;      0.75704;3.44425;5
 38.15780;35.01833;      0.75716;3.44428;5
 38.19144;35.02000;      0.75728;3.44431;5
 38.22508;35.02167;      0.75740;3.44434;5
 38.25871;35.02333;      0.75764;3.44437;5
 38.29231;35.02500;      0.75776;3.44440;5
 38.32589;35.02667;      0.75813;3.44443;5
 38.35952;35.02833;      0.75825;3.44446;5
 38.39316;35.03000;      0.75825;3.44449;5
 38.42679;35.03167;      0.75849;3.44452;5
 38.46041;35.03333;      0.75874;3.44456;5
 38.49403;35.03500;      0.75898;3.44459;5
 38.52762;35.03667;      0.75923;3.44462;5
 38.56121;35.03833;      0.75935;3.44465;5
 38.59479;35.04000;      0.75959;3.44468;5
 38.62838;35.04167;      0.75984;3.44471;5
 38.66197;35.04333;      0.76008;3.44474;5
 38.69557;35.04500;      0.76033;3.44477;5
 38.72920;35.04667;      0.76044;3.44480;5
 38.76280;35.04833;      0.76069;3.44483;5
 38.79638;35.05000;      0.76093;3.44486;5
 38.82997;35.05167;      0.76118;3.44489;5
 38.86356;35.05333;      0.76130;3.44492;5
 38.89716;35.05500;      0.76117;3.44495;5
 38.93077;35.05667;      0.76091;3.44498;5
 38.96434;35.05833;      0.76078;3.44501;5
 38.99792;35.06000;      0.76077;3.44505;5
 39.03149;35.06167;      0.76064;3.44508;5
 39.06505;35.06333;      0.76088;3.44511;5
 39.09862;35.06500;      0.76087;3.44514;5
 39.13220;35.06667;      0.76112;3.44517;5
 39.16579;35.06833;      0.76124;3.44520;5
 39.19936;35.07000;      0.76111;3.44523;5
 39.23292;35.07167;      0.76085;3.44526;5
 39.26651;35.07333;      0.76046;3.44529;5
 39.30010;35.07500;      0.76033;3.44532;5
 39.33369;35.07667;      0.76032;3.44535;5
 39.36725;35.07833;      0.76032;3.44538;5
 39.40079;35.08000;      0.76044;3.44541;5
 39.43434;35.08167;      0.76055;3.44544;5
 39.46792;35.08333;      0.76067;3.44547;5
 39.50149;35.08500;      0.76092;3.44550;5
 39.53508;35.08667;      0.76104;3.44553;5
 39.56866;35.08833;      0.76128;3.44556;5
 39.60221;35.09000;      0.76140;3.44560;5
 39.63575;35.09167;      0.76177;3.44563;5
 39.66931;35.09333;      0.76189;3.44566;5
 39.70289;35.09500;      0.76226;3.44569;5
 39.73646;35.09667;      0.76263;3.44572;5
 39.77002;35.09833;      0.76313;3.44575;5
 39.80356;35.10000;      0.76337;3.44578;5
 39.83711;35.10167;      0.76362;3.44581;5
 39.87069;35.10333;      0.76374;3.44584;5
 39.90425;35.10500;      0.76398;3.44587;5
 39.93779;35.10667;      0.76410;3.44590;5
 39.97133;35.10833;      0.76435;3.44593;5
 40.00489;35.11000;      0.76434;3.44596;5
 40.03844;35.11167;      0.76433;3.44599;5
 40.07198;35.11333;      0.76433;3.44602;5
 40.10551;35.11500;      0.76457;3.44605;5
 40.13905;35.11667;      0.76469;3.44608;5
 40.17259;35.11833;      0.76494;3.44611;5
 40.20611;35.12000;      0.76506;3.44614;5
 40.23964;35.12167;      0.76542;3.44617;5
 40.27315;35.12333;      0.76542;3.44620;5
 40.30667;35.12500;      0.76566;3.44623;5
 40.34020;35.12667;      0.76591;3.44627;5
 40.37377;35.12833;      0.76615;3.44630;5
 40.40729;35.13000;      0.76640;3.44633;5
 40.44082;35.13167;      0.76677;3.44636;5
 40.47436;35.13333;      0.76701;3.44639;5
 40.50787;35.13500;      0.76726;3.44642;5
 40.54139;35.13667;      0.76750;3.44645;5
 40.57492;35.13833;      0.76750;3.44648;5
 40.60846;35.14000;      0.76749;3.44651;5
 40.64198;35.14167;      0.76723;3.44654;5
 40.67549;35.14333;      0.76710;3.44657;5
 40.70902;35.14500;      0.76697;3.44660;5
 40.74254;35.14667;      0.76696;3.44663;5
 40.77603;35.14833;      0.76695;3.44666;5
 40.80956;35.15000;      0.76657;3.44669;5
 40.84310;35.15167;      0.76631;3.44672;5
 40.87661;35.15333;      0.76630;3.44675;5
 40.91010;35.15500;      0.76630;3.44678;5
 40.94356;35.15667;      0.76642;3.44681;5
 40.97703;35.15833;      0.76641;3.44684;5
 41.01054;35.16000;      0.76653;3.44687;5
 41.04403;35.16167;      0.76665;3.44690;5
 41.07756;35.16333;      0.76677;3.44693;5
 41.11108;35.16500;      0.76701;3.44696;5
 41.14457;35.16667;      0.76726;3.44699;5
 41.17805;35.16833;      0.76750;3.44702;5
 41.21152;35.17000;      0.76762;3.44705;5
 41.24500;35.17167;      0.76749;3.44708;5
 41.27849;35.17333;      0.76786;3.44711;5
 41.31195;35.17500;      0.76810;3.44714;5
 41.34541;35.17667;      0.76835;3.44717;5
 41.37887;35.17833;      0.76834;3.44721;5
 41.41234;35.18000;      0.76821;3.44724;5
 41.44584;35.18167;      0.76820;3.44727;5
 41.47930;35.18333;      0.76807;3.44730;5
 41.51274;35.18500;      0.76806;3.44733;5
 41.54621;35.18667;      0.76793;3.44736;5
 41.57969;35.18833;      0.76755;3.44739;5
 41.61316;35.19000;      0.76729;3.44742;5
 41.64662;35.19167;      0.76703;3.44745;5
 41.68010;35.19333;      0.76715;3.44748;5
 41.71359;35.19500;      0.76701;3.44751;5
 41.74707;35.19667;      0.76726;3.44754;5
 41.78052;35.19833;      0.76738;3.44757;5
 41.81397;35.20000;      0.76737;3.44760;5
 41.84744;35.20167;      0.76737;3.44763;5
 41.88090;35.20333;      0.76748;3.44766;5
 41.91433;35.20500;      0.76760;3.44769;5
 41.94777;35.20667;      0.76760;3.44772;5
 41.98123;35.20833;      0.76759;3.44775;5
 42.01472;35.21000;      0.76746;3.44778;5
 42.04820;35.21167;      0.76745;3.44781;5
 42.08164;35.21333;      0.76732;3.44784;5
 42.11510;35.21500;      0.76706;3.44787;5
 42.14857;35.21667;      0.76693;3.44790;5
 42.18203;35.21833;      0.76680;3.44793;5
 42.21549;35.22000;      0.76691;3.44796;5
 42.24895;35.22167;      0.76678;3.44799;5
 42.28241;35.22333;      0.76690;3.44802;5
 42.31589;35.22500;      0.76677;3.44805;5
 42.34934;35.22667;      0.76676;3.44808;5
 42.38282;35.22833;      0.76688;3.44811;5
 42.41626;35.23000;      0.76700;3.44814;5
 42.44972;35.23167;      0.76712;3.44817;5
 42.48316;35.23333;      0.76711;3.44820;5
 42.51661;35.23500;      0.76698;3.44823;5
 42.55007;35.23667;      0.76697;3.44826;5
 42.58352;35.23833;      0.76709;3.44829;5
 42.61698;35.24000;      0.76721;3.44832;5
 42.65043;35.24167;      0.76720;3.44835;5
 42.68389;35.24333;      0.76732;3.44838;5
 42.71734;35.24500;      0.76707;3.44841;5
 42.75079;35.24667;      0.76706;3.44844;5
 42.78423;35.24833;      0.76705;3.44847;5
 42.81767;35.25000;      0.76717;3.44850;5
 42.85108;35.25167;      0.76716;3.44853;5
 42.88449;35.25333;      0.76716;3.44856;5
 42.91792;35.25500;      0.76715;3.44859;5
 42.95134;35.25667;      0.76727;3.44862;5
 42.98479;35.25833;      0.76739;3.44865;5
 43.01821;35.26000;      0.76738;3.44868;5
 43.05162;35.26167;      0.76750;3.44871;5
 43.08507;35.26333;      0.76737;3.44874;5
 43.11848;35.26500;      0.76711;3.44877;5
 43.15185;35.26667;      0.76685;3.44880;5
 43.18528;35.26833;      0.76672;3.44883;5
 43.21869;35.27000;      0.76671;3.44886;5
 43.25210;35.27167;      0.76658;3.44889;5
 43.28552;35.27333;      0.76645;3.44892;5
 43.31895;35.27500;      0.76644;3.44895;5
 43.35238;35.27667;      0.76631;3.44898;5
 43.38580;35.27833;      0.76630;3.44901;5
 43.41923;35.28000;      0.76642;3.44904;5
 43.45264;35.28167;      0.76641;3.44907;5
 43.48603;35.28333;      0.76666;3.44910;5
 43.51946;35.28500;      0.76665;3.44913;5
 43.55290;35.28667;      0.76665;3.44916;5
 43.58630;35.28833;      0.76677;3.44919;5
 43.61969;35.29000;      0.76676;3.44922;5
 43.65308;35.29167;      0.76675;3.44925;5
 43.68649;35.29333;      0.76675;3.44928;5
 43.71992;35.29500;      0.76674;3.44931;5
 43.75330;35.29667;      0.76686;3.44934;5
 43.78667;35.29833;      0.76685;3.44937;5
 43.82007;35.30000;      0.76697;3.44940;5
 43.85348;35.30167;      0.76696;3.44943;5
 43.88685;35.30333;      0.76733;3.44946;5
 43.92023;35.30500;      0.76745;3.44949;5
 43.95362;35.30667;      0.76745;3.44952;5
 43.98702;35.30833;      0.76769;3.44955;5
 44.02039;35.31000;      0.76768;3.44958;5
 44.05374;35.31167;      0.76743;3.44961;5
 44.08710;35.31333;      0.76717;3.44964;5
 44.12048;35.31500;      0.76691;3.44967;5
 44.15384;35.31667;      0.76665;3.44970;5
 44.18720;35.31833;      0.76639;3.44973;5
 44.22057;35.32000;      0.76689;3.44976;5
 44.25397;35.32167;      0.76701;3.44979;5
 44.28734;35.32333;      0.76725;3.44982;5
 44.32070;35.32500;      0.76775;3.44985;5
 44.35405;35.32667;      0.76799;3.44988;5
 44.38739;35.32833;      0.76811;3.44991;5
 44.42074;35.33000;      0.76823;3.44994;5
 44.45410;35.33167;      0.76835;3.44997;5
 44.48744;35.33333;      0.76860;3.45000;5
 44.52080;35.33500;      0.76884;3.45003;5
 44.55416;35.33667;      0.76934;3.45006;5
 44.58751;35.33833;      0.76996;3.45009;5
 44.62084;35.34000;      0.76982;3.45012;5
 44.65416;35.34167;      0.76944;3.45015;5
 44.68749;35.34333;      0.76868;3.45018;5
 44.72082;35.34500;      0.76855;3.45021;5
 44.75416;35.34667;      0.76867;3.45024;5
 44.78749;35.34833;      0.76891;3.45027;5
 44.82080;35.35000;      0.76941;3.45030;5
 44.85413;35.35167;      0.77003;3.45033;5
 44.88749;35.35333;      0.77053;3.45036;5
 44.92087;35.35500;      0.77090;3.45039;5
 44.95425;35.35667;      0.77127;3.45042;5
 44.98762;35.35833;      0.77164;3.45045;5
 45.02097;35.36000;      0.77188;3.45048;5
 45.05431;35.36167;      0.77200;3.45051;5
 45.08766;35.36333;      0.77212;3.45054;5
 45.12098;35.36500;      0.77186;3.45057;5
 45.15431;35.36667;      0.77173;3.45060;5
 45.18766;35.36833;      0.77147;3.45063;5
 45.22098;35.37000;      0.77146;3.45066;5
 45.25436;35.37167;      0.77146;3.45069;5
 45.28774;35.37333;      0.77145;3.45072;5
 45.32110;35.37500;      0.77144;3.45075;5
 45.35443;35.37667;      0.77144;3.45078;5
 45.38777;35.37833;      0.77156;3.45081;5
 45.42110;35.38000;      0.77205;3.45084;5
 45.45441;35.38167;      0.77242;3.45087;5
 45.48775;35.38333;      0.77267;3.45090;5
 45.52111;35.38500;      0.77291;3.45093;5
 45.55446;35.38667;      0.77341;3.45095;5
 45.58779;35.38833;      0.77428;3.45098;5
 45.62115;35.39000;      0.77465;3.45101;5
 45.65449;35.39167;      0.77489;3.45104;5
 45.68784;35.39333;      0.77526;3.45107;5
 45.72116;35.39500;      0.77551;3.45110;5
 45.75448;35.39667;      0.77563;3.45113;5
 45.78782;35.39833;      0.77575;3.45116;5
 45.82118;35.40000;      0.77561;3.45119;5
 45.85452;35.40167;      0.77548;3.45122;5
 45.88784;35.40333;      0.77497;3.45125;5
 45.92116;35.40500;      0.77484;3.45128;5
 45.95449;35.40667;      0.77484;3.45131;5
 45.98784;35.40833;      0.77495;3.45134;5
 46.02116;35.41000;      0.77507;3.45137;5
 46.05451;35.41167;      0.77519;3.45140;5
 46.08784;35.41333;      0.77531;3.45143;5
 46.12115;35.41500;      0.77505;3.45146;5
 46.15446;35.41667;      0.77517;3.45149;5
 46.18779;35.41833;      0.77516;3.45152;5
 46.22111;35.42000;      0.77528;3.45155;5
 46.25441;35.42167;      0.77540;3.45158;5
 46.28770;35.42333;      0.77552;3.45161;5
 46.32103;35.42500;      0.77564;3.45164;5
 46.35436;35.42667;      0.77588;3.45167;5
 46.38769;35.42833;      0.77600;3.45170;5
 46.42103;35.43000;      0.77600;3.45173;5
 46.45436;35.43167;      0.77624;3.45176;5
 46.48767;35.43333;      0.77636;3.45179;5
 46.52098;35.43500;      0.77648;3.45182;5
 46.55430;35.43667;      0.77622;3.45185;5
 46.58761;35.43833;      0.77622;3.45188;5
 46.62095;35.44000;      0.77621;3.45191;5
 46.65428;35.44167;      0.77645;3.45194;5
 46.68761;35.44333;      0.77657;3.45196;5
 46.72093;35.44500;      0.77682;3.45199;5
 46.75426;35.44667;      0.77694;3.45202;5
 46.78759;35.44833;      0.77705;3.45205;5
 46.82092;35.45000;      0.77717;3.45208;5
 46.85425;35.45167;      0.77742;3.45211;5
 46.88756;35.45333;      0.77754;3.45214;5
 46.92085;35.45500;      0.77778;3.45217;5
 46.95416;35.45667;      0.77778;3.45220;5
 46.98746;35.45833;      0.77789;3.45223;5
 47.02074;35.46000;      0.77801;3.45226;5
 47.05403;35.46167;      0.77813;3.45229;5
 47.08734;35.46333;      0.77812;3.45232;5
 47.12067;35.46500;      0.77824;3.45235;5
 47.15398;35.46667;      0.77836;3.45238;5
 47.18728;35.46833;      0.77848;3.45241;5
 47.22059;35.47000;      0.77847;3.45244;5
 47.25390;35.47167;      0.77872;3.45247;5
 47.28720;35.47333;      0.77871;3.45250;5
 47.32048;35.47500;      0.77883;3.45253;5
 47.35374;35.47667;      0.77895;3.45256;5
 47.38703;35.47833;      0.77894;3.45259;5
 47.42033;35.48000;      0.77919;3.45262;5
 47.45364;35.48167;      0.77931;3.45265;5
 47.48695;35.48333;      0.77943;3.45268;5
 47.52023;35.48500;      0.77954;3.45270;5
 47.55351;35.48667;      0.77941;3.45273;5
 47.58680;35.48833;      0.77916;3.45276;5
 47.62008;35.49000;      0.77915;3.45279;5
 47.65334;35.49167;      0.77927;3.45282;5
 47.68662;35.49333;      0.77939;3.45285;5
 47.71990;35.49500;      0.77938;3.45288;5
 47.75318;35.49667;      0.77937;3.45291;5
 47.78646;35.49833;      0.77949;3.45294;5
 47.81972;35.50000;      0.77961;3.45297;5
 47.85298;35.50167;      0.77973;3.45300;5
 47.88625;35.50333;      0.77985;3.45303;5
 47.91952;35.50500;      0.78022;3.45306;5
 47.95277;35.50667;      0.78046;3.45309;5
 47.98602;35.50833;      0.78071;3.45312;5
 48.01926;35.51000;      0.78095;3.45315;5
 48.05254;35.51167;      0.78107;3.45318;5
 48.08580;35.51333;      0.78131;3.45321;5
 48.11908;35.51500;      0.78156;3.45324;5
 48.15236;35.51667;      0.78205;3.45327;5
 48.18567;35.51833;      0.78255;3.45330;5
 48.21893;35.52000;      0.78292;3.45332;5
 48.25220;35.52167;      0.78291;3.45335;5
 48.28551;35.52333;      0.78291;3.45338;5
 48.31879;35.52500;      0.78290;3.45341;5
 48.35207;35.52667;      0.78289;3.45344;5
 48.38534;35.52833;      0.78301;3.45347;5
 48.41862;35.53000;      0.78326;3.45350;5
 48.45189;35.53167;      0.78338;3.45353;5
 48.48515;35.53333;      0.78349;3.45356;5
 48.51841;35.53500;      0.78349;3.45359;5
 48.55169;35.53667;      0.78361;3.45362;5
 48.58497;35.53833;      0.78385;3.45365;5
 48.61825;35.54000;      0.78384;3.45368;5
 48.65152;35.54167;      0.78409;3.45371;5
 48.68479;35.54333;      0.78408;3.45374;5
 48.71805;35.54500;      0.78420;3.45377;5
 48.75131;35.54667;      0.78444;3.45380;5
 48.78459;35.54833;      0.78469;3.45383;5
 48.81784;35.55000;      0.78493;3.45386;5
 48.85110;35.55167;      0.78505;3.45388;5
 48.88438;35.55333;      0.78517;3.45391;5
 48.91764;35.55500;      0.78541;3.45394;5
 48.95093;35.55667;      0.78553;3.45397;5
 48.98420;35.55833;      0.78565;3.45400;5
 49.01746;35.56000;      0.78564;3.45403;5
 49.05074;35.56167;      0.78576;3.45406;5
 49.08403;35.56333;      0.78588;3.45409;5
 49.11731;35.56500;      0.78613;3.45412;5
 49.15057;35.56667;      0.78625;3.45415;5
 49.18382;35.56833;      0.78611;3.45418;5
 49.21710;35.57000;      0.78623;3.45421;5
 49.25038;35.57167;      0.78623;3.45424;5
 49.28362;35.57333;      0.78635;3.45427;5
 49.31685;35.57500;      0.78621;3.45430;5
 49.35010;35.57667;      0.78621;3.45433;5
 49.38338;35.57833;      0.78620;3.45436;5
 49.41662;35.58000;      0.78632;3.45439;5
 49.44987;35.58167;      0.78644;3.45441;5
 49.48310;35.58333;      0.78643;3.45444;5
 49.51634;35.58500;      0.78655;3.45447;5
 49.54961;35.58667;      0.78629;3.45450;5
 49.58287;35.58833;      0.78591;3.45453;5
 49.61611;35.59000;      0.78565;3.45456;5
 49.64938;35.59167;      0.78552;3.45459;5
 49.68264;35.59333;      0.78539;3.45462;5
 49.71589;35.59500;      0.78563;3.45465;5
 49.74915;35.59667;      0.78562;3.45468;5
 49.78241;35.59833;      0.78574;3.45471;5
 49.81567;35.60000;      0.78574;3.45474;5
 49.84895;35.60167;      0.78586;3.45477;5
 49.88221;35.60333;      0.78610;3.45480;5
 49.91549;35.60500;      0.78634;3.45483;5
 49.94877;35.60667;      0.78646;3.45486;5
 49.98207;35.60833;      0.78671;3.45488;5
 50.01538;35.61000;      0.78708;3.45491;5
 50.04867;35.61167;      0.78720;3.45494;5
 50.08192;35.61333;      0.78719;3.45497;5
 50.11520;35.61500;      0.78743;3.45500;5
 50.14849;35.61667;      0.78718;3.45503;5
 50.18179;35.61833;      0.78704;3.45506;5
 50.21503;35.62000;      0.78691;3.45509;5
 50.24830;35.62167;      0.78703;3.45512;5
 50.28156;35.62333;      0.78702;3.45515;5
 50.31480;35.62500;      0.78702;3.45518;5
 50.34807;35.62667;      0.78713;3.45521;5
 50.38131;35.62833;      0.78725;3.45524;5
 50.41456;35.63000;      0.78737;3.45527;5
 50.44779;35.63167;      0.78737;3.45530;5
 50.48102;35.63333;      0.78736;3.45532;5
 50.51426;35.63500;      0.78723;3.45535;5
 50.54752;35.63667;      0.78722;3.45538;5
 50.58079;35.63833;      0.78721;3.45541;5
 50.61403;35.64000;      0.78721;3.45544;5
 50.64728;35.64167;      0.78720;3.45547;5
 50.68051;35.64333;      0.78719;3.45550;5
 50.71375;35.64500;      0.78719;3.45553;5
 50.74700;35.64667;      0.78731;3.45556;5
 50.78028;35.64833;      0.78730;3.45559;5
 50.81354;35.65000;      0.78742;3.45562;5
 50.84680;35.65167;      0.78741;3.45565;5
 50.88005;35.65333;      0.78765;3.45568;5
 50.91329;35.65500;      0.78715;3.45571;5
 50.94656;35.65667;      0.78714;3.45574;5
 50.97977;35.65833;      0.78726;3.45576;5
 51.01298;35.66000;      0.78750;3.45579;5
 51.04620;35.66167;      0.78787;3.45582;5
 51.07941;35.66333;      0.78812;3.45585;5
 51.11262;35.66500;      0.78861;3.45588;5
 51.14585;35.66667;      0.78911;3.45591;5
 51.17908;35.66833;      0.78948;3.45594;5
 51.21233;35.67000;      0.78972;3.45597;5
 51.24556;35.67167;      0.78971;3.45600;5
 51.27877;35.67333;      0.78983;3.45603;5
 51.31200;35.67500;      0.78983;3.45606;5
 51.34525;35.67667;      0.78982;3.45609;5
 51.37849;35.67833;      0.78981;3.45612;5
 51.41175;35.68000;      0.78993;3.45614;5
 51.44502;35.68167;      0.79018;3.45617;5
 51.47823;35.68333;      0.79029;3.45620;5
 51.51148;35.68500;      0.79066;3.45623;5
 51.54472;35.68667;      0.79103;3.45626;5
 51.57797;35.68833;      0.79128;3.45629;5
 51.61118;35.69000;      0.79115;3.45632;5
 51.64441;35.69167;      0.79114;3.45635;5
 51.67764;35.69333;      0.79101;3.45638;5
 51.71089;35.69500;      0.79113;3.45641;5
 51.74413;35.69667;      0.79112;3.45644;5
 51.77736;35.69833;      0.79124;3.45647;5
 51.81059;35.70000;      0.79136;3.45650;5
 51.84382;35.70167;      0.79148;3.45652;5
 51.87703;35.70333;      0.79147;3.45655;5
 51.91025;35.70500;      0.79159;3.45658;5
 51.94346;35.70667;      0.79171;3.45661;5
 51.97669;35.70833;      0.79170;3.45664;5
 52.00992;35.71000;      0.79182;3.45667;5
 52.04315;35.71167;      0.79206;3.45670;5
 52.07638;35.71333;      0.79218;3.45673;5
 52.10962;35.71500;      0.79217;3.45676;5
 52.14284;35.71667;      0.79217;3.45679;5
 52.17605;35.71833;      0.79216;3.45682;5
 52.20926;35.72000;      0.79228;3.45685;5
 52.24249;35.72167;      0.79240;3.45688;5
 52.27572;35.72333;      0.79202;3.45690;5
 52.30895;35.72500;      0.79188;3.45693;5
 52.34220;35.72667;      0.79175;3.45696;5
 52.37543;35.72833;      0.79149;3.45699;5
 52.40867;35.73000;      0.79149;3.45702;5
 52.44190;35.73167;      0.79135;3.45705;5
 52.47513;35.73333;      0.79135;3.45708;5
 52.50836;35.73500;      0.79134;3.45711;5
 52.54157;35.73667;      0.79133;3.45714;5
 52.57479;35.73833;      0.79133;3.45717;5
 52.60798;35.74000;      0.79145;3.45720;5
 52.64120;35.74167;      0.79144;3.45722;5
 52.67439;35.74333;      0.79131;3.45725;5
 52.70759;35.74500;      0.79130;3.45728;5
 52.74077;35.74667;      0.79142;3.45731;5
 52.77397;35.74833;      0.79166;3.45734;5
 52.80711;35.75000;      0.79191;3.45737;5
 52.84030;35.75167;      0.79215;3.45740;5
 52.87351;35.75333;      0.79227;3.45743;5
 52.90674;35.75500;      0.79264;3.45746;5
 52.93995;35.75667;      0.79276;3.45749;5
 52.97315;35.75833;      0.79313;3.45752;5
 53.00636;35.76000;      0.79325;3.45755;5
 53.03957;35.76167;      0.79337;3.45757;5
 53.07280;35.76333;      0.79298;3.45760;5
 53.10603;35.76500;      0.79285;3.45763;5
 53.13925;35.76667;      0.79247;3.45766;5
 53.17248;35.76833;      0.79234;3.45769;5
 53.20569;35.77000;      0.79233;3.45772;5
 53.23892;35.77167;      0.79232;3.45775;5
 53.27215;35.77333;      0.79244;3.45778;5
 53.30538;35.77500;      0.79244;3.45781;5
 53.33861;35.77667;      0.79256;3.45784;5
 53.37182;35.77833;      0.79255;3.45787;5
 53.40502;35.78000;      0.79267;3.45789;5
 53.43820;35.78167;      0.79279;3.45792;5
 53.47141;35.78333;      0.79315;3.45795;5
 53.50466;35.78500;      0.79352;3.45798;5
 53.53787;35.78667;      0.79364;3.45801;5
 53.57108;35.78833;      0.79351;3.45804;5
 53.60429;35.79000;      0.79325;3.45807;5
 53.63754;35.79167;      0.79325;3.45810;5
 53.67075;35.79333;      0.79336;3.45813;5
 53.70398;35.79500;      0.79336;3.45816;5
 53.73720;35.79667;      0.79322;3.45819;5
 53.77039;35.79833;      0.79322;3.45822;5
 53.80361;35.80000;      0.79334;3.45824;5
 53.83682;35.80167;      0.79333;3.45827;5
 53.87003;35.80333;      0.79345;3.45830;5
 53.90326;35.80500;      0.79357;3.45833;5
 53.93646;35.80667;      0.79381;3.45836;5
 53.96966;35.80833;      0.79393;3.45839;5
 54.00282;35.81000;      0.79418;3.45842;5
 54.03602;35.81167;      0.79417;3.45845;5
 54.06920;35.81333;      0.79416;3.45848;5
 54.10238;35.81500;      0.79403;3.45851;5
 54.13556;35.81667;      0.79390;3.45853;5
 54.16875;35.81833;      0.79377;3.45856;5
 54.20193;35.82000;      0.79338;3.45859;5
 54.23511;35.82167;      0.79313;3.45862;5
 54.26830;35.82333;      0.79299;3.45865;5
 54.30149;35.82500;      0.79311;3.45868;5
 54.33469;35.82667;      0.79336;3.45871;5
 54.36785;35.82833;      0.79373;3.45874;5
 54.40103;35.83000;      0.79385;3.45877;5
 54.43420;35.83167;      0.79434;3.45880;5
 54.46738;35.83333;      0.79446;3.45882;5
 54.50057;35.83500;      0.79445;3.45885;5
 54.53379;35.83667;      0.79469;3.45888;5
 54.56700;35.83833;      0.79481;3.45891;5
 54.60020;35.84000;      0.79493;3.45894;5
 54.63339;35.84167;      0.79493;3.45897;5
 54.66657;35.84333;      0.79505;3.45900;5
 54.69977;35.84500;      0.79516;3.45903;5
 54.73297;35.84667;      0.79516;3.45906;5
 54.76620;35.84833;      0.79515;3.45909;5
 54.79943;35.85000;      0.79527;3.45911;5
 54.83267;35.85167;      0.79539;3.45914;5
 54.86590;35.85333;      0.79551;3.45917;5
 54.89910;35.85500;      0.79625;3.45920;5
 54.93226;35.85667;      0.79687;3.45923;5
 54.96543;35.85833;      0.79712;3.45926;5
 54.99862;35.86000;      0.79748;3.45929;5
 55.03182;35.86167;      0.79748;3.45932;5
 55.06502;35.86333;      0.79760;3.45935;5
 55.09821;35.86500;      0.79772;3.45938;5
 55.13139;35.86667;      0.79771;3.45940;5
 55.16459;35.86833;      0.79770;3.45943;5
 55.19775;35.87000;      0.79745;3.45946;5
 55.23092;35.87167;      0.79731;3.45949;5
 55.26407;35.87333;      0.79731;3.45952;5
 55.29723;35.87500;      0.79730;3.45955;5
 55.33041;35.87667;      0.79742;3.45958;5
 55.36357;35.87833;      0.79741;3.45961;5
 55.39675;35.88000;      0.79728;3.45964;5
 55.42997;35.88167;      0.79715;3.45967;5
 55.46315;35.88333;      0.79714;3.45969;5
 55.49631;35.88500;      0.79713;3.45972;5
 55.52949;35.88667;      0.79713;3.45975;5
 55.56270;35.88833;      0.79700;3.45978;5
 55.59590;35.89000;      0.79724;3.45981;5
 55.62908;35.89167;      0.79711;3.45984;5
 55.66226;35.89333;      0.79723;3.45987;5
 55.69544;35.89500;      0.79722;3.45990;5
 55.72861;35.89667;      0.79834;3.45993;5
 55.76179;35.89833;      0.79871;3.45996;5
 55.79498;35.90000;      0.79883;3.45998;5
 55.82815;35.90167;      0.79882;3.46001;5
 55.86133;35.90333;      0.79856;3.46004;5
 55.89451;35.90500;      0.79831;3.46007;5
 55.92767;35.90667;      0.79830;3.46010;5
 55.96087;35.90833;      0.79829;3.46013;5
 55.99407;35.91000;      0.79829;3.46016;5
 56.02728;35.91167;      0.79815;3.46019;5
 56.06046;35.91333;      0.79815;3.46022;5
 56.09364;35.91500;      0.79802;3.46024;5
 56.12682;35.91667;      0.79788;3.46027;5
 56.15998;35.91833;      0.79788;3.46030;5
 56.19315;35.92000;      0.79850;3.46033;5
 56.22634;35.92167;      0.79862;3.46036;5
 56.25954;35.92333;      0.79898;3.46039;5
 56.29272;35.92500;      0.79923;3.46042;5
 56.32590;35.92667;      0.79935;3.46045;5
 56.35907;35.92833;      0.79959;3.46048;5
 56.39225;35.93000;      0.79971;3.46050;5
 56.42541;35.93167;      0.79995;3.46053;5
 56.45859;35.93333;      0.80032;3.46056;5
 56.49179;35.93500;      0.80069;3.46059;5
 56.52498;35.93667;      0.80094;3.46062;5
 56.55816;35.93833;      0.80131;3.46065;5
 56.59134;35.94000;      0.80142;3.46068;5
 56.62452;35.94167;      0.80154;3.46071;5
 56.65770;35.94333;      0.80154;3.46074;5
 56.69089;35.94500;      0.80115;3.46077;5
 56.72407;35.94667;      0.80102;3.46079;5
 56.75725;35.94833;      0.80089;3.46082;5
 56.79041;35.95000;      0.80076;3.46085;5
 56.82359;35.95167;      0.80075;3.46088;5
 56.85677;35.95333;      0.80074;3.46091;5
 56.88993;35.95500;      0.80061;3.46094;5
 56.92310;35.95667;      0.80048;3.46097;5
 56.95628;35.95833;      0.80060;3.46100;5
 56.98948;35.96000;      0.80109;3.46102;5
 57.02266;35.96167;      0.80134;3.46105;5
 57.05585;35.96333;      0.80146;3.46108;5
 57.08905;35.96500;      0.80145;3.46111;5
 57.12225;35.96667;      0.80144;3.46114;5
 57.15543;35.96833;      0.80156;3.46117;5
 57.18861;35.97000;      0.80130;3.46120;5
 57.22179;35.97167;      0.80130;3.46123;5
 57.25498;35.97333;      0.80142;3.46126;5
 57.28820;35.97500;      0.80153;3.46128;5
 57.32139;35.97667;      0.80178;3.46131;5
 57.35457;35.97833;      0.80190;3.46134;5
 57.38775;35.98000;      0.80214;3.46137;5
 57.42092;35.98167;      0.80213;3.46140;5
 57.45408;35.98333;      0.80200;3.46143;5
 57.48726;35.98500;      0.80224;3.46146;5
 57.52044;35.98667;      0.80236;3.46149;5
 57.55362;35.98833;      0.80261;3.46152;5
 57.58679;35.99000;      0.80273;3.46154;5
 57.61997;35.99167;      0.80259;3.46157;5
 57.65313;35.99333;      0.80259;3.46160;5
 57.68630;35.99500;      0.80246;3.46163;5
 57.71949;35.99667;      0.80270;3.46166;5
 57.75269;35.99833;      0.80294;3.46169;5
 57.78585;36.00000;      0.80331;3.46172;5
 57.81903;36.00167;      0.80356;3.46175;5
 57.85221;36.00333;      0.80393;3.46178;5
 57.88538;36.00500;      0.80442;3.46180;5
 57.91854;36.00667;      0.80491;3.46183;5
 57.95170;36.00833;      0.80528;3.46186;5
 57.98487;36.01000;      0.80553;3.46189;5
 58.01805;36.01167;      0.80552;3.46192;5
 58.05121;36.01333;      0.80564;3.46195;5
 58.08438;36.01500;      0.80551;3.46198;5
 58.11754;36.01667;      0.80537;3.46201;5
 58.15072;36.01833;      0.80549;3.46203;5
 58.18392;36.02000;      0.80574;3.46206;5
 58.21711;36.02167;      0.80573;3.46209;5
 58.25029;36.02333;      0.80572;3.46212;5
 58.28346;36.02500;      0.80609;3.46215;5
 58.31666;36.02667;      0.80608;3.46218;5
 58.34987;36.02833;      0.80558;3.46221;5
 58.38308;36.03000;      0.80544;3.46224;5
 58.41628;36.03167;      0.80544;3.46227;5
 58.44948;36.03333;      0.80556;3.46229;5
 58.48266;36.03500;      0.80555;3.46232;5
 58.51582;36.03667;      0.80554;3.46235;5
 58.54900;36.03833;      0.80566;3.46238;5
 58.58218;36.04000;      0.80591;3.46241;5
 58.61536;36.04167;      0.80615;3.46244;5
 58.64856;36.04333;      0.80639;3.46247;5
 58.68175;36.04500;      0.80639;3.46250;5
 58.71493;36.04667;      0.80626;3.46252;5
 58.74813;36.04833;      0.80612;3.46255;5
 58.78133;36.05000;      0.80612;3.46258;5
 58.81452;36.05167;      0.80598;3.46261;5
 58.84767;36.05333;      0.80610;3.46264;5
 58.88084;36.05500;      0.80610;3.46267;5
 58.91400;36.05667;      0.80609;3.46270;5
 58.94720;36.05833;      0.80621;3.46273;5
 58.98039;36.06000;      0.80645;3.46275;5
 59.01356;36.06167;      0.80695;3.46278;5
 59.04674;36.06333;      0.80719;3.46281;5
 59.07990;36.06500;      0.80756;3.46284;5
 59.11308;36.06667;      0.80755;3.46287;5
 59.14625;36.06833;      0.80767;3.46290;5
 59.17944;36.07000;      0.80766;3.46293;5
 59.21264;36.07167;      0.80741;3.46296;5
 59.24584;36.07333;      0.80727;3.46298;5
 59.27902;36.07500;      0.80689;3.46301;5
 59.31218;36.07667;      0.80664;3.46304;5
 59.34536;36.07833;      0.80663;3.46307;5
 59.37854;36.08000;      0.80650;3.46310;5
 59.41175;36.08167;      0.80649;3.46313;5
 59.44497;36.08333;      0.80636;3.46316;5
 59.47816;36.08500;      0.80648;3.46319;5
 59.51136;36.08667;      0.80634;3.46321;5
 59.54456;36.08833;      0.80609;3.46324;5
 59.57772;36.09000;      0.80608;3.46327;5
 59.61089;36.09167;      0.80620;3.46330;5
 59.64405;36.09333;      0.80632;3.46333;5
 59.67723;36.09500;      0.80656;3.46336;5
 59.71041;36.09667;      0.80655;3.46339;5
 59.74357;36.09833;      0.80642;3.46342;5
 59.77675;36.10000;      0.80629;3.46344;5
 59.80995;36.10167;      0.80616;3.46347;5
 59.84313;36.10333;      0.80615;3.46350;5
 59.87634;36.10500;      0.80627;3.46353;5
 59.90956;36.10667;      0.80651;3.46356;5
 59.94277;36.10833;      0.80688;3.46359;5
 59.97598;36.11000;      0.80713;3.46362;5
 60.00920;36.11167;      0.80749;3.46365;5
 60.04236;36.11333;      0.80774;3.46368;5
 60.07556;36.11500;      0.80748;3.46370;5
 60.10877;36.11667;      0.80748;3.46373;5
 60.14197;36.11833;      0.80772;3.46376;5
 60.17515;36.12000;      0.80796;3.46379;5
 60.20836;36.12167;      0.80796;3.46382;5
 60.24154;36.12333;      0.80795;3.46385;5
 60.27472;36.12500;      0.80794;3.46388;5
 60.30792;36.12667;      0.80806;3.46390;5
 60.34108;36.12833;      0.80818;3.46393;5
 60.37426;36.13000;      0.80830;3.46396;5
 60.40744;36.13167;      0.80829;3.46399;5
 60.44061;36.13333;      0.80841;3.46402;5
 60.47379;36.13500;      0.80878;3.46405;5
 60.50697;36.13667;      0.80915;3.46408;5
 60.54018;36.13833;      0.80927;3.46411;5
 60.57334;36.14000;      0.80926;3.46413;5
 60.60651;36.14167;      0.80950;3.46416;5
 60.63967;36.14333;      0.80950;3.46419;5
 60.67284;36.14500;      0.80961;3.46422;5
 60.70603;36.14667;      0.80973;3.46425;5
 60.73923;36.14833;      0.80985;3.46428;5
 60.77243;36.15000;      0.80997;3.46431;5
 60.80562;36.15167;      0.81009;3.46434;5
 60.83879;36.15333;      0.81033;3.46436;5
 60.87197;36.15500;      0.81045;3.46439;5
 60.90516;36.15667;      0.81082;3.46442;5
 60.93836;36.15833;      0.81094;3.46445;5
 60.97152;36.16000;      0.81118;3.46448;5
 61.00467;36.16167;      0.81155;3.46451;5
 61.03785;36.16333;      0.81167;3.46454;5
 61.07103;36.16500;      0.81191;3.46457;5
 61.10423;36.16667;      0.81190;3.46459;5
 61.13741;36.16833;      0.81202;3.46462;5
 61.17057;36.17000;      0.81227;3.46465;5
 61.20372;36.17167;      0.81264;3.46468;5
 61.23689;36.17333;      0.81288;3.46471;5
 61.27005;36.17500;      0.81312;3.46474;5
 61.30323;36.17667;      0.81324;3.46477;5
 61.33641;36.17833;      0.81323;3.46479;5
 61.36957;36.18000;      0.81348;3.46482;5
 61.40272;36.18167;      0.81347;3.46485;5
 61.43589;36.18333;      0.81346;3.46488;5
 61.46903;36.18500;      0.81371;3.46491;5
 61.50218;36.18667;      0.81370;3.46494;5
 61.53536;36.18833;      0.81382;3.46497;5
 61.56854;36.19000;      0.81394;3.46500;5
 61.60175;36.19167;      0.81418;3.46502;5
 61.63497;36.19333;      0.81442;3.46505;5
 61.66816;36.19500;      0.81454;3.46508;5
 61.70134;36.19667;      0.81479;3.46511;5
 61.73451;36.19833;      0.81515;3.46514;5
 61.76766;36.20000;      0.81552;3.46517;5
 61.80079;36.20167;      0.81564;3.46520;5
 61.83393;36.20333;      0.81601;3.46522;5
 61.86708;36.20500;      0.81613;3.46525;5
 61.90021;36.20667;      0.81612;3.46528;5
 61.93334;36.20833;      0.81624;3.46531;5
 61.96648;36.21000;      0.81648;3.46534;5
 61.99964;36.21167;      0.81660;3.46537;5
 62.03280;36.21333;      0.81722;3.46540;5
 62.06598;36.21500;      0.81759;3.46542;5
 62.09915;36.21667;      0.81783;3.46545;5
 62.13230;36.21833;      0.81808;3.46548;5
 62.16548;36.22000;      0.81807;3.46551;5
 62.19866;36.22167;      0.81794;3.46554;5
 62.23180;36.22333;      0.81781;3.46557;5
 62.26498;36.22500;      0.81780;3.46560;5
 62.29813;36.22667;      0.81779;3.46563;5
 62.33128;36.22833;      0.81791;3.46565;5
 62.36443;36.23000;      0.81815;3.46568;5
 62.39757;36.23167;      0.81815;3.46571;5
 62.43072;36.23333;      0.81826;3.46574;5
 62.46387;36.23500;      0.81838;3.46577;5
 62.49702;36.23667;      0.81850;3.46580;5
 62.53016;36.23833;      0.81875;3.46583;5
 62.56330;36.24000;      0.81874;3.46585;5
 62.59646;36.24167;      0.81898;3.46588;5
 62.62964;36.24333;      0.81885;3.46591;5
 62.66282;36.24500;      0.81884;3.46594;5
 62.69597;36.24667;      0.81871;3.46597;5
 62.72910;36.24833;      0.81858;3.46600;5
 62.76225;36.25000;      0.81870;3.46603;5
 62.79538;36.25167;      0.81882;3.46605;5
 62.82851;36.25333;      0.81931;3.46608;5
 62.86167;36.25500;      0.81955;3.46611;5
 62.89485;36.25667;      0.81967;3.46614;5
 62.92800;36.25833;      0.81966;3.46617;5
 62.96115;36.26000;      0.81978;3.46620;5
 62.99431;36.26167;      0.81990;3.46623;5
 63.02749;36.26333;      0.81989;3.46625;5
 63.06067;36.26500;      0.82001;3.46628;5
 63.09384;36.26667;      0.82013;3.46631;5
 63.12698;36.26833;      0.82012;3.46634;5
 63.16015;36.27000;      0.82012;3.46637;5
 63.19333;36.27167;      0.82036;3.46640;5
 63.22651;36.27333;      0.82048;3.46643;5
 63.25967;36.27500;      0.82060;3.46645;5
 63.29284;36.27667;      0.82059;3.46648;5
 63.32600;36.27833;      0.82058;3.46651;5
 63.35916;36.28000;      0.82058;3.46654;5
 63.39234;36.28167;      0.82070;3.46657;5
 63.42552;36.28333;      0.82081;3.46660;5
 63.45867;36.28500;      0.82093;3.46663;5
 63.49185;36.28667;      0.82105;3.46665;5
 63.52503;36.28833;      0.82029;3.46668;5
 63.55818;36.29000;      0.82016;3.46671;5
 63.59133;36.29167;      0.82040;3.46674;5
 63.62448;36.29333;      0.82027;3.46677;5
 63.65761;36.29500;      0.82039;3.46680;5
 63.69075;36.29667;      0.82038;3.46683;5
 63.72393;36.29833;      0.82063;3.46685;5
 63.75711;36.30000;      0.82087;3.46688;5
 63.79031;36.30167;      0.82111;3.46691;5
 63.82349;36.30333;      0.82136;3.46694;5
 63.85667;36.30500;      0.82148;3.46697;5
 63.88985;36.30667;      0.82184;3.46700;5
 63.92305;36.30833;      0.82209;3.46703;5
 63.95623;36.31000;      0.82208;3.46705;5
 63.98943;36.31167;      0.82232;3.46708;5
 64.02261;36.31333;      0.82244;3.46711;5
 64.05579;36.31500;      0.82256;3.46714;5
 64.08897;36.31667;      0.82280;3.46717;5
 64.12215;36.31833;      0.82292;3.46720;5
 64.15534;36.32000;      0.82316;3.46723;5
 64.18852;36.32167;      0.82316;3.46725;5
 64.22170;36.32333;      0.82340;3.46728;5
 64.25487;36.32500;      0.82364;3.46731;5
 64.28802;36.32667;      0.82389;3.46734;5
 64.32118;36.32833;      0.82401;3.46737;5
 64.35436;36.33000;      0.82412;3.46740;5
 64.38756;36.33167;      0.82424;3.46743;5
 64.42072;36.33333;      0.82411;3.46745;5
 64.45390;36.33500;      0.82398;3.46748;5
 64.48710;36.33667;      0.82372;3.46751;5
 64.52031;36.33833;      0.82372;3.46754;5
 64.55352;36.34000;      0.82371;3.46757;5
 64.58670;36.34167;      0.82370;3.46760;5
 64.61989;36.34333;      0.82369;3.46763;5
 64.65307;36.34500;      0.82406;3.46765;5
 64.68625;36.34667;      0.82431;3.46768;5
 64.71943;36.34833;      0.82443;3.46771;5
 64.75261;36.35000;      0.82467;3.46774;5
 64.78579;36.35167;      0.82491;3.46777;5
 64.81897;36.35333;      0.82503;3.46780;5
 64.85215;36.35500;      0.82515;3.46783;5
 64.88533;36.35667;      0.82527;3.46785;5
 64.91851;36.35833;      0.82563;3.46788;5
 64.95170;36.36000;      0.82575;3.46791;5
 64.98487;36.36167;      0.82600;3.46794;5
 65.01805;36.36333;      0.82599;3.46797;5
 65.05123;36.36500;      0.82598;3.46800;5
 65.08438;36.36667;      0.82585;3.46803;5
 65.11754;36.36833;      0.82597;3.46805;5
 65.15072;36.37000;      0.82609;3.46808;5
 65.18387;36.37167;      0.82596;3.46811;5
 65.21702;36.37333;      0.82582;3.46814;5
 65.25016;36.37500;      0.82607;3.46817;5
 65.28331;36.37667;      0.82656;3.46820;5
 65.31648;36.37833;      0.82705;3.46823;5
 65.34966;36.38000;      0.82755;3.46825;5
 65.38280;36.38167;      0.82791;3.46828;5
 65.41593;36.38333;      0.82816;3.46831;5
 65.44910;36.38500;      0.82840;3.46834;5
 65.48228;36.38667;      0.82864;3.46837;5
 65.51544;36.38833;      0.82889;3.46840;5
 65.54864;36.39000;      0.82901;3.46843;5
 65.58182;36.39167;      0.82912;3.46845;5
 65.61500;36.39333;      0.82949;3.46848;5
 65.64818;36.39500;      0.82974;3.46851;5
 65.68138;36.39667;      0.82998;3.46854;5
 65.71457;36.39833;      0.83010;3.46857;5
 65.74775;36.40000;      0.83034;3.46860;5
 65.78092;36.40167;      0.83046;3.46862;5
 65.81408;36.40333;      0.83045;3.46865;5
 65.84725;36.40500;      0.83044;3.46868;5
 65.88039;36.40667;      0.83031;3.46871;5
 65.91356;36.40833;      0.83018;3.46874;5
 65.94670;36.41000;      0.82980;3.46877;5
 65.97987;36.41167;      0.82967;3.46880;5
 66.01302;36.41333;      0.82953;3.46882;5
 66.04613;36.41500;      0.82965;3.46885;5
 66.07926;36.41667;      0.82952;3.46888;5
 66.11243;36.41833;      0.82964;3.46891;5
 66.14559;36.42000;      0.82988;3.46894;5
 66.17874;36.42167;      0.82988;3.46897;5
 66.21189;36.42333;      0.82999;3.46899;5
 66.24505;36.42500;      0.82999;3.46902;5
 66.27821;36.42667;      0.82985;3.46905;5
 66.31138;36.42833;      0.82972;3.46908;5
 66.34452;36.43000;      0.82934;3.46911;5
 66.37769;36.43167;      0.82896;3.46914;5
 66.41085;36.43333;      0.82883;3.46917;5
 66.44402;36.43500;      0.82882;3.46919;5
 66.47716;36.43667;      0.82869;3.46922;5
 66.51030;36.43833;      0.82881;3.46925;5
 66.54343;36.44000;      0.82893;3.46928;5
 66.57654;36.44167;      0.82904;3.46931;5
 66.60969;36.44333;      0.82904;3.46934;5
 66.64285;36.44500;      0.82928;3.46937;5
 66.67602;36.44667;      0.82952;3.46939;5
 66.70916;36.44833;      0.82977;3.46942;5
 66.74233;36.45000;      0.83026;3.46945;5
 66.77549;36.45167;      0.83063;3.46948;5
 66.80864;36.45333;      0.83062;3.46951;5
 66.84179;36.45500;      0.83049;3.46954;5
 66.87492;36.45667;      0.83048;3.46956;5
 66.90808;36.45833;      0.83060;3.46959;5
 66.94123;36.46000;      0.83059;3.46962;5
 66.97434;36.46167;      0.83059;3.46965;5
 67.00751;36.46333;      0.83046;3.46968;5
 67.04067;36.46500;      0.83032;3.46971;5
 67.07384;36.46667;      0.83032;3.46973;5
 67.10702;36.46833;      0.83031;3.46976;5
 67.14020;36.47000;      0.83055;3.46979;5
 67.17336;36.47167;      0.83067;3.46982;5
 67.20652;36.47333;      0.83079;3.46985;5
 67.23970;36.47500;      0.83091;3.46988;5
 67.27289;36.47667;      0.83103;3.46991;5
 67.30607;36.47833;      0.83102;3.46993;5
 67.33923;36.48000;      0.83089;3.46996;5
 67.37238;36.48167;      0.83063;3.46999;5
 67.40556;36.48333;      0.83062;3.47002;5
 67.43872;36.48500;      0.83049;3.47005;5
 67.47187;36.48667;      0.83036;3.47008;5
 67.50502;36.48833;      0.83060;3.47010;5
 67.53818;36.49000;      0.83072;3.47013;5
 67.57131;36.49167;      0.83059;3.47016;5
 67.60444;36.49333;      0.83058;3.47019;5
 67.63759;36.49500;      0.83033;3.47022;5
 67.67072;36.49667;      0.83032;3.47025;5
 67.70385;36.49833;      0.83031;3.47028;5
 67.73697;36.50000;      0.83031;3.47030;5
 67.77007;36.50167;      0.83067;3.47033;5
 67.80320;36.50333;      0.83104;3.47036;5
 67.83636;36.50500;      0.83128;3.47039;5
 67.86954;36.50667;      0.83140;3.47042;5
 67.90272;36.50833;      0.83152;3.47045;5
 67.93589;36.51000;      0.83126;3.47047;5
 67.96905;36.51167;      0.83101;3.47050;5
 68.00221;36.51333;      0.83100;3.47053;5
 68.03538;36.51500;      0.83099;3.47056;5
 68.06856;36.51667;      0.83111;3.47059;5
 68.10172;36.51833;      0.83123;3.47062;5
 68.13487;36.52000;      0.83135;3.47064;5
 68.16802;36.52167;      0.83147;3.47067;5
 68.20118;36.52333;      0.83158;3.47070;5
 68.23434;36.52500;      0.83170;3.47073;5
 68.26749;36.52667;      0.83182;3.47076;5
 68.30064;36.52833;      0.83194;3.47079;5
 68.33380;36.53000;      0.83181;3.47082;5
 68.36700;36.53167;      0.83168;3.47084;5
 68.40013;36.53333;      0.83179;3.47087;5
 68.43328;36.53500;      0.83191;3.47090;5
 68.46643;36.53667;      0.83203;3.47093;5
 68.49959;36.53833;      0.83227;3.47096;5
 68.53275;36.54000;      0.83239;3.47099;5
 68.56590;36.54167;      0.83238;3.47101;5
 68.59908;36.54333;      0.83250;3.47104;5
 68.63225;36.54500;      0.83262;3.47107;5
 68.66539;36.54667;      0.83274;3.47110;5
 68.69852;36.54833;      0.83273;3.47113;5
 68.73167;36.55000;      0.83272;3.47116;5
 68.76484;36.55167;      0.83272;3.47118;5
 68.79800;36.55333;      0.83271;3.47121;5
 68.83116;36.55500;      0.83270;3.47124;5
 68.86433;36.55667;      0.83282;3.47127;5
 68.89751;36.55833;      0.83306;3.47130;5
 68.93066;36.56000;      0.83331;3.47133;5
 68.96382;36.56167;      0.83355;3.47135;5
 68.99702;36.56333;      0.83367;3.47138;5
 69.03018;36.56500;      0.83354;3.47141;5
 69.06333;36.56667;      0.83365;3.47144;5
 69.09648;36.56833;      0.83377;3.47147;5
 69.12961;36.57000;      0.83377;3.47150;5
 69.16272;36.57167;      0.83388;3.47153;5
 69.19585;36.57333;      0.83388;3.47155;5
 69.22900;36.57500;      0.83387;3.47158;5
 69.26213;36.57667;      0.83387;3.47161;5
 69.29526;36.57833;      0.83398;3.47164;5
 69.32839;36.58000;      0.83410;3.47167;5
 69.36152;36.58167;      0.83422;3.47170;5
 69.39466;36.58333;      0.83421;3.47172;5
 69.42780;36.58500;      0.83433;3.47175;5
 69.46095;36.58667;      0.83432;3.47178;5
 69.49410;36.58833;      0.83419;3.47181;5
 69.52725;36.59000;      0.83418;3.47184;5
 69.56038;36.59167;      0.83405;3.47187;5
 69.59352;36.59333;      0.83392;3.47189;5
 69.62667;36.59500;      0.83416;3.47192;5
 69.65980;36.59667;      0.83453;3.47195;5
 69.69295;36.59833;      0.83477;3.47198;5
 69.72610;36.60000;      0.83502;3.47201;5
 69.75926;36.60167;      0.83539;3.47204;5
 69.79244;36.60333;      0.83563;3.47206;5
 69.82562;36.60500;      0.83575;3.47209;5
 69.85879;36.60667;      0.83586;3.47212;5
 69.89193;36.60833;      0.83611;3.47215;5
 69.92508;36.61000;      0.83622;3.47218;5
 69.95823;36.61167;      0.83647;3.47221;5
 69.99138;36.61333;      0.83646;3.47223;5
 70.02454;36.61500;      0.83658;3.47226;5
 70.05771;36.61667;      0.83670;3.47229;5
 70.09087;36.61833;      0.83669;3.47232;5
 70.12403;36.62000;      0.83681;3.47235;5
 70.15718;36.62167;      0.83680;3.47238;5
 70.19033;36.62333;      0.83692;3.47240;5
 70.22346;36.62500;      0.83691;3.47243;5
 70.25659;36.62667;      0.83691;3.47246;5
 70.28975;36.62833;      0.83702;3.47249;5
 70.32293;36.63000;      0.83739;3.47252;5
 70.35608;36.63167;      0.83763;3.47255;5
 70.38921;36.63333;      0.83775;3.47257;5
 70.42238;36.63500;      0.83787;3.47260;5
 70.45552;36.63667;      0.83799;3.47263;5
 70.48869;36.63833;      0.83823;3.47266;5
 70.52184;36.64000;      0.83847;3.47269;5
 70.55502;36.64167;      0.83859;3.47272;5
 70.58820;36.64333;      0.83871;3.47274;5
 70.62136;36.64500;      0.83895;3.47277;5
 70.65452;36.64667;      0.83895;3.47280;5
 70.68769;36.64833;      0.83919;3.47283;5
 70.72085;36.65000;      0.83943;3.47286;5
 70.75400;36.65167;      0.83955;3.47289;5
 70.78715;36.65333;      0.83967;3.47291;5
 70.82028;36.65500;      0.83978;3.47294;5
 70.85343;36.65667;      0.84015;3.47297;5
 70.88659;36.65833;      0.84039;3.47300;5
 70.91975;36.66000;      0.84064;3.47303;5
 70.95293;36.66167;      0.84076;3.47306;5
 70.98610;36.66333;      0.84087;3.47309;5
 71.01923;36.66500;      0.84124;3.47311;5
 71.05238;36.66667;      0.84123;3.47314;5
 71.08554;36.66833;      0.84135;3.47317;5
 71.11872;36.67000;      0.84134;3.47320;5
 71.15190;36.67167;      0.84146;3.47323;5
 71.18508;36.67333;      0.84158;3.47326;5
 71.21826;36.67500;      0.84157;3.47328;5
 71.25144;36.67667;      0.84169;3.47331;5
 71.28464;36.67833;      0.84169;3.47334;5
 71.31784;36.68000;      0.84180;3.47337;5
 71.35102;36.68167;      0.84192;3.47340;5
 71.38420;36.68333;      0.84204;3.47343;5
 71.41739;36.68500;      0.84216;3.47345;5
 71.45056;36.68667;      0.84215;3.47348;5
 71.48374;36.68833;      0.84264;3.47351;5
 71.51693;36.69000;      0.84301;3.47354;5
 71.55011;36.69167;      0.84325;3.47357;5
 71.58328;36.69333;      0.84374;3.47360;5
 71.61644;36.69500;      0.84374;3.47362;5
 71.64964;36.69667;      0.84373;3.47365;5
 71.68284;36.69833;      0.84372;3.47368;5
 71.71603;36.70000;      0.84384;3.47371;5
 71.74921;36.70167;      0.84371;3.47374;5
 71.78238;36.70333;      0.84383;3.47377;5
 71.81556;36.70500;      0.84407;3.47379;5
 71.84872;36.70667;      0.84431;3.47382;5
 71.88187;36.70833;      0.84468;3.47385;5
 71.91503;36.71000;      0.84492;3.47388;5
 71.94821;36.71167;      0.84517;3.47391;5
 71.98139;36.71333;      0.84528;3.47394;5
 72.01457;36.71500;      0.84540;3.47396;5
 72.04774;36.71667;      0.84540;3.47399;5
 72.08090;36.71833;      0.84539;3.47402;5
 72.11408;36.72000;      0.84513;3.47405;5
 72.14725;36.72167;      0.84525;3.47408;5
 72.18041;36.72333;      0.84499;3.47411;5
 72.21357;36.72500;      0.84474;3.47413;5
 72.24674;36.72667;      0.84461;3.47416;5
 72.27992;36.72833;      0.84447;3.47419;5
 72.31307;36.73000;      0.84434;3.47422;5
 72.34621;36.73167;      0.84421;3.47425;5
 72.37939;36.73333;      0.84408;3.47428;5
 72.41257;36.73500;      0.84420;3.47430;5
 72.44575;36.73667;      0.84432;3.47433;5
 72.47892;36.73833;      0.84418;3.47436;5
 72.51207;36.74000;      0.84430;3.47439;5
 72.54523;36.74167;      0.84442;3.47442;5
 72.57839;36.74333;      0.84454;3.47445;5
 72.61156;36.74500;      0.84465;3.47447;5
 72.64470;36.74667;      0.84490;3.47450;5
 72.67787;36.74833;      0.84527;3.47453;5
 72.71105;36.75000;      0.84576;3.47456;5
 72.74423;36.75167;      0.84637;3.47459;5
 72.77741;36.75333;      0.84687;3.47461;5
 72.81059;36.75500;      0.84711;3.47464;5
 72.84377;36.75667;      0.84735;3.47467;5
 72.87697;36.75833;      0.84759;3.47470;5
 72.91015;36.76000;      0.84759;3.47473;5
 72.94333;36.76167;      0.84758;3.47476;5
 72.97649;36.76333;      0.84745;3.47478;5
 73.00966;36.76500;      0.84744;3.47481;5
 73.04284;36.76667;      0.84743;3.47484;5
 73.07602;36.76833;      0.84743;3.47487;5
 73.10920;36.77000;      0.84742;3.47490;5
 73.14238;36.77167;      0.84779;3.47493;5
 73.17557;36.77333;      0.84865;3.47495;5
 73.20875;36.77500;      0.84902;3.47498;5
 73.24192;36.77667;      0.84939;3.47501;5
 73.27508;36.77833;      0.84926;3.47504;5
 73.30825;36.78000;      0.84913;3.47507;5
 73.34139;36.78167;      0.84912;3.47510;5
 73.37456;36.78333;      0.84911;3.47512;5
 73.40774;36.78500;      0.84911;3.47515;5
 73.44092;36.78667;      0.84910;3.47518;5
 73.47410;36.78833;      0.84922;3.47521;5
 73.50728;36.79000;      0.84958;3.47524;5
 73.54044;36.79167;      0.84983;3.47527;5
 73.57362;36.79333;      0.85007;3.47529;5
 73.60682;36.79500;      0.85019;3.47532;5
 73.64002;36.79667;      0.85030;3.47535;5
 73.67318;36.79833;      0.85042;3.47538;5
 73.70634;36.80000;      0.85041;3.47541;5
 73.73951;36.80167;      0.85053;3.47544;5
 73.77269;36.80333;      0.85053;3.47546;5
 73.80587;36.80500;      0.85077;3.47549;5
 73.83903;36.80667;      0.85076;3.47552;5
 73.87221;36.80833;      0.85100;3.47555;5
 73.90538;36.81000;      0.85112;3.47558;5
 73.93854;36.81167;      0.85136;3.47561;5
 73.97172;36.81333;      0.85148;3.47563;5
 74.00489;36.81500;      0.85160;3.47566;5
 74.03805;36.81667;      0.85184;3.47569;5
 74.07121;36.81833;      0.85196;3.47572;5
 74.10439;36.82000;      0.85208;3.47575;5
 74.13756;36.82167;      0.85220;3.47577;5
 74.17072;36.82333;      0.85244;3.47580;5
 74.20390;36.82500;      0.85281;3.47583;5
 74.23710;36.82667;      0.85317;3.47586;5
 74.27028;36.82833;      0.85354;3.47589;5
 74.30344;36.83000;      0.85378;3.47592;5
 74.33661;36.83167;      0.85390;3.47594;5
 74.36977;36.83333;      0.85414;3.47597;5
 74.40292;36.83500;      0.85439;3.47600;5
 74.43608;36.83667;      0.85450;3.47603;5
 74.46926;36.83833;      0.85462;3.47606;5
 74.50244;36.84000;      0.85461;3.47609;5
 74.53562;36.84167;      0.85486;3.47611;5
 74.56879;36.84333;      0.85485;3.47614;5
 74.60195;36.84500;      0.85484;3.47617;5
 74.63510;36.84667;      0.85496;3.47620;5
 74.66828;36.84833;      0.85508;3.47623;5
 74.70144;36.85000;      0.85507;3.47626;5
 74.73461;36.85167;      0.85507;3.47628;5
 74.76775;36.85333;      0.85518;3.47631;5
 74.80092;36.85500;      0.85518;3.47634;5
 74.83408;36.85667;      0.85517;3.47637;5
 74.86725;36.85833;      0.85529;3.47640;5
 74.90041;36.86000;      0.85528;3.47643;5
 74.93359;36.86167;      0.85527;3.47645;5
 74.96675;36.86333;      0.85539;3.47648;5
 74.99993;36.86500;      0.85551;3.47651;5
 75.03313;36.86667;      0.85588;3.47654;5
 75.06633;36.86833;      0.85587;3.47657;5
 75.09952;36.87000;      0.85599;3.47659;5
 75.13270;36.87167;      0.85610;3.47662;5
 75.16587;36.87333;      0.85597;3.47665;5
 75.19903;36.87500;      0.85596;3.47668;5
 75.23221;36.87667;      0.85596;3.47671;5
 75.26539;36.87833;      0.85583;3.47674;5
 75.29857;36.88000;      0.85582;3.47676;5
 75.33174;36.88167;      0.85594;3.47679;5
 75.36492;36.88333;      0.85593;3.47682;5
 75.39810;36.88500;      0.85592;3.47685;5
 75.43128;36.88667;      0.85592;3.47688;5
 75.46446;36.88833;      0.85591;3.47691;5
 75.49764;36.89000;      0.85578;3.47693;5
 75.53084;36.89167;      0.85564;3.47696;5
 75.56403;36.89333;      0.85564;3.47699;5
 75.59721;36.89500;      0.85551;3.47702;5
 75.63039;36.89667;      0.85562;3.47705;5
 75.66356;36.89833;      0.85562;3.47708;5
 75.69674;36.90000;      0.85574;3.47710;5
 75.72992;36.90167;      0.85598;3.47713;5
 75.76308;36.90333;      0.85635;3.47716;5
 75.79625;36.90500;      0.85659;3.47719;5
 75.82943;36.90667;      0.85671;3.47722;5
 75.86262;36.90833;      0.85695;3.47724;5
 75.89580;36.91000;      0.85669;3.47727;5
 75.92900;36.91167;      0.85681;3.47730;5
 75.96218;36.91333;      0.85705;3.47733;5
 75.99534;36.91500;      0.85729;3.47736;5
 76.02854;36.91667;      0.85741;3.47739;5
 76.06172;36.91833;      0.85753;3.47741;5
 76.09490;36.92000;      0.85765;3.47744;5
 76.12808;36.92167;      0.85777;3.47747;5
 76.16126;36.92333;      0.85788;3.47750;5
 76.19446;36.92500;      0.85812;3.47753;5
 76.22762;36.92667;      0.85824;3.47756;5
 76.26079;36.92833;      0.85836;3.47758;5
 76.29397;36.93000;      0.85860;3.47761;5
 76.32716;36.93167;      0.85884;3.47764;5
 76.36034;36.93333;      0.85909;3.47767;5
 76.39354;36.93500;      0.85945;3.47770;5
 76.42674;36.93667;      0.85970;3.47772;5
 76.45992;36.93833;      0.85981;3.47775;5
 76.49310;36.94000;      0.85993;3.47778;5
 76.52630;36.94167;      0.86017;3.47781;5
 76.55949;36.94333;      0.86029;3.47784;5
 76.59272;36.94500;      0.86041;3.47787;5
 76.62593;36.94667;      0.86053;3.47789;5
 76.65916;36.94833;      0.86027;3.47792;5
 76.69239;36.95000;      0.86014;3.47795;5
 76.72561;36.95167;      0.86001;3.47798;5
 76.75880;36.95333;      0.85988;3.47801;5
 76.79202;36.95500;      0.85987;3.47804;5
 76.82525;36.95667;      0.85986;3.47806;5
 76.85848;36.95833;      0.85986;3.47809;5
 76.89169;36.96000;      0.86035;3.47812;5
 76.92489;36.96167;      0.86084;3.47815;5
 76.95807;36.96333;      0.86108;3.47818;5
 76.99126;36.96500;      0.86145;3.47821;5
 77.02443;36.96667;      0.86169;3.47823;5
 77.05757;36.96833;      0.86193;3.47826;5
 77.09074;36.97000;      0.86217;3.47829;5
 77.12390;36.97167;      0.86242;3.47832;5
 77.15707;36.97333;      0.86278;3.47835;5
 77.19023;36.97500;      0.86327;3.47837;5
 77.22341;36.97667;      0.86389;3.47840;5
 77.25659;36.97833;      0.86438;3.47843;5
 77.28977;36.98000;      0.86487;3.47846;5
 77.32298;36.98167;      0.86524;3.47849;5
 77.35620;36.98333;      0.86561;3.47852;5
 77.38939;36.98500;      0.86585;3.47854;5
 77.42259;36.98667;      0.86584;3.47857;5
 77.45577;36.98833;      0.86571;3.47860;5
 77.48893;36.99000;      0.86558;3.47863;5
 77.52211;36.99167;      0.86570;3.47866;5
 77.55528;36.99333;      0.86544;3.47869;5
 77.58844;36.99500;      0.86543;3.47871;5
 77.62164;36.99667;      0.86568;3.47874;5
 77.65484;36.99833;      0.86642;3.47877;5
 77.68803;37.00000;      0.86678;3.47880;5
 77.72123;37.00167;      0.86715;3.47883;5
 77.75441;37.00333;      0.86752;3.47885;5
 77.78759;37.00500;      0.86763;3.47888;5
 77.82079;37.00667;      0.86763;3.47891;5
 77.85397;37.00833;      0.86775;3.47894;5
 77.88715;37.01000;      0.86786;3.47897;5
 77.92034;37.01167;      0.86798;3.47900;5
 77.95352;37.01333;      0.86810;3.47902;5
 77.98672;37.01500;      0.86822;3.47905;5
 78.01990;37.01667;      0.86846;3.47908;5
 78.05308;37.01833;      0.86858;3.47911;5
 78.08628;37.02000;      0.86869;3.47914;5
 78.11948;37.02167;      0.86881;3.47916;5
 78.15266;37.02333;      0.86893;3.47919;5
 78.18584;37.02500;      0.86905;3.47922;5
 78.21903;37.02667;      0.86916;3.47925;5
 78.25225;37.02833;      0.86928;3.47928;5
 78.28544;37.03000;      0.86927;3.47931;5
 78.31866;37.03167;      0.86914;3.47933;5
 78.35185;37.03333;      0.86914;3.47936;5
 78.38505;37.03500;      0.86900;3.47939;5
 78.41825;37.03667;      0.86900;3.47942;5
 78.45144;37.03833;      0.86899;3.47945;5
 78.48462;37.04000;      0.86911;3.47947;5
 78.51777;37.04167;      0.86910;3.47950;5
 78.55093;37.04333;      0.86934;3.47953;5
 78.58411;37.04500;      0.86921;3.47956;5
 78.61726;37.04667;      0.86908;3.47959;5
 78.65043;37.04833;      0.86895;3.47962;5
 78.68359;37.05000;      0.86882;3.47964;5
 78.71672;37.05167;      0.86881;3.47967;5
 78.74987;37.05333;      0.86880;3.47970;5
 78.78300;37.05500;      0.86892;3.47973;5
 78.81613;37.05667;      0.86891;3.47976;5
 78.84926;37.05833;      0.86878;3.47978;5
 78.88238;37.06000;      0.86890;3.47981;5
 78.91552;37.06167;      0.86927;3.47984;5
 78.94867;37.06333;      0.86988;3.47987;5
 78.98182;37.06500;      0.87012;3.47990;5
 79.01497;37.06667;      0.87012;3.47993;5
 79.04815;37.06833;      0.86949;3.47995;5
 79.08131;37.07000;      0.86923;3.47998;5
 79.11446;37.07167;      0.86910;3.48001;5
 79.14764;37.07333;      0.86897;3.48004;5
 79.18082;37.07500;      0.86896;3.48007;5
 79.21400;37.07667;      0.86883;3.48009;5
 79.24716;37.07833;      0.86870;3.48012;5
 79.28033;37.08000;      0.86881;3.48015;5
 79.31349;37.08167;      0.86868;3.48018;5
 79.34664;37.08333;      0.86868;3.48021;5
 79.37979;37.08500;      0.86854;3.48024;5
 79.41293;37.08667;      0.86854;3.48026;5
 79.44608;37.08833;      0.86841;3.48029;5
 79.47925;37.09000;      0.86827;3.48032;5
 79.51239;37.09167;      0.86802;3.48035;5
 79.54552;37.09333;      0.86801;3.48038;5
 79.57867;37.09500;      0.86788;3.48040;5
 79.61182;37.09667;      0.86775;3.48043;5
 79.64495;37.09833;      0.86774;3.48046;5
 79.67808;37.10000;      0.86749;3.48049;5
 79.71123;37.10167;      0.86735;3.48052;5
 79.74438;37.10333;      0.86722;3.48055;5
 79.77752;37.10500;      0.86709;3.48057;5
 79.81067;37.10667;      0.86696;3.48060;5
 79.84382;37.10833;      0.86695;3.48063;5
 79.87697;37.11000;      0.86682;3.48066;5
 79.91010;37.11167;      0.86669;3.48069;5
 79.94321;37.11333;      0.86668;3.48071;5
 79.97634;37.11500;      0.86667;3.48074;5
 80.00949;37.11667;      0.86667;3.48077;5
 80.04264;37.11833;      0.86654;3.48080;5
 80.07577;37.12000;      0.86665;3.48083;5
 80.10890;37.12167;      0.86689;3.48085;5
 80.14205;37.12333;      0.86751;3.48088;5
 80.17521;37.12500;      0.86800;3.48091;5
 80.20839;37.12667;      0.86824;3.48094;5
 80.24154;37.12833;      0.86861;3.48097;5
 80.27469;37.13000;      0.86873;3.48100;5
 80.30784;37.13167;      0.86884;3.48102;5
 80.34097;37.13333;      0.86896;3.48105;5
 80.37408;37.13500;      0.86883;3.48108;5
 80.40723;37.13667;      0.86895;3.48111;5
 80.44036;37.13833;      0.86919;3.48114;5
 80.47349;37.14000;      0.86918;3.48116;5
 80.50664;37.14167;      0.86930;3.48119;5
 80.53982;37.14333;      0.86929;3.48122;5
 80.57298;37.14500;      0.86929;3.48125;5
 80.60613;37.14667;      0.86891;3.48128;5
 80.63928;37.14833;      0.86890;3.48130;5
 80.67243;37.15000;      0.86877;3.48133;5
 80.70557;37.15167;      0.86889;3.48136;5
 80.73872;37.15333;      0.86913;3.48139;5
 80.77187;37.15500;      0.86912;3.48142;5
 80.80505;37.15667;      0.86899;3.48145;5
 80.83823;37.15833;      0.86873;3.48147;5
 80.87141;37.16000;      0.86848;3.48150;5
 80.90457;37.16167;      0.86847;3.48153;5
 80.93772;37.16333;      0.86884;3.48156;5
 80.97090;37.16500;      0.86895;3.48159;5
 81.00410;37.16667;      0.86895;3.48161;5
 81.03728;37.16833;      0.86919;3.48164;5
 81.07046;37.17000;      0.86931;3.48167;5
 81.10364;37.17167;      0.86955;3.48170;5
 81.13684;37.17333;      0.86979;3.48173;5
 81.16998;37.17500;      0.86991;3.48176;5
 81.20313;37.17667;      0.86990;3.48178;5
 81.23629;37.17833;      0.86989;3.48181;5
 81.26944;37.18000;      0.86964;3.48184;5
 81.30259;37.18167;      0.86963;3.48187;5
 81.33574;37.18333;      0.86962;3.48190;5
 81.36887;37.18500;      0.86962;3.48192;5
 81.40202;37.18667;      0.86973;3.48195;5
 81.43516;37.18833;      0.86973;3.48198;5
 81.46831;37.19000;      0.86997;3.48201;5
 81.50144;37.19167;      0.86996;3.48204;5
 81.53459;37.19333;      0.86983;3.48206;5
 81.56775;37.19500;      0.86982;3.48209;5
 81.60092;37.19667;      0.86982;3.48212;5
 81.63408;37.19833;      0.86981;3.48215;5
 81.66723;37.20000;      0.86980;3.48218;5
 81.70039;37.20167;      0.86955;3.48220;5
 81.73354;37.20333;      0.86941;3.48223;5
 81.76670;37.20500;      0.86903;3.48226;5
 81.79989;37.20667;      0.86878;3.48229;5
 81.83305;37.20833;      0.86877;3.48232;5
 81.86621;37.21000;      0.86876;3.48235;5
 81.89938;37.21167;      0.86876;3.48237;5
 81.93254;37.21333;      0.86875;3.48240;5
 81.96569;37.21500;      0.86887;3.48243;5
 81.99885;37.21667;      0.86886;3.48246;5
 82.03200;37.21833;      0.86898;3.48249;5
 82.06515;37.22000;      0.86897;3.48251;5
 82.09829;37.22167;      0.86909;3.48254;5
 82.13146;37.22333;      0.86908;3.48257;5
 82.16461;37.22500;      0.86883;3.48260;5
 82.19774;37.22667;      0.86869;3.48263;5
 82.23087;37.22833;      0.86856;3.48265;5
 82.26402;37.23000;      0.86868;3.48268;5
 82.29716;37.23167;      0.86867;3.48271;5
 82.33031;37.23333;      0.86867;3.48274;5
 82.36344;37.23500;      0.86903;3.48277;5
 82.39661;37.23667;      0.86890;3.48280;5
 82.42975;37.23833;      0.86877;3.48282;5
 82.46292;37.24000;      0.86876;3.48285;5
 82.49608;37.24167;      0.86863;3.48288;5
 82.52925;37.24333;      0.86862;3.48291;5
 82.56241;37.24500;      0.86862;3.48294;5
 82.59557;37.24667;      0.86861;3.48296;5
 82.62872;37.24833;      0.86873;3.48299;5
 82.66189;37.25000;      0.86860;3.48302;5
 82.69503;37.25167;      0.86859;3.48305;5
 82.72818;37.25333;      0.86871;3.48308;5
 82.76136;37.25500;      0.86870;3.48310;5
 82.79454;37.25667;      0.86882;3.48313;5
 82.82769;37.25833;      0.86931;3.48316;5
 82.86085;37.26000;      0.86942;3.48319;5
 82.89400;37.26167;      0.86954;3.48322;5
 82.92716;37.26333;      0.86966;3.48324;5
 82.96034;37.26500;      0.86978;3.48327;5
 82.99349;37.26667;      0.86989;3.48330;5
 83.02659;37.26833;      0.87001;3.48333;5
 83.05972;37.27000;      0.87013;3.48336;5
 83.09285;37.27167;      0.87025;3.48339;5
 83.12600;37.27333;      0.87036;3.48341;5
 83.15913;37.27500;      0.87036;3.48344;5
 83.19228;37.27667;      0.87047;3.48347;5
 83.22539;37.27833;      0.87059;3.48350;5
 83.25852;37.28000;      0.87071;3.48353;5
 83.29169;37.28167;      0.87083;3.48355;5
 83.32485;37.28333;      0.87119;3.48358;5
 83.35800;37.28500;      0.87143;3.48361;5
 83.39115;37.28667;      0.87168;3.48364;5
 83.42430;37.28833;      0.87192;3.48367;5
 83.45748;37.29000;      0.87266;3.48369;5
 83.49066;37.29167;      0.87302;3.48372;5
 83.52384;37.29333;      0.87339;3.48375;5
 83.55702;37.29500;      0.87376;3.48378;5
 83.59018;37.29667;      0.87400;3.48381;5
 83.62333;37.29833;      0.87424;3.48383;5
 83.65648;37.30000;      0.87448;3.48386;5
 83.68964;37.30167;      0.87472;3.48389;5
 83.72277;37.30333;      0.87509;3.48392;5
 83.75592;37.30500;      0.87546;3.48395;5
 83.78905;37.30667;      0.87570;3.48398;5
 83.82218;37.30833;      0.87582;3.48400;5
 83.85533;37.31000;      0.87606;3.48403;5
 83.88848;37.31167;      0.87630;3.48406;5
 83.92162;37.31333;      0.87654;3.48409;5
 83.95477;37.31500;      0.87653;3.48412;5
 83.98797;37.31667;      0.87665;3.48414;5
 84.02115;37.31833;      0.87664;3.48417;5
 84.05434;37.32000;      0.87664;3.48420;5
 84.08754;37.32167;      0.87675;3.48423;5
 84.12072;37.32333;      0.87687;3.48426;5
 84.15390;37.32500;      0.87699;3.48428;5
 84.18708;37.32667;      0.87736;3.48431;5
 84.22026;37.32833;      0.87760;3.48434;5
 84.25343;37.33000;      0.87784;3.48437;5
 84.28659;37.33167;      0.87796;3.48440;5
 84.31975;37.33333;      0.87782;3.48442;5
 84.35293;37.33500;      0.87769;3.48445;5
 84.38613;37.33667;      0.87756;3.48448;5
 84.41930;37.33833;      0.87755;3.48451;5
 84.45246;37.34000;      0.87730;3.48454;5
 84.48562;37.34167;      0.87729;3.48457;5
 84.51879;37.34333;      0.87716;3.48459;5
 84.55195;37.34500;      0.87690;3.48462;5
 84.58508;37.34667;      0.87690;3.48465;5
 84.61823;37.34833;      0.87689;3.48468;5
 84.65141;37.35000;      0.87688;3.48471;5
 84.68459;37.35167;      0.87700;3.48473;5
 84.71777;37.35333;      0.87712;3.48476;5
 84.75093;37.35500;      0.87761;3.48479;5
 84.78410;37.35667;      0.87797;3.48482;5
 84.81726;37.35833;      0.87822;3.48485;5
 84.85044;37.36000;      0.87821;3.48487;5
 84.88361;37.36167;      0.87833;3.48490;5
 84.91677;37.36333;      0.87844;3.48493;5
 84.94995;37.36500;      0.87868;3.48496;5
 84.98310;37.36667;      0.87893;3.48499;5
 85.01626;37.36833;      0.87904;3.48501;5
 85.04946;37.37000;      0.87916;3.48504;5
 85.08264;37.37167;      0.87915;3.48507;5
 85.11580;37.37333;      0.87927;3.48510;5
 85.14897;37.37500;      0.87951;3.48513;5
 85.18213;37.37667;      0.87963;3.48515;5
 85.21531;37.37833;      0.87987;3.48518;5
 85.24852;37.38000;      0.88011;3.48521;5
 85.28172;37.38167;      0.88036;3.48524;5
 85.31490;37.38333;      0.88060;3.48527;5
 85.34807;37.38500;      0.88084;3.48530;5
 85.38125;37.38667;      0.88121;3.48532;5
 85.41443;37.38833;      0.88132;3.48535;5
 85.44761;37.39000;      0.88156;3.48538;5
 85.48077;37.39167;      0.88168;3.48541;5
 85.51393;37.39333;      0.88167;3.48544;5
 85.54711;37.39500;      0.88179;3.48546;5
 85.58030;37.39667;      0.88203;3.48549;5
 85.61349;37.39833;      0.88203;3.48552;5
 85.64671;37.40000;      0.88214;3.48555;5
 85.67992;37.40167;      0.88201;3.48558;5
 85.71310;37.40333;      0.88213;3.48560;5
 85.74628;37.40500;      0.88187;3.48563;5
 85.77946;37.40667;      0.88174;3.48566;5
 85.81266;37.40833;      0.88174;3.48569;5
 85.84585;37.41000;      0.88198;3.48572;5
 85.87905;37.41167;      0.88197;3.48574;5
 85.91223;37.41333;      0.88221;3.48577;5
 85.94541;37.41500;      0.88283;3.48580;5
 85.97861;37.41667;      0.88332;3.48583;5
 86.01177;37.41833;      0.88381;3.48586;5
 86.04495;37.42000;      0.88405;3.48589;5
 86.07811;37.42167;      0.88441;3.48591;5
 86.11126;37.42333;      0.88478;3.48594;5
 86.14444;37.42500;      0.88490;3.48597;5
 86.17761;37.42667;      0.88514;3.48600;5
 86.21075;37.42833;      0.88513;3.48603;5
 86.24392;37.43000;      0.88500;3.48605;5
 86.27710;37.43167;      0.88512;3.48608;5
 86.31028;37.43333;      0.88511;3.48611;5
 86.34346;37.43500;      0.88510;3.48614;5
 86.37661;37.43667;      0.88510;3.48617;5
 86.40975;37.43833;      0.88509;3.48619;5
 86.44293;37.44000;      0.88508;3.48622;5
 86.47613;37.44167;      0.88507;3.48625;5
 86.50931;37.44333;      0.88507;3.48628;5
 86.54248;37.44500;      0.88581;3.48631;5
 86.57564;37.44667;      0.88642;3.48633;5
 86.60884;37.44833;      0.88691;3.48636;5
 86.64202;37.45000;      0.88703;3.48639;5
 86.67518;37.45167;      0.88727;3.48642;5
 86.70834;37.45333;      0.88714;3.48645;5
 86.74152;37.45500;      0.88725;3.48647;5
 86.77470;37.45667;      0.88725;3.48650;5
 86.80785;37.45833;      0.88712;3.48653;5
 86.84100;37.46000;      0.88699;3.48656;5
 86.87416;37.46167;      0.88685;3.48659;5
 86.90733;37.46333;      0.88697;3.48661;5
 86.94051;37.46500;      0.88721;3.48664;5
 86.97369;37.46667;      0.88721;3.48667;5
 87.00687;37.46833;      0.88757;3.48670;5
 87.04005;37.47000;      0.88806;3.48673;5
 87.07325;37.47167;      0.88843;3.48675;5
 87.10643;37.47333;      0.88892;3.48678;5
 87.13961;37.47500;      0.88916;3.48681;5
 87.17279;37.47667;      0.88903;3.48684;5
 87.20597;37.47833;      0.88890;3.48687;5
 87.23915;37.48000;      0.88876;3.48689;5
 87.27231;37.48167;      0.88876;3.48692;5
 87.30546;37.48333;      0.88875;3.48695;5
 87.33861;37.48500;      0.88874;3.48698;5
 87.37177;37.48667;      0.88886;3.48701;5
 87.40495;37.48833;      0.88910;3.48704;5
 87.43815;37.49000;      0.88934;3.48706;5
 87.47131;37.49167;      0.88971;3.48709;5
 87.50448;37.49333;      0.88983;3.48712;5
 87.53764;37.49500;      0.88994;3.48715;5
 87.57080;37.49667;      0.88994;3.48718;5
 87.60395;37.49833;      0.89005;3.48720;5
 87.63713;37.50000;      0.88967;3.48723;5
 87.67028;37.50167;      0.88954;3.48726;5
 87.70343;37.50333;      0.88941;3.48729;5
 87.73661;37.50500;      0.88953;3.48732;5
 87.76980;37.50667;      0.88977;3.48734;5
 87.80298;37.50833;      0.89001;3.48737;5
 87.83615;37.51000;      0.89025;3.48740;5
 87.86931;37.51167;      0.89037;3.48743;5
 87.90248;37.51333;      0.89036;3.48746;5
 87.93566;37.51500;      0.89048;3.48748;5
 87.96884;37.51667;      0.89072;3.48751;5
 88.00198;37.51833;      0.89084;3.48754;5
 88.03515;37.52000;      0.89095;3.48757;5
 88.06833;37.52167;      0.89095;3.48760;5
 88.10149;37.52333;      0.89106;3.48762;5
 88.13466;37.52500;      0.89093;3.48765;5
 88.16782;37.52667;      0.89093;3.48768;5
 88.20100;37.52833;      0.89092;3.48771;5
 88.23420;37.53000;      0.89104;3.48774;5
 88.26736;37.53167;      0.89115;3.48776;5
 88.30051;37.53333;      0.89139;3.48779;5
 88.33366;37.53500;      0.89176;3.48782;5
 88.36682;37.53667;      0.89188;3.48785;5
 88.40002;37.53833;      0.89212;3.48788;5
 88.43323;37.54000;      0.89248;3.48790;5
 88.46641;37.54167;      0.89272;3.48793;5
 88.49957;37.54333;      0.89284;3.48796;5
 88.53274;37.54500;      0.89296;3.48799;5
 88.56593;37.54667;      0.89308;3.48802;5
 88.59913;37.54833;      0.89332;3.48804;5
 88.63231;37.55000;      0.89344;3.48807;5
 88.66549;37.55167;      0.89368;3.48810;5
 88.69869;37.55333;      0.89379;3.48813;5
 88.73187;37.55500;      0.89391;3.48816;5
 88.76505;37.55667;      0.89390;3.48818;5
 88.79823;37.55833;      0.89390;3.48821;5
 88.83141;37.56000;      0.89401;3.48824;5
 88.86461;37.56167;      0.89413;3.48827;5
 88.89779;37.56333;      0.89412;3.48830;5
 88.93098;37.56500;      0.89412;3.48833;5
 88.96416;37.56667;      0.89411;3.48835;5
 88.99733;37.56833;      0.89435;3.48838;5
 89.03051;37.57000;      0.89447;3.48841;5
 89.06369;37.57167;      0.89446;3.48844;5
 89.09685;37.57333;      0.89458;3.48846;5
 89.13002;37.57500;      0.89457;3.48849;5
 89.16318;37.57667;      0.89456;3.48852;5
 89.19633;37.57833;      0.89456;3.48855;5
 89.22949;37.58000;      0.89442;3.48858;5
 89.26266;37.58167;      0.89442;3.48860;5
 89.29584;37.58333;      0.89466;3.48863;5
 89.32900;37.58500;      0.89477;3.48866;5
 89.36218;37.58667;      0.89502;3.48869;5
 89.39536;37.58833;      0.89501;3.48872;5
 89.42852;37.59000;      0.89513;3.48875;5
 89.46170;37.59167;      0.89500;3.48877;5
 89.49490;37.59333;      0.89462;3.48880;5
 89.52810;37.59500;      0.89436;3.48883;5
 89.56130;37.59667;      0.89423;3.48886;5
 89.59446;37.59833;      0.89422;3.48889;5
 89.62766;37.60000;      0.89421;3.48891;5
 89.66082;37.60167;      0.89421;3.48894;5
 89.69400;37.60333;      0.89420;3.48897;5
 89.72720;37.60500;      0.89432;3.48900;5
 89.76038;37.60667;      0.89443;3.48903;5
 89.79356;37.60833;      0.89455;3.48905;5
 89.82674;37.61000;      0.89467;3.48908;5
 89.85992;37.61167;      0.89478;3.48911;5
 89.89311;37.61333;      0.89515;3.48914;5
 89.92633;37.61500;      0.89527;3.48917;5
 89.95952;37.61667;      0.89526;3.48919;5
 89.99272;37.61833;      0.89550;3.48922;5
 90.02592;37.62000;      0.89587;3.48925;5
 90.05908;37.62167;      0.89598;3.48928;5
 90.09223;37.62333;      0.89623;3.48931;5
 90.12539;37.62500;      0.89647;3.48933;5
 90.15861;37.62667;      0.89658;3.48936;5
 90.19179;37.62833;      0.89682;3.48939;5
 90.22495;37.63000;      0.89694;3.48942;5
 90.25811;37.63167;      0.89718;3.48945;5
 90.29131;37.63333;      0.89742;3.48947;5
 90.32452;37.63500;      0.89754;3.48950;5
 90.35774;37.63667;      0.89766;3.48953;5
 90.39092;37.63833;      0.89802;3.48956;5
 90.42410;37.64000;      0.89826;3.48959;5
 90.45725;37.64167;      0.89838;3.48961;5
 90.49039;37.64333;      0.89875;3.48964;5
 90.52356;37.64500;      0.89887;3.48967;5
 90.55674;37.64667;      0.89898;3.48970;5
 90.58990;37.64833;      0.89922;3.48973;5
 90.62307;37.65000;      0.89934;3.48975;5
 90.65623;37.65167;      0.89958;3.48978;5
 90.68941;37.65333;      0.89970;3.48981;5
 90.72256;37.65500;      0.89994;3.48984;5
 90.75572;37.65667;      0.90006;3.48987;5
 90.78887;37.65833;      0.90005;3.48989;5
 90.82203;37.66000;      0.90054;3.48992;5
 90.85523;37.66167;      0.90066;3.48995;5
 90.88841;37.66333;      0.90090;3.48998;5
 90.92159;37.66500;      0.90089;3.49001;5
 90.95475;37.66667;      0.90076;3.49003;5
 90.98792;37.66833;      0.90050;3.49006;5
 91.02108;37.67000;      0.90025;3.49009;5
 91.05423;37.67167;      0.90024;3.49012;5
 91.08738;37.67333;      0.90023;3.49015;5
 91.12054;37.67500;      0.90022;3.49017;5
 91.15372;37.67667;      0.90034;3.49020;5
 91.18690;37.67833;      0.90058;3.49023;5
 91.22010;37.68000;      0.90058;3.49026;5
 91.25328;37.68167;      0.90032;3.49029;5
 91.28644;37.68333;      0.90019;3.49031;5
 91.31961;37.68500;      0.90006;3.49034;5
 91.35282;37.68667;      0.89968;3.49037;5
 91.38600;37.68833;      0.89942;3.49040;5
 91.41920;37.69000;      0.89904;3.49043;5
 91.45239;37.69167;      0.89891;3.49045;5
 91.48556;37.69333;      0.89878;3.49048;5
 91.51872;37.69500;      0.89840;3.49051;5
 91.55190;37.69667;      0.89790;3.49054;5
 91.58510;37.69833;      0.89764;3.49057;5
 91.61831;37.70000;      0.89800;3.49059;5
 91.65151;37.70167;      0.89825;3.49062;5
 91.68470;37.70333;      0.89899;3.49065;5
 91.71792;37.70500;      0.89972;3.49068;5
 91.75108;37.70667;      0.90021;3.49071;5
 91.78425;37.70833;      0.90070;3.49073;5
 91.81743;37.71000;      0.90107;3.49076;5
 91.85061;37.71167;      0.90131;3.49079;5
 91.88379;37.71333;      0.90130;3.49082;5
 91.91695;37.71500;      0.90117;3.49085;5
 91.95011;37.71667;      0.90104;3.49087;5
 91.98329;37.71833;      0.90103;3.49090;5
 92.01646;37.72000;      0.90115;3.49093;5
 92.04966;37.72167;      0.90126;3.49096;5
 92.08285;37.72333;      0.90138;3.49098;5
 92.11605;37.72500;      0.90137;3.49101;5
 92.14925;37.72667;      0.90137;3.49104;5
 92.18239;37.72833;      0.90136;3.49107;5
 92.21556;37.73000;      0.90123;3.49110;5
 92.24872;37.73167;      0.90122;3.49112;5
 92.28190;37.73333;      0.90134;3.49115;5
 92.31508;37.73500;      0.90133;3.49118;5
 92.34825;37.73667;      0.90145;3.49121;5
 92.38141;37.73833;      0.90157;3.49124;5
 92.41459;37.74000;      0.90156;3.49126;5
 92.44775;37.74167;      0.90205;3.49129;5
 92.48097;37.74333;      0.90216;3.49132;5
 92.51418;37.74500;      0.90265;3.49135;5
 92.54736;37.74667;      0.90277;3.49138;5
 92.58052;37.74833;      0.90289;3.49140;5
 92.61369;37.75000;      0.90288;3.49143;5
 92.64685;37.75167;      0.90300;3.49146;5
 92.68002;37.75333;      0.90299;3.49149;5
 92.71318;37.75500;      0.90311;3.49152;5
 92.74639;37.75667;      0.90285;3.49154;5
 92.77959;37.75833;      0.90272;3.49157;5
 92.81279;37.76000;      0.90259;3.49160;5
 92.84598;37.76167;      0.90258;3.49163;5
 92.87915;37.76333;      0.90270;3.49166;5
 92.91233;37.76500;      0.90269;3.49168;5
 92.94551;37.76667;      0.90256;3.49171;5
 92.97867;37.76833;      0.90255;3.49174;5
 93.01185;37.77000;      0.90254;3.49177;5
 93.04503;37.77167;      0.90291;3.49180;5
 93.07825;37.77333;      0.90303;3.49182;5
 93.11144;37.77500;      0.90327;3.49185;5
 93.14462;37.77667;      0.90351;3.49188;5
 93.17780;37.77833;      0.90400;3.49191;5
 93.21098;37.78000;      0.90436;3.49194;5
 93.24416;37.78167;      0.90460;3.49196;5
 93.27738;37.78333;      0.90485;3.49199;5
 93.31059;37.78500;      0.90509;3.49202;5
 93.34377;37.78667;      0.90533;3.49205;5
 93.37693;37.78833;      0.90557;3.49208;5
 93.41011;37.79000;      0.90581;3.49210;5
 93.44328;37.79167;      0.90617;3.49213;5
 93.47646;37.79333;      0.90642;3.49216;5
 93.50962;37.79500;      0.90666;3.49219;5
 93.54279;37.79667;      0.90677;3.49222;5
 93.57595;37.79833;      0.90689;3.49224;5
 93.60911;37.80000;      0.90713;3.49227;5
 93.64228;37.80167;      0.90725;3.49230;5
 93.67543;37.80333;      0.90749;3.49233;5
 93.70857;37.80500;      0.90761;3.49236;5
 93.74172;37.80667;      0.90772;3.49238;5
 93.77492;37.80833;      0.90796;3.49241;5
 93.80811;37.81000;      0.90808;3.49244;5
 93.84128;37.81167;      0.90832;3.49247;5
 93.87446;37.81333;      0.90831;3.49249;5
 93.90764;37.81500;      0.90843;3.49252;5
 93.94084;37.81667;      0.90842;3.49255;5
 93.97400;37.81833;      0.90842;3.49258;5
 94.00715;37.82000;      0.90841;3.49261;5
 94.04031;37.82167;      0.90853;3.49263;5
 94.07346;37.82333;      0.90864;3.49266;5
 94.10661;37.82500;      0.90876;3.49269;5
 94.13977;37.82667;      0.90888;3.49272;5
 94.17293;37.82833;      0.90875;3.49275;5
 94.20613;37.83000;      0.90861;3.49277;5
 94.23931;37.83167;      0.90861;3.49280;5
 94.27251;37.83333;      0.90872;3.49283;5
 94.30569;37.83500;      0.90872;3.49286;5
 94.33885;37.83667;      0.90871;3.49289;5
 94.37200;37.83833;      0.90870;3.49291;5
 94.40515;37.84000;      0.90882;3.49294;5
 94.43834;37.84167;      0.90894;3.49297;5
 94.47151;37.84333;      0.90905;3.49300;5
 94.50466;37.84500;      0.90929;3.49303;5
 94.53782;37.84667;      0.90978;3.49305;5
 94.57100;37.84833;      0.91002;3.49308;5
 94.60418;37.85000;      0.91027;3.49311;5
 94.63736;37.85167;      0.91051;3.49314;5
 94.67056;37.85333;      0.91062;3.49317;5
 94.70375;37.85500;      0.91074;3.49319;5
 94.73693;37.85667;      0.91073;3.49322;5
 94.77008;37.85833;      0.91060;3.49325;5
 94.80325;37.86000;      0.91059;3.49328;5
 94.83639;37.86167;      0.91034;3.49331;5
 94.86956;37.86333;      0.91033;3.49333;5
 94.90275;37.86500;      0.91032;3.49336;5
 94.93593;37.86667;      0.91044;3.49339;5
 94.96912;37.86833;      0.91056;3.49342;5
 95.00230;37.87000;      0.91067;3.49344;5
 95.03548;37.87167;      0.91079;3.49347;5
 95.06864;37.87333;      0.91066;3.49350;5
 95.10180;37.87500;      0.91053;3.49353;5
 95.13498;37.87667;      0.91077;3.49356;5
 95.16816;37.87833;      0.91089;3.49358;5
 95.20134;37.88000;      0.91113;3.49361;5
 95.23454;37.88167;      0.91137;3.49364;5
 95.26772;37.88333;      0.91161;3.49367;5
 95.30087;37.88500;      0.91185;3.49370;5
 95.33402;37.88667;      0.91209;3.49372;5
 95.36720;37.88833;      0.91208;3.49375;5
 95.40038;37.89000;      0.91207;3.49378;5
 95.43357;37.89167;      0.91194;3.49381;5
 95.46675;37.89333;      0.91181;3.49384;5
 95.49993;37.89500;      0.91193;3.49386;5
 95.53315;37.89667;      0.91205;3.49389;5
 95.56634;37.89833;      0.91204;3.49392;5
 95.59952;37.90000;      0.91228;3.49395;5
 95.63271;37.90167;      0.91252;3.49398;5
 95.66589;37.90333;      0.91264;3.49400;5
 95.69908;37.90500;      0.91300;3.49403;5
 95.73228;37.90667;      0.91312;3.49406;5
 95.76548;37.90833;      0.91336;3.49409;5
 95.79866;37.91000;      0.91360;3.49411;5
 95.83185;37.91167;      0.91384;3.49414;5
 95.86507;37.91333;      0.91408;3.49417;5
 95.89826;37.91500;      0.91432;3.49420;5
 95.93146;37.91667;      0.91444;3.49423;5
 95.96466;37.91833;      0.91456;3.49425;5
 95.99787;37.92000;      0.91467;3.49428;5
 96.03107;37.92167;      0.91491;3.49431;5
 96.06426;37.92333;      0.91515;3.49434;5
 96.09748;37.92500;      0.91540;3.49437;5
 96.13071;37.92667;      0.91551;3.49439;5
 96.16390;37.92833;      0.91575;3.49442;5
 96.19708;37.93000;      0.91587;3.49445;5
 96.23026;37.93167;      0.91599;3.49448;5
 96.26348;37.93333;      0.91610;3.49451;5
 96.29669;37.93500;      0.91610;3.49453;5
 96.32989;37.93667;      0.91596;3.49456;5
 96.36308;37.93833;      0.91608;3.49459;5
 96.39631;37.94000;      0.91607;3.49462;5
 96.42954;37.94167;      0.91619;3.49465;5
 96.46272;37.94333;      0.91631;3.49467;5
 96.49595;37.94500;      0.91655;3.49470;5
 96.52915;37.94667;      0.91679;3.49473;5
 96.56236;37.94833;      0.91715;3.49476;5
 96.59556;37.95000;      0.91752;3.49479;5
 96.62875;37.95167;      0.91776;3.49481;5
 96.66198;37.95333;      0.91800;3.49484;5
 96.69520;37.95500;      0.91849;3.49487;5
 96.72839;37.95667;      0.91885;3.49490;5
 96.76161;37.95833;      0.91910;3.49492;5
 96.79484;37.96000;      0.91934;3.49495;5
 96.82803;37.96167;      0.91958;3.49498;5
 96.86126;37.96333;      0.91982;3.49501;5
 96.89446;37.96500;      0.91993;3.49504;5
 96.92764;37.96667;      0.92005;3.49506;5
 96.96084;37.96833;      0.92004;3.49509;5
 96.99403;37.97000;      0.91979;3.49512;5
 97.02726;37.97167;      0.91978;3.49515;5
 97.06049;37.97333;      0.91977;3.49518;5
 97.09372;37.97500;      0.91977;3.49520;5
 97.12692;37.97667;      0.91988;3.49523;5
 97.16010;37.97833;      0.92000;3.49526;5
 97.19328;37.98000;      0.92024;3.49529;5
 97.22648;37.98167;      0.92036;3.49532;5
 97.25966;37.98333;      0.92060;3.49534;5
 97.29284;37.98500;      0.92071;3.49537;5
 97.32603;37.98667;      0.92083;3.49540;5
 97.35923;37.98833;      0.92132;3.49543;5
 97.39244;37.99000;      0.92156;3.49546;5
 97.42566;37.99167;      0.92180;3.49548;5
 97.45885;37.99333;      0.92241;3.49551;5
 97.49203;37.99500;      0.92265;3.49554;5
 97.52523;37.99667;      0.92289;3.49557;5
 97.55843;37.99833;      0.92289;3.49559;5
 97.59164;38.00000;      0.92313;3.49562;5
 97.62485;38.00167;      0.92324;3.49565;5
 97.65803;38.00333;      0.92349;3.49568;5
 97.69121;38.00500;      0.92360;3.49571;5
 97.72441;38.00667;      0.92384;3.49573;5
 97.75761;38.00833;      0.92396;3.49576;5
 97.79079;38.01000;      0.92420;3.49579;5
 97.82398;38.01167;      0.92444;3.49582;5
 97.85716;38.01333;      0.92481;3.49585;5
 97.89033;38.01500;      0.92517;3.49587;5
 97.92351;38.01667;      0.92578;3.49590;5
 97.95667;38.01833;      0.92627;3.49593;5
 97.98984;38.02000;      0.92651;3.49596;5
 98.02300;38.02167;      0.92675;3.49598;5
 98.05620;38.02333;      0.92699;3.49601;5
 98.08939;38.02500;      0.92723;3.49604;5
 98.12257;38.02667;      0.92723;3.49607;5
 98.15579;38.02833;      0.92709;3.49610;5
 98.18898;38.03000;      0.92696;3.49612;5
 98.22220;38.03167;      0.92708;3.49615;5
 98.25539;38.03333;      0.92707;3.49618;5
 98.28857;38.03500;      0.92719;3.49621;5
 98.32175;38.03667;      0.92743;3.49624;5
 98.35495;38.03833;      0.92742;3.49626;5
 98.38816;38.04000;      0.92754;3.49629;5
 98.42136;38.04167;      0.92753;3.49632;5
 98.45454;38.04333;      0.92777;3.49635;5
 98.48774;38.04500;      0.92776;3.49638;5
 98.52092;38.04667;      0.92788;3.49640;5
 98.55411;38.04833;      0.92800;3.49643;5
 98.58729;38.05000;      0.92811;3.49646;5
 98.62049;38.05167;      0.92823;3.49649;5
 98.65369;38.05333;      0.92822;3.49651;5
 98.68687;38.05500;      0.92834;3.49654;5
 98.72005;38.05667;      0.92846;3.49657;5
 98.75326;38.05833;      0.92795;3.49660;5
 98.78648;38.06000;      0.92782;3.49663;5
 98.81966;38.06167;      0.92794;3.49665;5
 98.85285;38.06333;      0.92830;3.49668;5
 98.88605;38.06500;      0.92854;3.49671;5
 98.91926;38.06667;      0.92891;3.49674;5
 98.95248;38.06833;      0.92902;3.49677;5
 98.98567;38.07000;      0.92902;3.49679;5
 99.01887;38.07167;      0.92889;3.49682;5
 99.05205;38.07333;      0.92888;3.49685;5
 99.08523;38.07500;      0.92924;3.49688;5
 99.11841;38.07667;      0.92948;3.49690;5
 99.15161;38.07833;      0.92997;3.49693;5
 99.18480;38.08000;      0.93046;3.49696;5
 99.21802;38.08167;      0.93095;3.49699;5
 99.25120;38.08333;      0.93131;3.49702;5
 99.28438;38.08500;      0.93180;3.49704;5
 99.31757;38.08667;      0.93204;3.49707;5
 99.35075;38.08833;      0.93216;3.49710;5
 99.38395;38.09000;      0.93228;3.49713;5
 99.41713;38.09167;      0.93239;3.49716;5
 99.45029;38.09333;      0.93263;3.49718;5
 99.48348;38.09500;      0.93263;3.49721;5
 99.51670;38.09667;      0.93249;3.49724;5
 99.54990;38.09833;      0.93236;3.49727;5
 99.58308;38.10000;      0.93236;3.49729;5
 99.61628;38.10167;      0.93222;3.49732;5
 99.64946;38.10333;      0.93234;3.49735;5
 99.68266;38.10500;      0.93246;3.49738;5
 99.71587;38.10667;      0.93257;3.49741;5
 99.74907;38.10833;      0.93269;3.49743;5
 99.78226;38.11000;      0.93281;3.49746;5
 99.81544;38.11167;      0.93305;3.49749;5
 99.84862;38.11333;      0.93316;3.49752;5
 99.88180;38.11500;      0.93328;3.49755;5
 99.91500;38.11667;      0.93352;3.49757;5
 99.94816;38.11833;      0.93351;3.49760;5
 99.98136;38.12000;      0.93363;3.49763;5
100.01456;38.12167;      0.93375;3.49766;5
100.04775;38.12333;      0.93386;3.49768;5
100.08093;38.12500;      0.93398;3.49771;5
100.11411;38.12667;      0.93422;3.49774;5
100.14729;38.12833;      0.93434;3.49777;5
100.18044;38.13000;      0.93445;3.49780;5
100.21362;38.13167;      0.93457;3.49782;5
100.24680;38.13333;      0.93468;3.49785;5
100.27998;38.13500;      0.93480;3.49788;5
100.31318;38.13667;      0.93504;3.49791;5
100.34634;38.13833;      0.93503;3.49793;5
100.37951;38.14000;      0.93503;3.49796;5
100.41267;38.14167;      0.93502;3.49799;5
100.44585;38.14333;      0.93501;3.49802;5
100.47905;38.14500;      0.93501;3.49805;5
100.51223;38.14667;      0.93500;3.49807;5
100.54541;38.14833;      0.93449;3.49810;5
100.57859;38.15000;      0.93412;3.49813;5
100.61175;38.15167;      0.93411;3.49816;5
100.64492;38.15333;      0.93398;3.49819;5
100.67810;38.15500;      0.93409;3.49821;5
100.71126;38.15667;      0.93421;3.49824;5
100.74444;38.15833;      0.93420;3.49827;5
100.77761;38.16000;      0.93432;3.49830;5
100.81075;38.16167;      0.93431;3.49832;5
100.84392;38.16333;      0.93443;3.49835;5
100.87710;38.16500;      0.93454;3.49838;5
100.91026;38.16667;      0.93454;3.49841;5
100.94343;38.16833;      0.93465;3.49844;5
100.97659;38.17000;      0.93477;3.49846;5
101.00975;38.17167;      0.93501;3.49849;5
101.04292;38.17333;      0.93500;3.49852;5
101.07610;38.17500;      0.93524;3.49855;5
101.10928;38.17667;      0.93548;3.49857;5
101.14248;38.17833;      0.93560;3.49860;5
101.17567;38.18000;      0.93572;3.49863;5
101.20885;38.18167;      0.93558;3.49866;5
101.24203;38.18333;      0.93558;3.49869;5
101.27523;38.18500;      0.93569;3.49871;5
101.30843;38.18667;      0.93569;3.49874;5
101.34164;38.18833;      0.93580;3.49877;5
101.37484;38.19000;      0.93580;3.49880;5
101.40802;38.19167;      0.93579;3.49882;5
101.44121;38.19333;      0.93591;3.49885;5
101.47441;38.19500;      0.93602;3.49888;5
101.50759;38.19667;      0.93614;3.49891;5
101.54077;38.19833;      0.93625;3.49894;5
101.57395;38.20000;      0.93649;3.49896;5
101.60715;38.20167;      0.93673;3.49899;5
101.64031;38.20333;      0.93710;3.49902;5
101.67349;38.20500;      0.93709;3.49905;5
101.70667;38.20667;      0.93733;3.49907;5
101.73984;38.20833;      0.93745;3.49910;5
101.77300;38.21000;      0.93744;3.49913;5
101.80616;38.21167;      0.93756;3.49916;5
101.83934;38.21333;      0.93743;3.49919;5
101.87252;38.21500;      0.93705;3.49921;5
101.90569;38.21667;      0.93716;3.49924;5
101.93885;38.21833;      0.93728;3.49927;5
101.97207;38.22000;      0.93740;3.49930;5
102.00526;38.22167;      0.93714;3.49932;5
102.03843;38.22333;      0.93713;3.49935;5
102.07161;38.22500;      0.93713;3.49938;5
102.10479;38.22667;      0.93724;3.49941;5
102.13798;38.22833;      0.93724;3.49944;5
102.17118;38.23000;      0.93710;3.49946;5
102.20438;38.23167;      0.93710;3.49949;5
102.23756;38.23333;      0.93721;3.49952;5
102.27075;38.23500;      0.93721;3.49955;5
102.30393;38.23667;      0.93745;3.49958;5
102.33711;38.23833;      0.93756;3.49960;5
102.37031;38.24000;      0.93768;3.49963;5
102.40351;38.24167;      0.93779;3.49966;5
102.43670;38.24333;      0.93779;3.49969;5
102.46989;38.24500;      0.93790;3.49971;5
102.50305;38.24667;      0.93802;3.49974;5
102.53623;38.24833;      0.93789;3.49977;5
102.56941;38.25000;      0.93801;3.49980;5
102.60259;38.25167;      0.93800;3.49982;5
102.63579;38.25333;      0.93799;3.49985;5
102.66900;38.25500;      0.93811;3.49988;5
102.70220;38.25667;      0.93835;3.49991;5
102.73539;38.25833;      0.93859;3.49994;5
102.76857;38.26000;      0.93870;3.49996;5
102.80175;38.26167;      0.93882;3.49999;5
102.83493;38.26333;      0.93894;3.50002;5
102.86811;38.26500;      0.93893;3.50005;5
102.90130;38.26667;      0.93904;3.50008;5
102.93448;38.26833;      0.93916;3.50010;5
102.96766;38.27000;      0.93915;3.50013;5
103.00085;38.27167;      0.93927;3.50016;5
103.03403;38.27333;      0.93926;3.50019;5
103.06721;38.27500;      0.93950;3.50021;5
103.10038;38.27667;      0.93937;3.50024;5
103.13354;38.27833;      0.93949;3.50027;5
103.16670;38.28000;      0.93948;3.50030;5
103.19987;38.28167;      0.93960;3.50032;5
103.23307;38.28333;      0.93959;3.50035;5
103.26625;38.28500;      0.93971;3.50038;5
103.29941;38.28667;      0.93995;3.50041;5
103.33259;38.28833;      0.94019;3.50044;5
103.36575;38.29000;      0.94030;3.50046;5
103.39893;38.29167;      0.94042;3.50049;5
103.43211;38.29333;      0.94066;3.50052;5
103.46528;38.29500;      0.94090;3.50055;5
103.49844;38.29667;      0.94126;3.50057;5
103.53161;38.29833;      0.94150;3.50060;5
103.56475;38.30000;      0.94162;3.50063;5
103.59790;38.30167;      0.94186;3.50066;5
103.63105;38.30333;      0.94210;3.50069;5
103.66421;38.30500;      0.94222;3.50071;5
103.69739;38.30667;      0.94246;3.50074;5
103.73057;38.30833;      0.94257;3.50077;5
103.76377;38.31000;      0.94294;3.50080;5
103.79695;38.31167;      0.94318;3.50082;5
103.83015;38.31333;      0.94342;3.50085;5
103.86334;38.31500;      0.94341;3.50088;5
103.89652;38.31667;      0.94353;3.50091;5
103.92972;38.31833;      0.94364;3.50094;5
103.96292;38.32000;      0.94376;3.50096;5
103.99611;38.32167;      0.94351;3.50099;5
104.02929;38.32333;      0.94350;3.50102;5
104.06249;38.32500;      0.94337;3.50105;5
104.09567;38.32667;      0.94348;3.50107;5
104.12887;38.32833;      0.94347;3.50110;5
104.16205;38.33000;      0.94372;3.50113;5
104.19525;38.33167;      0.94383;3.50116;5
104.22846;38.33333;      0.94395;3.50118;5
104.26166;38.33500;      0.94419;3.50121;5
104.29482;38.33667;      0.94443;3.50124;5
104.32800;38.33833;      0.94467;3.50127;5
104.36118;38.34000;      0.94503;3.50130;5
104.39438;38.34167;      0.94527;3.50132;5
104.42754;38.34333;      0.94551;3.50135;5
104.46070;38.34500;      0.94563;3.50138;5
104.49388;38.34667;      0.94574;3.50141;5
104.52708;38.34833;      0.94586;3.50143;5
104.56028;38.35000;      0.94598;3.50146;5
104.59346;38.35167;      0.94622;3.50149;5
104.62666;38.35333;      0.94646;3.50152;5
104.65985;38.35500;      0.94682;3.50155;5
104.69303;38.35667;      0.94719;3.50157;5
104.72621;38.35833;      0.94755;3.50160;5
104.75939;38.36000;      0.94779;3.50163;5
104.79257;38.36167;      0.94791;3.50166;5
104.82575;38.36333;      0.94815;3.50168;5
104.85893;38.36500;      0.94839;3.50171;5
104.89213;38.36667;      0.94863;3.50174;5
104.92531;38.36833;      0.94874;3.50177;5
104.95849;38.37000;      0.94874;3.50179;5
104.99167;38.37167;      0.94885;3.50182;5
105.02485;38.37333;      0.94897;3.50185;5
105.05803;38.37500;      0.94908;3.50188;5
105.09123;38.37667;      0.94908;3.50191;5
105.12441;38.37833;      0.94919;3.50193;5
105.15759;38.38000;      0.94919;3.50196;5
105.19077;38.38167;      0.94943;3.50199;5
105.22395;38.38333;      0.94954;3.50202;5
105.25713;38.38500;      0.94966;3.50204;5
105.29031;38.38667;      0.94977;3.50207;5
105.32351;38.38833;      0.94977;3.50210;5
105.35669;38.39000;      0.95001;3.50213;5
105.38989;38.39167;      0.95000;3.50216;5
105.42307;38.39333;      0.95024;3.50218;5
105.45625;38.39500;      0.95035;3.50221;5
105.48943;38.39667;      0.95059;3.50224;5
105.52264;38.39833;      0.95071;3.50227;5
105.55587;38.40000;      0.95108;3.50229;5
105.58908;38.40167;      0.95144;3.50232;5
105.62229;38.40333;      0.95205;3.50235;5
105.65548;38.40500;      0.95254;3.50238;5
105.68867;38.40667;      0.95278;3.50240;5
105.72189;38.40833;      0.95289;3.50243;5
105.75508;38.41000;      0.95276;3.50246;5
105.78826;38.41167;      0.95263;3.50249;5
105.82146;38.41333;      0.95262;3.50252;5
105.85461;38.41500;      0.95274;3.50254;5
105.88777;38.41667;      0.95298;3.50257;5
105.92095;38.41833;      0.95322;3.50260;5
105.95411;38.42000;      0.95358;3.50263;5
105.98728;38.42167;      0.95358;3.50265;5
106.02041;38.42333;      0.95382;3.50268;5
106.05357;38.42500;      0.95406;3.50271;5
106.08675;38.42667;      0.95417;3.50274;5
106.11992;38.42833;      0.95429;3.50276;5
106.15308;38.43000;      0.95453;3.50279;5
106.18625;38.43167;      0.95464;3.50282;5
106.21939;38.43333;      0.95476;3.50285;5
106.25252;38.43500;      0.95500;3.50288;5
106.28569;38.43667;      0.95512;3.50290;5
106.31887;38.43833;      0.95511;3.50293;5
106.35205;38.44000;      0.95498;3.50296;5
106.38521;38.44167;      0.95497;3.50299;5
106.41836;38.44333;      0.95509;3.50301;5
106.45154;38.44500;      0.95520;3.50304;5
106.48470;38.44667;      0.95532;3.50307;5
106.51787;38.44833;      0.95531;3.50310;5
106.55103;38.45000;      0.95555;3.50312;5
106.58420;38.45167;      0.95567;3.50315;5
106.61738;38.45333;      0.95566;3.50318;5
106.65056;38.45500;      0.95565;3.50321;5
106.68374;38.45667;      0.95577;3.50323;5
106.71692;38.45833;      0.95626;3.50326;5
106.75011;38.46000;      0.95637;3.50329;5
106.78329;38.46167;      0.95661;3.50332;5
106.81646;38.46333;      0.95673;3.50334;5
106.84964;38.46500;      0.95672;3.50337;5
106.88282;38.46667;      0.95684;3.50340;5
106.91598;38.46833;      0.95683;3.50343;5
106.94915;38.47000;      0.95695;3.50346;5
106.98231;38.47167;      0.95694;3.50348;5
107.01549;38.47333;      0.95705;3.50351;5
107.04866;38.47500;      0.95705;3.50354;5
107.08185;38.47667;      0.95729;3.50357;5
107.11503;38.47833;      0.95740;3.50359;5
107.14823;38.48000;      0.95764;3.50362;5
107.18143;38.48167;      0.95776;3.50365;5
107.21461;38.48333;      0.95800;3.50368;5
107.24779;38.48500;      0.95812;3.50370;5
107.28095;38.48667;      0.95823;3.50373;5
107.31411;38.48833;      0.95847;3.50376;5
107.34729;38.49000;      0.95859;3.50379;5
107.38048;38.49167;      0.95883;3.50382;5
107.41364;38.49333;      0.95944;3.50384;5
107.44684;38.49500;      0.95968;3.50387;5
107.48003;38.49667;      0.96004;3.50390;5
107.51321;38.49833;      0.96041;3.50393;5
107.54638;38.50000;      0.96102;3.50395;5
107.57954;38.50167;      0.96138;3.50398;5
107.61272;38.50333;      0.96162;3.50401;5
107.64589;38.50500;      0.96161;3.50404;5
107.67907;38.50667;      0.96185;3.50406;5
107.71225;38.50833;      0.96197;3.50409;5
107.74538;38.51000;      0.96208;3.50412;5
107.77854;38.51167;      0.96232;3.50415;5
107.81170;38.51333;      0.96256;3.50417;5
107.84487;38.51500;      0.96293;3.50420;5
107.87808;38.51667;      0.96329;3.50423;5
107.91128;38.51833;      0.96328;3.50426;5
107.94446;38.52000;      0.96328;3.50428;5
107.97767;38.52167;      0.96327;3.50431;5
108.01089;38.52333;      0.96339;3.50434;5
108.04408;38.52500;      0.96350;3.50437;5
108.07726;38.52667;      0.96386;3.50440;5
108.11044;38.52833;      0.96398;3.50442;5
108.14364;38.53000;      0.96422;3.50445;5
108.17684;38.53167;      0.96434;3.50448;5
108.21003;38.53333;      0.96495;3.50451;5
108.24321;38.53500;      0.96593;3.50453;5
108.27641;38.53667;      0.96654;3.50456;5
108.30959;38.53833;      0.96727;3.50459;5
108.34277;38.54000;      0.96776;3.50462;5
108.37595;38.54167;      0.96800;3.50464;5
108.40915;38.54333;      0.96799;3.50467;5
108.44234;38.54500;      0.96799;3.50470;5
108.47554;38.54667;      0.96810;3.50473;5
108.50875;38.54833;      0.96822;3.50475;5
108.54193;38.55000;      0.96846;3.50478;5
108.57513;38.55167;      0.96857;3.50481;5
108.60831;38.55333;      0.96881;3.50484;5
108.64148;38.55500;      0.96881;3.50486;5
108.67462;38.55667;      0.96892;3.50489;5
108.70779;38.55833;      0.96916;3.50492;5
108.74097;38.56000;      0.96915;3.50495;5
108.77413;38.56167;      0.96927;3.50498;5
108.80731;38.56333;      0.96963;3.50500;5
108.84049;38.56500;      0.97000;3.50503;5
108.87366;38.56667;      0.97024;3.50506;5
108.90684;38.56833;      0.97035;3.50509;5
108.94003;38.57000;      0.97072;3.50511;5
108.97325;38.57167;      0.97108;3.50514;5
109.00646;38.57333;      0.97144;3.50517;5
109.03964;38.57500;      0.97156;3.50520;5
109.07282;38.57667;      0.97192;3.50522;5
109.10600;38.57833;      0.97229;3.50525;5
109.13920;38.58000;      0.97265;3.50528;5
109.17239;38.58167;      0.97289;3.50531;5
109.20557;38.58333;      0.97338;3.50533;5
109.23879;38.58500;      0.97374;3.50536;5
109.27198;38.58667;      0.97386;3.50539;5
109.30516;38.58833;      0.97410;3.50542;5
109.33834;38.59000;      0.97421;3.50544;5
109.37154;38.59167;      0.97457;3.50547;5
109.40472;38.59333;      0.97481;3.50550;5
109.43792;38.59500;      0.97493;3.50553;5
109.47110;38.59667;      0.97529;3.50555;5
109.50428;38.59833;      0.97553;3.50558;5
109.53749;38.60000;      0.97590;3.50561;5
109.57070;38.60167;      0.97626;3.50564;5
109.60390;38.60333;      0.97675;3.50566;5
109.63708;38.60500;      0.97711;3.50569;5
109.67031;38.60667;      0.97747;3.50572;5
109.70352;38.60833;      0.97771;3.50575;5
109.73672;38.61000;      0.97808;3.50578;5
109.76993;38.61167;      0.97819;3.50580;5
109.80311;38.61333;      0.97843;3.50583;5
109.83629;38.61500;      0.97867;3.50586;5
109.86949;38.61667;      0.97903;3.50589;5
109.90267;38.61833;      0.97915;3.50591;5
109.93587;38.62000;      0.97951;3.50594;5
109.96905;38.62167;      0.97963;3.50597;5
110.00221;38.62333;      0.97999;3.50600;5
110.03538;38.62500;      0.97999;3.50602;5
110.06857;38.62667;      0.98010;3.50605;5
110.10179;38.62833;      0.98022;3.50608;5
110.13498;38.63000;      0.98033;3.50611;5
110.16820;38.63167;      0.98057;3.50613;5
110.20139;38.63333;      0.98069;3.50616;5
110.23457;38.63500;      0.98081;3.50619;5
110.26779;38.63667;      0.98092;3.50622;5
110.30098;38.63833;      0.98091;3.50624;5
110.33418;38.64000;      0.98115;3.50627;5
110.36738;38.64167;      0.98164;3.50630;5
110.40059;38.64333;      0.98200;3.50633;5
110.43377;38.64500;      0.98249;3.50635;5
110.46695;38.64667;      0.98298;3.50638;5
110.50015;38.64833;      0.98359;3.50641;5
110.53334;38.65000;      0.98407;3.50644;5
110.56654;38.65167;      0.98444;3.50646;5
110.59970;38.65333;      0.98468;3.50649;5
110.63287;38.65500;      0.98492;3.50652;5
110.66607;38.65667;      0.98491;3.50655;5
110.69928;38.65833;      0.98502;3.50657;5
110.73248;38.66000;      0.98514;3.50660;5
110.76566;38.66167;      0.98513;3.50663;5
110.79885;38.66333;      0.98488;3.50666;5
110.83205;38.66500;      0.98499;3.50668;5
110.86526;38.66667;      0.98498;3.50671;5
110.89848;38.66833;      0.98522;3.50674;5
110.93169;38.67000;      0.98546;3.50677;5
110.96489;38.67167;      0.98570;3.50679;5
110.99807;38.67333;      0.98619;3.50682;5
111.03125;38.67500;      0.98668;3.50685;5
111.06444;38.67667;      0.98704;3.50688;5
111.09766;38.67833;      0.98728;3.50690;5
111.13084;38.68000;      0.98740;3.50693;5
111.16400;38.68167;      0.98763;3.50696;5
111.19718;38.68333;      0.98787;3.50699;5
111.23036;38.68500;      0.98811;3.50701;5
111.26351;38.68667;      0.98835;3.50704;5
111.29669;38.68833;      0.98847;3.50707;5
111.32990;38.69000;      0.98883;3.50710;5
111.36311;38.69167;      0.98895;3.50712;5
111.39629;38.69333;      0.98894;3.50715;5
111.42949;38.69500;      0.98906;3.50718;5
111.46269;38.69667;      0.98917;3.50721;5
111.49589;38.69833;      0.98929;3.50723;5
111.52908;38.70000;      0.98940;3.50726;5
111.56228;38.70167;      0.98964;3.50729;5
111.59546;38.70333;      0.98976;3.50732;5
111.62864;38.70500;      0.99012;3.50734;5
111.66184;38.70667;      0.99036;3.50737;5
111.69500;38.70833;      0.99048;3.50740;5
111.72820;38.71000;      0.99059;3.50743;5
111.76139;38.71167;      0.99034;3.50745;5
111.79457;38.71333;      0.99033;3.50748;5
111.82779;38.71500;      0.99020;3.50751;5
111.86102;38.71667;      0.99031;3.50754;5
111.89423;38.71833;      0.99031;3.50756;5
111.92744;38.72000;      0.99055;3.50759;5
111.96062;38.72167;      0.99066;3.50762;5
111.99382;38.72333;      0.99090;3.50765;5
112.02702;38.72500;      0.99114;3.50767;5
112.06023;38.72667;      0.99163;3.50770;5
112.09344;38.72833;      0.99211;3.50773;5
112.12662;38.73000;      0.99310;3.50776;5
112.15982;38.73167;      0.99395;3.50778;5
112.19298;38.73333;      0.99469;3.50781;5
112.22616;38.73500;      0.99517;3.50784;5
112.25936;38.73667;      0.99578;3.50787;5
112.29256;38.73833;      0.99652;3.50789;5
112.32574;38.74000;      0.99700;3.50792;5
112.35892;38.74167;      0.99737;3.50795;5
112.39211;38.74333;      0.99760;3.50798;5
112.42529;38.74500;      0.99797;3.50800;5
112.45849;38.74667;      0.99821;3.50803;5
112.49170;38.74833;      0.99832;3.50806;5
112.52490;38.75000;      0.99856;3.50809;5
112.55808;38.75167;      0.99880;3.50811;5
112.59128;38.75333;      0.99917;3.50814;5
112.62449;38.75500;      0.99953;3.50817;5
112.65770;38.75667;      0.99940;3.50820;5
112.69092;38.75833;      0.99951;3.50822;5
112.72408;38.76000;      0.99950;3.50825;5
112.75728;38.76167;      0.99962;3.50828;5
112.79049;38.76333;      0.99998;3.50831;5
112.82369;38.76500;      1.00022;3.50833;5
112.85689;38.76667;      1.00046;3.50836;5
112.89010;38.76833;      1.00058;3.50839;5
112.92331;38.77000;      1.00082;3.50842;5
112.95651;38.77167;      1.00105;3.50844;5
112.98970;38.77333;      1.00142;3.50847;5
113.02290;38.77500;      1.00166;3.50850;5
113.05611;38.77667;      1.00190;3.50853;5
113.08933;38.77833;      1.00189;3.50855;5
113.12254;38.78000;      1.00225;3.50858;5
113.15575;38.78167;      1.00261;3.50861;5
113.18897;38.78333;      1.00285;3.50864;5
113.22216;38.78500;      1.00322;3.50866;5
113.25538;38.78667;      1.00346;3.50869;5
113.28859;38.78833;      1.00382;3.50872;5
113.32179;38.79000;      1.00418;3.50875;5
113.35498;38.79167;      1.00442;3.50877;5
113.38820;38.79333;      1.00478;3.50880;5
113.42141;38.79500;      1.00527;3.50883;5
113.45462;38.79667;      1.00551;3.50886;5
113.48782;38.79833;      1.00575;3.50888;5
113.52105;38.80000;      1.00599;3.50891;5
113.55426;38.80167;      1.00684;3.50894;5
113.58746;38.80333;      1.00807;3.50897;5
113.62067;38.80500;      1.00856;3.50899;5
113.65387;38.80667;      1.00892;3.50902;5
113.68708;38.80833;      1.00941;3.50905;5
113.72030;38.81000;      1.00964;3.50908;5
113.75351;38.81167;      1.01001;3.50910;5
113.78674;38.81333;      1.01012;3.50913;5
113.81997;38.81500;      1.01024;3.50916;5
113.85316;38.81667;      1.01048;3.50918;5
113.88636;38.81833;      1.01035;3.50921;5
113.91956;38.82000;      1.01034;3.50924;5
113.95277;38.82167;      1.01046;3.50927;5
113.98600;38.82333;      1.01069;3.50929;5
114.01925;38.82500;      1.01106;3.50932;5
114.05249;38.82667;      1.01142;3.50935;5
114.08572;38.82833;      1.01166;3.50938;5
114.11895;38.83000;      1.01227;3.50940;5
114.15221;38.83167;      1.01325;3.50943;5
114.18543;38.83333;      1.01398;3.50946;5
114.21866;38.83500;      1.01459;3.50949;5
114.25189;38.83667;      1.01508;3.50951;5
114.28511;38.83833;      1.01544;3.50954;5
114.31833;38.84000;      1.01580;3.50957;5
114.35157;38.84167;      1.01617;3.50960;5
114.38480;38.84333;      1.01665;3.50962;5
114.41802;38.84500;      1.01726;3.50965;5
114.45125;38.84667;      1.01799;3.50968;5
114.48448;38.84833;      1.01848;3.50971;5
114.51769;38.85000;      1.01860;3.50973;5
114.55090;38.85167;      1.01871;3.50976;5
114.58411;38.85333;      1.01895;3.50979;5
114.61736;38.85500;      1.01894;3.50982;5
114.65059;38.85667;      1.01906;3.50984;5
114.68385;38.85833;      1.01917;3.50987;5
114.71708;38.86000;      1.01904;3.50990;5
114.75036;38.86167;      1.01891;3.50992;5
114.78359;38.86333;      1.01891;3.50995;5
114.81679;38.86500;      1.01877;3.50998;5
114.85000;38.86667;      1.01864;3.51001;5
114.88321;38.86833;      1.01863;3.51003;5
114.91639;38.87000;      1.01863;3.51006;5
114.94959;38.87167;      1.01874;3.51009;5
114.98280;38.87333;      1.01886;3.51012;5
115.01603;38.87500;      1.01910;3.51014;5
115.04925;38.87667;      1.01933;3.51017;5
115.08244;38.87833;      1.01957;3.51020;5
115.11564;38.88000;      1.01994;3.51023;5
115.14884;38.88167;      1.02067;3.51025;5
115.18205;38.88333;      1.02153;3.51028;5
115.21526;38.88500;      1.02201;3.51031;5
115.24848;38.88667;      1.02200;3.51034;5
115.28167;38.88833;      1.02224;3.51036;5
115.31488;38.89000;      1.02261;3.51039;5
115.34810;38.89167;      1.02260;3.51042;5
115.38131;38.89333;      1.02271;3.51044;5
115.41451;38.89500;      1.02283;3.51047;5
115.44770;38.89667;      1.02294;3.51050;5
115.48090;38.89833;      1.02318;3.51053;5
115.51411;38.90000;      1.02355;3.51055;5
115.54728;38.90167;      1.02378;3.51058;5
115.58046;38.90333;      1.02415;3.51061;5
115.61362;38.90500;      1.02451;3.51064;5
115.64680;38.90667;      1.02512;3.51066;5
115.68000;38.90833;      1.02548;3.51069;5
115.71318;38.91000;      1.02597;3.51072;5
115.74634;38.91167;      1.02621;3.51075;5
115.77951;38.91333;      1.02645;3.51077;5
115.81267;38.91500;      1.02656;3.51080;5
115.84585;38.91667;      1.02680;3.51083;5
115.87903;38.91833;      1.02704;3.51085;5
115.91220;38.92000;      1.02715;3.51088;5
115.94536;38.92167;      1.02739;3.51091;5
115.97852;38.92333;      1.02763;3.51094;5
116.01170;38.92500;      1.02787;3.51096;5
116.04487;38.92667;      1.02799;3.51099;5
116.07805;38.92833;      1.02810;3.51102;5
116.11123;38.93000;      1.02822;3.51105;5
116.14438;38.93167;      1.02833;3.51107;5
116.17752;38.93333;      1.02832;3.51110;5
116.21070;38.93500;      1.02844;3.51113;5
116.24387;38.93667;      1.02868;3.51115;5
116.27703;38.93833;      1.02892;3.51118;5
116.31020;38.94000;      1.02928;3.51121;5
116.34336;38.94167;      1.02964;3.51124;5
116.37651;38.94333;      1.03000;3.51126;5
116.40969;38.94500;      1.03049;3.51129;5
116.44287;38.94667;      1.03073;3.51132;5
116.47602;38.94833;      1.03109;3.51135;5
116.50918;38.95000;      1.03121;3.51137;5
116.54234;38.95167;      1.03145;3.51140;5
116.57552;38.95333;      1.03156;3.51143;5
116.60872;38.95500;      1.03192;3.51145;5
116.64187;38.95667;      1.03229;3.51148;5
116.67503;38.95833;      1.03252;3.51151;5
116.70818;38.96000;      1.03276;3.51154;5
116.74133;38.96167;      1.03337;3.51156;5
116.77446;38.96333;      1.03361;3.51159;5
116.80761;38.96500;      1.03360;3.51162;5
116.84079;38.96667;      1.03360;3.51165;5
116.87395;38.96833;      1.03371;3.51167;5
116.90712;38.97000;      1.03395;3.51170;5
116.94031;38.97167;      1.03406;3.51173;5
116.97351;38.97333;      1.03430;3.51175;5
117.00669;38.97500;      1.03442;3.51178;5
117.03985;38.97667;      1.03466;3.51181;5
117.07303;38.97833;      1.03490;3.51184;5
117.10621;38.98000;      1.03526;3.51186;5
117.13939;38.98167;      1.03538;3.51189;5
117.17256;38.98333;      1.03574;3.51192;5
117.20571;38.98500;      1.03598;3.51195;5
117.23887;38.98667;      1.03658;3.51197;5
117.27205;38.98833;      1.03707;3.51200;5
117.30523;38.99000;      1.03743;3.51203;5
117.33839;38.99167;      1.03767;3.51205;5
117.37156;38.99333;      1.03828;3.51208;5
117.40471;38.99500;      1.03852;3.51211;5
117.43787;38.99667;      1.03888;3.51214;5
117.47103;38.99833;      1.03912;3.51216;5
117.50421;39.00000;      1.03936;3.51219;5
117.53739;39.00167;      1.03960;3.51222;5
117.57059;39.00333;      1.03971;3.51224;5
117.60377;39.00500;      1.04020;3.51227;5
117.63698;39.00667;      1.04031;3.51230;5
117.67018;39.00833;      1.04043;3.51233;5
117.70336;39.01000;      1.04042;3.51235;5
117.73654;39.01167;      1.04066;3.51238;5
117.76974;39.01333;      1.04090;3.51241;5
117.80293;39.01500;      1.04101;3.51244;5
117.83610;39.01667;      1.04162;3.51246;5
117.86928;39.01833;      1.04223;3.51249;5
117.90246;39.02000;      1.04297;3.51252;5
117.93566;39.02167;      1.04357;3.51254;5
117.96887;39.02333;      1.04394;3.51257;5
118.00207;39.02500;      1.04430;3.51260;5
118.03525;39.02667;      1.04466;3.51263;5
118.06843;39.02833;      1.04478;3.51265;5
118.10159;39.03000;      1.04514;3.51268;5
118.13477;39.03167;      1.04538;3.51271;5
118.16797;39.03333;      1.04599;3.51273;5
118.20116;39.03500;      1.04659;3.51276;5
118.23436;39.03667;      1.04708;3.51279;5
118.26754;39.03833;      1.04744;3.51282;5
118.30072;39.04000;      1.04780;3.51284;5
118.33390;39.04167;      1.04817;3.51287;5
118.36710;39.04333;      1.04840;3.51290;5
118.40030;39.04500;      1.04864;3.51292;5
118.43349;39.04667;      1.04901;3.51295;5
118.46669;39.04833;      1.04937;3.51298;5
118.49992;39.05000;      1.04961;3.51301;5
118.53313;39.05167;      1.04972;3.51303;5
118.56634;39.05333;      1.04996;3.51306;5
118.59954;39.05500;      1.05020;3.51309;5
118.63272;39.05667;      1.05056;3.51312;5
118.66590;39.05833;      1.05105;3.51314;5
118.69908;39.06000;      1.05141;3.51317;5
118.73226;39.06167;      1.05165;3.51320;5
118.76548;39.06333;      1.05189;3.51322;5
118.79869;39.06500;      1.05212;3.51325;5
118.83192;39.06667;      1.05249;3.51328;5
118.86515;39.06833;      1.05285;3.51331;5
118.89834;39.07000;      1.05333;3.51333;5
118.93156;39.07167;      1.05370;3.51336;5
118.96474;39.07333;      1.05406;3.51339;5
118.99790;39.07500;      1.05442;3.51341;5
119.03108;39.07667;      1.05491;3.51344;5
119.06428;39.07833;      1.05539;3.51347;5
119.09746;39.08000;      1.05600;3.51350;5
119.13064;39.08167;      1.05661;3.51352;5
119.16384;39.08333;      1.05709;3.51355;5
119.19702;39.08500;      1.05758;3.51358;5
119.23025;39.08667;      1.05794;3.51360;5
119.26346;39.08833;      1.05830;3.51363;5
119.29667;39.09000;      1.05866;3.51366;5
119.32989;39.09167;      1.05890;3.51369;5
119.36310;39.09333;      1.05902;3.51371;5
119.39631;39.09500;      1.05938;3.51374;5
119.42954;39.09667;      1.05950;3.51377;5
119.46275;39.09833;      1.05973;3.51379;5
119.49598;39.10000;      1.05997;3.51382;5
119.52918;39.10167;      1.06034;3.51385;5
119.56236;39.10333;      1.06082;3.51388;5
119.59556;39.10500;      1.06180;3.51390;5
119.62879;39.10667;      1.06241;3.51393;5
119.66200;39.10833;      1.06289;3.51396;5
119.69518;39.11000;      1.06350;3.51398;5
119.72839;39.11167;      1.06386;3.51401;5
119.76161;39.11333;      1.06435;3.51404;5
119.79482;39.11500;      1.06459;3.51407;5
119.82802;39.11667;      1.06458;3.51409;5
119.86121;39.11833;      1.06457;3.51412;5
119.89439;39.12000;      1.06456;3.51415;5
119.92761;39.12167;      1.06480;3.51417;5
119.96082;39.12333;      1.06454;3.51420;5
119.99400;39.12500;      1.06441;3.51423;5
120.02718;39.12667;      1.06465;3.51426;5
120.06039;39.12833;      1.06514;3.51428;5
120.09359;39.13000;      1.06562;3.51431;5
120.12680;39.13167;      1.06611;3.51434;5
120.16000;39.13333;      1.06647;3.51436;5
120.19320;39.13500;      1.06695;3.51439;5
120.22638;39.13667;      1.06744;3.51442;5
120.25956;39.13833;      1.06768;3.51444;5
120.29277;39.14000;      1.06779;3.51447;5
120.32598;39.14167;      1.06791;3.51450;5
120.35920;39.14333;      1.06815;3.51453;5
120.39239;39.14500;      1.06851;3.51455;5
120.42557;39.14667;      1.06862;3.51458;5
120.45875;39.14833;      1.06899;3.51461;5
120.49193;39.15000;      1.06922;3.51463;5
120.52511;39.15167;      1.06946;3.51466;5
120.55830;39.15333;      1.06945;3.51469;5
120.59148;39.15500;      1.06969;3.51472;5
120.62464;39.15667;      1.06993;3.51474;5
120.65782;39.15833;      1.07029;3.51477;5
120.69102;39.16000;      1.07066;3.51480;5
120.72421;39.16167;      1.07114;3.51482;5
120.75741;39.16333;      1.07138;3.51485;5
120.79059;39.16500;      1.07162;3.51488;5
120.82377;39.16667;      1.07173;3.51490;5
120.85693;39.16833;      1.07197;3.51493;5
120.89010;39.17000;      1.07208;3.51496;5
120.92330;39.17167;      1.07232;3.51499;5
120.95649;39.17333;      1.07281;3.51501;5
120.98969;39.17500;      1.07317;3.51504;5
121.02287;39.17667;      1.07328;3.51507;5
121.05603;39.17833;      1.07352;3.51509;5
121.08918;39.18000;      1.07376;3.51512;5
121.12238;39.18167;      1.07388;3.51515;5
121.15559;39.18333;      1.07412;3.51518;5
121.18879;39.18500;      1.07435;3.51520;5
121.22200;39.18667;      1.07472;3.51523;5
121.25518;39.18833;      1.07508;3.51526;5
121.28834;39.19000;      1.07519;3.51528;5
121.32151;39.19167;      1.07555;3.51531;5
121.35467;39.19333;      1.07579;3.51534;5
121.38787;39.19500;      1.07578;3.51536;5
121.42105;39.19667;      1.07590;3.51539;5
121.45421;39.19833;      1.07589;3.51542;5
121.48741;39.20000;      1.07588;3.51545;5
121.52059;39.20167;      1.07612;3.51547;5
121.55379;39.20333;      1.07624;3.51550;5
121.58698;39.20500;      1.07647;3.51553;5
121.62016;39.20667;      1.07659;3.51555;5
121.65333;39.20833;      1.07658;3.51558;5
121.68649;39.21000;      1.07682;3.51561;5
121.71966;39.21167;      1.07693;3.51563;5
121.75282;39.21333;      1.07717;3.51566;5
121.78598;39.21500;      1.07754;3.51569;5
121.81915;39.21667;      1.07777;3.51572;5
121.85233;39.21833;      1.07801;3.51574;5
121.88551;39.22000;      1.07813;3.51577;5
121.91870;39.22167;      1.07824;3.51580;5
121.95189;39.22333;      1.07836;3.51582;5
121.98505;39.22500;      1.07835;3.51585;5
122.01826;39.22667;      1.07846;3.51588;5
122.05148;39.22833;      1.07858;3.51590;5
122.08464;39.23000;      1.07882;3.51593;5
122.11782;39.23167;      1.07893;3.51596;5
122.15098;39.23333;      1.07905;3.51598;5
122.18415;39.23500;      1.07929;3.51601;5
122.21733;39.23667;      1.07952;3.51604;5
122.25051;39.23833;      1.07964;3.51607;5
122.28369;39.24000;      1.07988;3.51609;5
122.31689;39.24167;      1.07999;3.51612;5
122.35008;39.24333;      1.08011;3.51615;5
122.38326;39.24500;      1.08034;3.51617;5
122.41646;39.24667;      1.08046;3.51620;5
122.44967;39.24833;      1.08057;3.51623;5
122.48287;39.25000;      1.08106;3.51625;5
122.51608;39.25167;      1.08167;3.51628;5
122.54926;39.25333;      1.08215;3.51631;5
122.58244;39.25500;      1.08264;3.51633;5
122.61562;39.25667;      1.08324;3.51636;5
122.64882;39.25833;      1.08361;3.51639;5
122.68200;39.26000;      1.08409;3.51642;5
122.71518;39.26167;      1.08421;3.51644;5
122.74836;39.26333;      1.08432;3.51647;5
122.78154;39.26500;      1.08444;3.51650;5
122.81470;39.26667;      1.08455;3.51652;5
122.84787;39.26833;      1.08467;3.51655;5
122.88105;39.27000;      1.08478;3.51658;5
122.91421;39.27167;      1.08502;3.51660;5
122.94738;39.27333;      1.08501;3.51663;5
122.98052;39.27500;      1.08513;3.51666;5
123.01370;39.27667;      1.08512;3.51668;5
123.04690;39.27833;      1.08523;3.51671;5
123.08010;39.28000;      1.08510;3.51674;5
123.11329;39.28167;      1.08522;3.51677;5
123.14646;39.28333;      1.08521;3.51679;5
123.17961;39.28500;      1.08532;3.51682;5
123.21277;39.28667;      1.08532;3.51685;5
123.24593;39.28833;      1.08543;3.51687;5
123.27910;39.29000;      1.08542;3.51690;5
123.31231;39.29167;      1.08554;3.51693;5
123.34551;39.29333;      1.08565;3.51695;5
123.37869;39.29500;      1.08589;3.51698;5
123.41187;39.29667;      1.08600;3.51701;5
123.44507;39.29833;      1.08661;3.51703;5
123.47826;39.30000;      1.08697;3.51706;5
123.51143;39.30167;      1.08734;3.51709;5
123.54462;39.30333;      1.08733;3.51711;5
123.57780;39.30500;      1.08732;3.51714;5
123.61098;39.30667;      1.08706;3.51717;5
123.64418;39.30833;      1.08706;3.51720;5
123.67738;39.31000;      1.08717;3.51722;5
123.71057;39.31167;      1.08753;3.51725;5
123.74379;39.31333;      1.08765;3.51728;5
123.77698;39.31500;      1.08788;3.51730;5
123.81018;39.31667;      1.08825;3.51733;5
123.84338;39.31833;      1.08873;3.51736;5
123.87656;39.32000;      1.08897;3.51738;5
123.90977;39.32167;      1.08982;3.51741;5
123.94297;39.32333;      1.09031;3.51744;5
123.97616;39.32500;      1.09055;3.51746;5
124.00938;39.32667;      1.09066;3.51749;5
124.04254;39.32833;      1.09078;3.51752;5
124.07572;39.33000;      1.09101;3.51754;5
124.10892;39.33167;      1.09125;3.51757;5
124.14210;39.33333;      1.09161;3.51760;5
124.17530;39.33500;      1.09198;3.51763;5
124.20851;39.33667;      1.09221;3.51765;5
124.24170;39.33833;      1.09245;3.51768;5
124.27490;39.34000;      1.09257;3.51771;5
124.30811;39.34167;      1.09293;3.51773;5
124.34131;39.34333;      1.09329;3.51776;5
124.37448;39.34500;      1.09377;3.51779;5
124.40767;39.34667;      1.09414;3.51781;5
124.44085;39.34833;      1.09437;3.51784;5
124.47405;39.35000;      1.09461;3.51787;5
124.50725;39.35167;      1.09473;3.51789;5
124.54043;39.35333;      1.09497;3.51792;5
124.57364;39.35500;      1.09520;3.51795;5
124.60684;39.35667;      1.09544;3.51797;5
124.64005;39.35833;      1.09580;3.51800;5
124.67326;39.36000;      1.09604;3.51803;5
124.70649;39.36167;      1.09640;3.51805;5
124.73972;39.36333;      1.09676;3.51808;5
124.77295;39.36500;      1.09712;3.51811;5
124.80615;39.36667;      1.09736;3.51813;5
124.83936;39.36833;      1.09772;3.51816;5
124.87257;39.37000;      1.09821;3.51819;5
124.90577;39.37167;      1.09857;3.51822;5
124.93898;39.37333;      1.09930;3.51824;5
124.97221;39.37500;      1.09991;3.51827;5
125.00544;39.37667;      1.10064;3.51830;5
125.03866;39.37833;      1.10125;3.51832;5
125.07187;39.38000;      1.10173;3.51835;5
125.10508;39.38167;      1.10197;3.51838;5
125.13830;39.38333;      1.10221;3.51840;5
125.17151;39.38500;      1.10269;3.51843;5
125.20474;39.38667;      1.10330;3.51846;5
125.23793;39.38833;      1.10378;3.51848;5
125.27113;39.39000;      1.10414;3.51851;5
125.30434;39.39167;      1.10463;3.51854;5
125.33752;39.39333;      1.10536;3.51856;5
125.37072;39.39500;      1.10584;3.51859;5
125.40393;39.39667;      1.10658;3.51862;5
125.43713;39.39833;      1.10694;3.51864;5
125.47033;39.40000;      1.10742;3.51867;5
125.50352;39.40167;      1.10791;3.51870;5
125.53672;39.40333;      1.10839;3.51872;5
125.56989;39.40500;      1.10850;3.51875;5
125.60308;39.40667;      1.10862;3.51878;5
125.63626;39.40833;      1.10861;3.51880;5
125.66944;39.41000;      1.10885;3.51883;5
125.70264;39.41167;      1.10921;3.51886;5
125.73584;39.41333;      1.10970;3.51888;5
125.76903;39.41500;      1.11030;3.51891;5
125.80223;39.41667;      1.11103;3.51894;5
125.83544;39.41833;      1.11176;3.51896;5
125.86866;39.42000;      1.11237;3.51899;5
125.90187;39.42167;      1.11298;3.51902;5
125.93507;39.42333;      1.11346;3.51904;5
125.96826;39.42500;      1.11407;3.51907;5
126.00146;39.42667;      1.11456;3.51910;5
126.03464;39.42833;      1.11504;3.51912;5
126.06784;39.43000;      1.11540;3.51915;5
126.10102;39.43167;      1.11588;3.51918;5
126.13420;39.43333;      1.11649;3.51920;5
126.16741;39.43500;      1.11698;3.51923;5
126.20059;39.43667;      1.11758;3.51926;5
126.23377;39.43833;      1.11782;3.51928;5
126.26695;39.44000;      1.11831;3.51931;5
126.30015;39.44167;      1.11879;3.51934;5
126.33333;39.44333;      1.11903;3.51936;5
126.36651;39.44500;      1.11951;3.51939;5
126.39970;39.44667;      1.11987;3.51942;5
126.43288;39.44833;      1.12023;3.51944;5
126.46607;39.45000;      1.12059;3.51947;5
126.49925;39.45167;      1.12034;3.51950;5
126.53243;39.45333;      1.12021;3.51952;5
126.56561;39.45500;      1.12020;3.51955;5
126.59877;39.45667;      1.12056;3.51958;5
126.63197;39.45833;      1.12104;3.51960;5
126.66515;39.46000;      1.12153;3.51963;5
126.69833;39.46167;      1.12189;3.51966;5
126.73149;39.46333;      1.12250;3.51968;5
126.76466;39.46500;      1.12335;3.51971;5
126.79782;39.46667;      1.12384;3.51974;5
126.83102;39.46833;      1.12420;3.51976;5
126.86421;39.47000;      1.12480;3.51979;5
126.89741;39.47167;      1.12541;3.51982;5
126.93062;39.47333;      1.12614;3.51984;5
126.96382;39.47500;      1.12675;3.51987;5
126.99700;39.47667;      1.12748;3.51990;5
127.03018;39.47833;      1.12796;3.51992;5
127.06336;39.48000;      1.12845;3.51995;5
127.09656;39.48167;      1.12918;3.51998;5
127.12975;39.48333;      1.12991;3.52000;5
127.16293;39.48500;      1.13064;3.52003;5
127.19613;39.48667;      1.13124;3.52006;5
127.22931;39.48833;      1.13197;3.52008;5
127.26252;39.49000;      1.13271;3.52011;5
127.29574;39.49167;      1.13344;3.52014;5
127.32893;39.49333;      1.13404;3.52016;5
127.36213;39.49500;      1.13477;3.52019;5
127.39531;39.49667;      1.13538;3.52022;5
127.42851;39.49833;      1.13599;3.52024;5
127.46171;39.50000;      1.13659;3.52027;5
127.49489;39.50167;      1.13733;3.52030;5
127.52808;39.50333;      1.13781;3.52032;5
127.56130;39.50500;      1.13854;3.52035;5
127.59453;39.50667;      1.13902;3.52038;5
127.62774;39.50833;      1.13926;3.52040;5
127.66095;39.51000;      1.13962;3.52043;5
127.69413;39.51167;      1.13998;3.52046;5
127.72733;39.51333;      1.14034;3.52048;5
127.76053;39.51500;      1.14083;3.52051;5
127.79371;39.51667;      1.14119;3.52054;5
127.82690;39.51833;      1.14167;3.52056;5
127.86010;39.52000;      1.14216;3.52059;5
127.89331;39.52167;      1.14264;3.52061;5
127.92651;39.52333;      1.14312;3.52064;5
127.95971;39.52500;      1.14348;3.52067;5
127.99292;39.52667;      1.14409;3.52069;5
128.02612;39.52833;      1.14494;3.52072;5
128.05933;39.53000;      1.14592;3.52075;5
128.09254;39.53167;      1.14678;3.52077;5
128.12577;39.53333;      1.14738;3.52080;5
128.15900;39.53500;      1.14799;3.52083;5
128.19221;39.53667;      1.14823;3.52085;5
128.22546;39.53833;      1.14871;3.52088;5
128.25867;39.54000;      1.14907;3.52091;5
128.29189;39.54167;      1.14943;3.52093;5
128.32508;39.54333;      1.14979;3.52096;5
128.35831;39.54500;      1.15040;3.52099;5
128.39153;39.54667;      1.15125;3.52101;5
128.42474;39.54833;      1.15174;3.52104;5
128.45797;39.55000;      1.15222;3.52107;5
128.49120;39.55167;      1.15320;3.52109;5
128.52441;39.55333;      1.15380;3.52112;5
128.55764;39.55500;      1.15466;3.52115;5
128.59087;39.55667;      1.15539;3.52117;5
128.62410;39.55833;      1.15612;3.52120;5
128.65731;39.56000;      1.15685;3.52123;5
128.69054;39.56167;      1.15770;3.52125;5
128.72376;39.56333;      1.15855;3.52128;5
128.75697;39.56500;      1.15940;3.52131;5
128.79020;39.56667;      1.16026;3.52133;5
128.82343;39.56833;      1.16099;3.52136;5
128.85664;39.57000;      1.16196;3.52138;5
128.88985;39.57167;      1.16270;3.52141;5
128.92307;39.57333;      1.16318;3.52144;5
128.95626;39.57500;      1.16366;3.52146;5
128.98948;39.57667;      1.16414;3.52149;5
129.02267;39.57833;      1.16450;3.52152;5
129.05585;39.58000;      1.16511;3.52154;5
129.08907;39.58167;      1.16584;3.52157;5
129.12226;39.58333;      1.16657;3.52160;5
129.15548;39.58500;      1.16718;3.52162;5
129.18871;39.58667;      1.16791;3.52165;5
129.22190;39.58833;      1.16864;3.52168;5
129.25510;39.59000;      1.16924;3.52170;5
129.28830;39.59167;      1.16985;3.52173;5
129.32149;39.59333;      1.17046;3.52175;5
129.35467;39.59500;      1.17119;3.52178;5
129.38787;39.59667;      1.17204;3.52181;5
129.42108;39.59833;      1.17289;3.52183;5
129.45428;39.60000;      1.17350;3.52186;5
129.48749;39.60167;      1.17423;3.52189;5
129.52071;39.60333;      1.17484;3.52191;5
129.55390;39.60500;      1.17594;3.52194;5
129.58712;39.60667;      1.17691;3.52197;5
129.62031;39.60833;      1.17764;3.52199;5
129.65351;39.61000;      1.17837;3.52202;5
129.68671;39.61167;      1.17898;3.52205;5
129.71992;39.61333;      1.17946;3.52207;5
129.75310;39.61500;      1.17994;3.52210;5
129.78630;39.61667;      1.18030;3.52212;5
129.81953;39.61833;      1.18091;3.52215;5
129.85275;39.62000;      1.18152;3.52218;5
129.88595;39.62167;      1.18212;3.52220;5
129.91913;39.62333;      1.18285;3.52223;5
129.95234;39.62500;      1.18371;3.52226;5
129.98556;39.62667;      1.18456;3.52228;5
130.01875;39.62833;      1.18529;3.52231;5
130.05195;39.63000;      1.18589;3.52234;5
130.08513;39.63167;      1.18662;3.52236;5
130.11834;39.63333;      1.18760;3.52239;5
130.15154;39.63500;      1.18833;3.52241;5
130.18474;39.63667;      1.18906;3.52244;5
130.21795;39.63833;      1.18954;3.52247;5
130.25113;39.64000;      1.19015;3.52249;5
130.28431;39.64167;      1.19076;3.52252;5
130.31752;39.64333;      1.19148;3.52255;5
130.35072;39.64500;      1.19209;3.52257;5
130.38389;39.64667;      1.19270;3.52260;5
130.41708;39.64833;      1.19343;3.52263;5
130.45028;39.65000;      1.19428;3.52265;5
130.48346;39.65167;      1.19489;3.52268;5
130.51664;39.65333;      1.19561;3.52270;5
130.54982;39.65500;      1.19647;3.52273;5
130.58300;39.65667;      1.19757;3.52276;5
130.61620;39.65833;      1.19854;3.52278;5
130.64939;39.66000;      1.19927;3.52281;5
130.68261;39.66167;      1.20000;3.52284;5
130.71580;39.66333;      1.20085;3.52286;5
130.74900;39.66500;      1.20170;3.52289;5
130.78218;39.66667;      1.20268;3.52292;5
130.81536;39.66833;      1.20366;3.52294;5
130.84856;39.67000;      1.20439;3.52297;5
130.88177;39.67167;      1.20511;3.52299;5
130.91498;39.67333;      1.20597;3.52302;5
130.94818;39.67500;      1.20670;3.52305;5
130.98138;39.67667;      1.20792;3.52307;5
131.01456;39.67833;      1.20902;3.52310;5
131.04774;39.68000;      1.20987;3.52313;5
131.08095;39.68167;      1.21084;3.52315;5
131.11416;39.68333;      1.21182;3.52318;5
131.14738;39.68500;      1.21267;3.52320;5
131.18056;39.68667;      1.21352;3.52323;5
131.21375;39.68833;      1.21450;3.52326;5
131.24697;39.69000;      1.21535;3.52328;5
131.28018;39.69167;      1.21620;3.52331;5
131.31338;39.69333;      1.21718;3.52334;5
131.34657;39.69500;      1.21803;3.52336;5
131.37980;39.69667;      1.21888;3.52339;5
131.41300;39.69833;      1.21986;3.52341;5
131.44618;39.70000;      1.22083;3.52344;5
131.47938;39.70167;      1.22193;3.52347;5
131.51256;39.70333;      1.22303;3.52349;5
131.54575;39.70500;      1.22425;3.52352;5
131.57897;39.70667;      1.22547;3.52355;5
131.61215;39.70833;      1.22657;3.52357;5
131.64533;39.71000;      1.22779;3.52360;5
131.67852;39.71167;      1.22901;3.52362;5
131.71172;39.71333;      1.23011;3.52365;5
131.74493;39.71500;      1.23121;3.52368;5
131.77815;39.71667;      1.23243;3.52370;5
131.81136;39.71833;      1.23390;3.52373;5
131.84456;39.72000;      1.23512;3.52376;5
131.87774;39.72167;      1.23646;3.52378;5
131.91092;39.72333;      1.23781;3.52381;5
131.94410;39.72500;      1.23903;3.52383;5
131.97726;39.72667;      1.24000;3.52386;5
132.01044;39.72833;      1.24122;3.52389;5
132.04364;39.73000;      1.24232;3.52391;5
132.07684;39.73167;      1.24366;3.52394;5
132.11005;39.73333;      1.24464;3.52396;5
132.14323;39.73500;      1.24586;3.52399;5
132.17641;39.73667;      1.24696;3.52402;5
132.20959;39.73833;      1.24842;3.52404;5
132.24277;39.74000;      1.24989;3.52407;5
132.27597;39.74167;      1.25148;3.52410;5
132.30918;39.74333;      1.25282;3.52412;5
132.34238;39.74500;      1.25429;3.52415;5
132.37559;39.74667;      1.25588;3.52417;5
132.40882;39.74833;      1.25747;3.52420;5
132.44202;39.75000;      1.25906;3.52423;5
132.47521;39.75167;      1.26040;3.52425;5
132.50839;39.75333;      1.26162;3.52428;5
132.54159;39.75500;      1.26272;3.52430;5
132.57480;39.75667;      1.26419;3.52433;5
132.60800;39.75833;      1.26541;3.52436;5
132.64118;39.76000;      1.26663;3.52438;5
132.67436;39.76167;      1.26785;3.52441;5
132.70754;39.76333;      1.26919;3.52444;5
132.74072;39.76500;      1.27054;3.52446;5
132.77389;39.76667;      1.27200;3.52449;5
132.80708;39.76833;      1.27347;3.52451;5
132.84028;39.77000;      1.27481;3.52454;5
132.87346;39.77167;      1.27567;3.52457;5
132.90664;39.77333;      1.27689;3.52459;5
132.93982;39.77500;      1.27798;3.52462;5
132.97302;39.77667;      1.27933;3.52464;5
133.00620;39.77833;      1.28079;3.52467;5
133.03938;39.78000;      1.28275;3.52470;5
133.07259;39.78167;      1.28446;3.52472;5
133.10579;39.78333;      1.28618;3.52475;5
133.13897;39.78500;      1.28789;3.52477;5
133.17213;39.78667;      1.28923;3.52480;5
133.20533;39.78833;      1.29045;3.52483;5
133.23854;39.79000;      1.29167;3.52485;5
133.27175;39.79167;      1.29302;3.52488;5
133.30495;39.79333;      1.29436;3.52491;5
133.33813;39.79500;      1.29669;3.52493;5
133.37131;39.79667;      1.29864;3.52496;5
133.40449;39.79833;      1.30036;3.52498;5
133.43770;39.80000;      1.30195;3.52501;5
133.47092;39.80167;      1.30329;3.52504;5
133.50411;39.80333;      1.30488;3.52506;5
133.53733;39.80500;      1.30634;3.52509;5
133.57052;39.80667;      1.30781;3.52511;5
133.60370;39.80833;      1.30952;3.52514;5
133.63690;39.81000;      1.31099;3.52517;5
133.67011;39.81167;      1.31221;3.52519;5
133.70331;39.81333;      1.31355;3.52522;5
133.73652;39.81500;      1.31514;3.52524;5
133.76972;39.81667;      1.31660;3.52527;5
133.80290;39.81833;      1.31807;3.52530;5
133.83608;39.82000;      1.31941;3.52532;5
133.86926;39.82167;      1.32088;3.52535;5
133.90244;39.82333;      1.32222;3.52537;5
133.93564;39.82500;      1.32369;3.52540;5
133.96885;39.82667;      1.32577;3.52543;5
134.00207;39.82833;      1.32760;3.52545;5
134.03526;39.83000;      1.32919;3.52548;5
134.06844;39.83167;      1.33066;3.52550;5
134.10167;39.83333;      1.33212;3.52553;5
134.13487;39.83500;      1.33359;3.52556;5
134.16805;39.83667;      1.33505;3.52558;5
134.20125;39.83833;      1.33652;3.52561;5
134.23444;39.84000;      1.33799;3.52563;5
134.26762;39.84167;      1.33958;3.52566;5
134.30082;39.84333;      1.34104;3.52569;5
134.33402;39.84500;      1.34263;3.52571;5
134.36721;39.84667;      1.34397;3.52574;5
134.40041;39.84833;      1.34544;3.52576;5
134.43359;39.85000;      1.34703;3.52579;5
134.46679;39.85167;      1.34800;3.52581;5
134.50000;39.85333;      1.34959;3.52584;5
134.53321;39.85500;      1.35105;3.52587;5
134.56643;39.85667;      1.35252;3.52589;5
134.59964;39.85833;      1.35411;3.52592;5
134.63285;39.86000;      1.35594;3.52594;5
134.66606;39.86167;      1.35802;3.52597;5
134.69926;39.86333;      1.35973;3.52600;5
134.73246;39.86500;      1.36132;3.52602;5
134.76566;39.86667;      1.36291;3.52605;5
134.79887;39.86833;      1.36425;3.52607;5
134.83208;39.87000;      1.36572;3.52610;5
134.86529;39.87167;      1.36706;3.52613;5
134.89851;39.87333;      1.36852;3.52615;5
134.93170;39.87500;      1.36987;3.52618;5
134.96490;39.87667;      1.37121;3.52620;5
134.99808;39.87833;      1.37267;3.52623;5
135.03129;39.88000;      1.37438;3.52626;5
135.06452;39.88167;      1.37597;3.52628;5
135.09774;39.88333;      1.37768;3.52631;5
135.13093;39.88500;      1.37915;3.52633;5
135.16411;39.88667;      1.38086;3.52636;5
135.19733;39.88833;      1.38282;3.52638;5
135.23052;39.89000;      1.38465;3.52641;5
135.26369;39.89167;      1.38661;3.52644;5
135.29687;39.89333;      1.38832;3.52646;5
135.33008;39.89500;      1.39003;3.52649;5
135.36331;39.89667;      1.39198;3.52651;5
135.39652;39.89833;      1.39369;3.52654;5
135.42972;39.90000;      1.39565;3.52657;5
135.46292;39.90167;      1.39773;3.52659;5
135.49613;39.90333;      1.39969;3.52662;5
135.52934;39.90500;      1.40164;3.52664;5
135.56254;39.90667;      1.40372;3.52667;5
135.59575;39.90833;      1.40580;3.52669;5
135.62897;39.91000;      1.40788;3.52672;5
135.66218;39.91167;      1.40996;3.52675;5
135.69539;39.91333;      1.41192;3.52677;5
135.72859;39.91500;      1.41375;3.52680;5
135.76179;39.91667;      1.41571;3.52682;5
135.79498;39.91833;      1.41742;3.52685;5
135.82821;39.92000;      1.41900;3.52688;5
135.86143;39.92167;      1.42084;3.52690;5
135.89464;39.92333;      1.42267;3.52693;5
135.92787;39.92500;      1.42438;3.52695;5
135.96110;39.92667;      1.42609;3.52698;5
135.99433;39.92833;      1.42743;3.52700;5
136.02752;39.93000;      1.42902;3.52703;5
136.06074;39.93167;      1.43073;3.52706;5
136.09395;39.93333;      1.43269;3.52708;5
136.12713;39.93500;      1.43452;3.52711;5
136.16033;39.93667;      1.43648;3.52713;5
136.19356;39.93833;      1.43831;3.52716;5
136.22679;39.94000;      1.44014;3.52719;5
136.26002;39.94167;      1.44210;3.52721;5
136.29323;39.94333;      1.44418;3.52724;5
136.32643;39.94500;      1.44626;3.52726;5
136.35964;39.94667;      1.44833;3.52729;5
136.39284;39.94833;      1.45029;3.52731;5
136.42603;39.95000;      1.45224;3.52734;5
136.45925;39.95167;      1.45420;3.52737;5
136.49246;39.95333;      1.45628;3.52739;5
136.52566;39.95500;      1.45824;3.52742;5
136.55887;39.95667;      1.46007;3.52744;5
136.59205;39.95833;      1.46215;3.52747;5
136.62525;39.96000;      1.46435;3.52749;5
136.65844;39.96167;      1.46667;3.52752;5
136.69164;39.96333;      1.46887;3.52755;5
136.72484;39.96500;      1.47120;3.52757;5
136.75800;39.96667;      1.47352;3.52760;5
136.79120;39.96833;      1.47572;3.52762;5
136.82443;39.97000;      1.47792;3.52765;5
136.85766;39.97167;      1.48012;3.52767;5
136.89087;39.97333;      1.48220;3.52770;5
136.92408;39.97500;      1.48440;3.52773;5
136.95729;39.97667;      1.48648;3.52775;5
136.99051;39.97833;      1.48844;3.52778;5
137.02372;39.98000;      1.49027;3.52780;5
137.05693;39.98167;      1.49210;3.52783;5
137.09015;39.98333;      1.49418;3.52785;5
137.12336;39.98500;      1.49626;3.52788;5
137.15659;39.98667;      1.49870;3.52790;5
137.18984;39.98833;      1.50103;3.52793;5
137.22305;39.99000;      1.50311;3.52796;5
137.25626;39.99167;      1.50518;3.52798;5
137.28949;39.99333;      1.50726;3.52801;5
137.32270;39.99500;      1.50934;3.52803;5
137.35592;39.99667;      1.51142;3.52806;5
137.38913;39.99833;      1.51362;3.52808;5
137.42238;40.00000;      1.51594;3.52811;5
137.45562;40.00167;      1.51851;3.52814;5
137.48884;40.00333;      1.52083;3.52816;5
137.52205;40.00500;      1.52340;3.52819;5
137.55528;40.00667;      1.52585;3.52821;5
137.58851;40.00833;      1.52829;3.52824;5
137.62175;40.01000;      1.53074;3.52826;5
137.65500;40.01167;      1.53306;3.52829;5
137.68823;40.01333;      1.53551;3.52832;5
137.72144;40.01500;      1.53783;3.52834;5
137.75467;40.01667;      1.54016;3.52837;5
137.78788;40.01833;      1.54248;3.52839;5
137.82110;40.02000;      1.54480;3.52842;5
137.85429;40.02167;      1.54713;3.52844;5
137.88751;40.02333;      1.54933;3.52847;5
137.92072;40.02500;      1.55165;3.52849;5
137.95392;40.02667;      1.55385;3.52852;5
137.98711;40.02833;      1.55593;3.52855;5
138.02029;40.03000;      1.55800;3.52857;5
138.05351;40.03167;      1.56008;3.52860;5
138.08672;40.03333;      1.56228;3.52862;5
138.11995;40.03500;      1.56448;3.52865;5
138.15318;40.03667;      1.56680;3.52867;5
138.18641;40.03833;      1.56900;3.52870;5
138.21962;40.04000;      1.57120;3.52872;5
138.25282;40.04167;      1.57340;3.52875;5
138.28600;40.04333;      1.57548;3.52878;5
138.31920;40.04500;      1.57768;3.52880;5
138.35241;40.04667;      1.57988;3.52883;5
138.38561;40.04833;      1.58196;3.52885;5
138.41882;40.05000;      1.58428;3.52888;5
138.45205;40.05167;      1.58660;3.52890;5
138.48525;40.05333;      1.58880;3.52893;5
138.51844;40.05500;      1.59088;3.52895;5
138.55166;40.05667;      1.59332;3.52898;5
138.58485;40.05833;      1.59577;3.52900;5
138.61808;40.06000;      1.59797;3.52903;5
138.65129;40.06167;      1.60041;3.52906;5
138.68449;40.06333;      1.60298;3.52908;5
138.71770;40.06500;      1.60543;3.52911;5
138.75093;40.06667;      1.60775;3.52913;5
138.78416;40.06833;      1.61032;3.52916;5
138.81738;40.07000;      1.61264;3.52918;5
138.85057;40.07167;      1.61496;3.52921;5
138.88377;40.07333;      1.61728;3.52923;5
138.91697;40.07500;      1.61960;3.52926;5
138.95016;40.07667;      1.62193;3.52928;5
138.98336;40.07833;      1.62400;3.52931;5
139.01654;40.08000;      1.62608;3.52934;5
139.04977;40.08167;      1.62816;3.52936;5
139.08297;40.08333;      1.63035;3.52939;5
139.11616;40.08500;      1.63243;3.52941;5
139.14936;40.08667;      1.63451;3.52944;5
139.18256;40.08833;      1.63609;3.52946;5
139.21575;40.09000;      1.63792;3.52949;5
139.24897;40.09167;      1.63951;3.52951;5
139.28218;40.09333;      1.64146;3.52954;5
139.31538;40.09500;      1.64341;3.52956;5
139.34859;40.09667;      1.64549;3.52959;5
139.38179;40.09833;      1.64757;3.52962;5
139.41497;40.10000;      1.64977;3.52964;5
139.44813;40.10167;      1.65196;3.52967;5
139.48130;40.10333;      1.65429;3.52969;5
139.51448;40.10500;      1.65636;3.52972;5
139.54764;40.10667;      1.65868;3.52974;5
139.58080;40.10833;      1.66137;3.52977;5
139.61397;40.11000;      1.66369;3.52979;5
139.64712;40.11167;      1.66565;3.52982;5
139.68028;40.11333;      1.66748;3.52984;5
139.71344;40.11500;      1.66931;3.52987;5
139.74659;40.11667;      1.67126;3.52989;5
139.77975;40.11833;      1.67321;3.52992;5
139.81293;40.12000;      1.67529;3.52994;5
139.84612;40.12167;      1.67736;3.52997;5
139.87933;40.12333;      1.67969;3.53000;5
139.91252;40.12500;      1.68176;3.53002;5
139.94570;40.12667;      1.68384;3.53005;5
139.97890;40.12833;      1.68579;3.53007;5
140.01210;40.13000;      1.68762;3.53010;5
140.04530;40.13167;      1.68933;3.53012;5
140.07849;40.13333;      1.69116;3.53015;5
140.11169;40.13500;      1.69311;3.53017;5
140.14489;40.13667;      1.69494;3.53020;5
140.17808;40.13833;      1.69640;3.53022;5
140.21128;40.14000;      1.69823;3.53025;5
140.24448;40.14167;      1.70006;3.53027;5
140.27769;40.14333;      1.70177;3.53030;5
140.31092;40.14500;      1.70360;3.53032;5
140.34415;40.14667;      1.70530;3.53035;5
140.37736;40.14833;      1.70701;3.53037;5
140.41056;40.15000;      1.70872;3.53040;5
140.44375;40.15167;      1.71055;3.53042;5
140.47693;40.15333;      1.71299;3.53045;5
140.51015;40.15500;      1.71482;3.53048;5
140.54338;40.15667;      1.71665;3.53050;5
140.57659;40.15833;      1.71823;3.53053;5
140.60980;40.16000;      1.72018;3.53055;5
140.64300;40.16167;      1.72214;3.53058;5
140.67618;40.16333;      1.72384;3.53060;5
140.70938;40.16500;      1.72543;3.53063;5
140.74256;40.16667;      1.72713;3.53065;5
140.77574;40.16833;      1.72896;3.53068;5
140.80895;40.17000;      1.73067;3.53070;5
140.84215;40.17167;      1.73238;3.53073;5
140.87536;40.17333;      1.73384;3.53075;5
140.90854;40.17500;      1.73542;3.53078;5
140.94172;40.17667;      1.73676;3.53080;5
140.97492;40.17833;      1.73834;3.53083;5
141.00810;40.18000;      1.73980;3.53085;5
141.04130;40.18167;      1.74176;3.53088;5
141.07444;40.18333;      1.74358;3.53090;5
141.10762;40.18500;      1.74541;3.53093;5
141.14080;40.18667;      1.74700;3.53095;5
141.17400;40.18833;      1.74834;3.53098;5
141.20720;40.19000;      1.74980;3.53100;5
141.24036;40.19167;      1.75150;3.53103;5
141.27354;40.19333;      1.75296;3.53105;5
141.30674;40.19500;      1.75430;3.53108;5
141.33992;40.19667;      1.75564;3.53110;5
141.37308;40.19833;      1.75649;3.53113;5
141.40626;40.20000;      1.75770;3.53116;5
141.43946;40.20167;      1.75904;3.53118;5
141.47266;40.20333;      1.76038;3.53121;5
141.50585;40.20500;      1.76159;3.53123;5
141.53907;40.20667;      1.76293;3.53126;5
141.57228;40.20833;      1.76439;3.53128;5
141.60546;40.21000;      1.76573;3.53131;5
141.63866;40.21167;      1.76682;3.53133;5
141.67187;40.21333;      1.76791;3.53136;5
141.70507;40.21500;      1.76888;3.53138;5
141.73826;40.21667;      1.76985;3.53141;5
141.77146;40.21833;      1.77094;3.53143;5
141.80464;40.22000;      1.77216;3.53146;5
141.83784;40.22167;      1.77313;3.53148;5
141.87107;40.22333;      1.77422;3.53151;5
141.90425;40.22500;      1.77519;3.53153;5
141.93741;40.22667;      1.77628;3.53156;5
141.97061;40.22833;      1.77737;3.53158;5
142.00379;40.23000;      1.77810;3.53161;5
142.03698;40.23167;      1.77870;3.53163;5
142.07018;40.23333;      1.77967;3.53166;5
142.10338;40.23500;      1.78076;3.53168;5
142.13656;40.23667;      1.78185;3.53171;5
142.16974;40.23833;      1.78307;3.53173;5
142.20292;40.24000;      1.78416;3.53176;5
142.23610;40.24167;      1.78537;3.53178;5
142.26930;40.24333;      1.78622;3.53181;5
142.30246;40.24500;      1.78707;3.53183;5
142.33562;40.24667;      1.78791;3.53186;5
142.36879;40.24833;      1.78888;3.53188;5
142.40193;40.25000;      1.78961;3.53191;5
142.43511;40.25167;      1.79021;3.53193;5
142.46829;40.25333;      1.79105;3.53196;5
142.50149;40.25500;      1.79178;3.53198;5
142.53467;40.25667;      1.79226;3.53201;5
142.56784;40.25833;      1.79310;3.53203;5
142.60100;40.26000;      1.79346;3.53206;5
142.63421;40.26167;      1.79394;3.53208;5
142.66741;40.26333;      1.79441;3.53211;5
142.70061;40.26500;      1.79489;3.53213;5
142.73382;40.26667;      1.79549;3.53216;5
142.76703;40.26833;      1.79609;3.53218;5
142.80023;40.27000;      1.79657;3.53221;5
142.83343;40.27167;      1.79705;3.53223;5
142.86661;40.27333;      1.79765;3.53226;5
142.89977;40.27500;      1.79825;3.53228;5
142.93298;40.27667;      1.79885;3.53231;5
142.96620;40.27833;      1.79945;3.53233;5
142.99941;40.28000;      1.79993;3.53236;5
143.03264;40.28167;      1.80053;3.53238;5
143.06589;40.28333;      1.80126;3.53241;5
143.09913;40.28500;      1.80137;3.53243;5
143.13236;40.28667;      1.80148;3.53245;5
143.16559;40.28833;      1.80171;3.53248;5
143.19880;40.29000;      1.80194;3.53250;5
143.23200;40.29167;      1.80205;3.53253;5
143.26521;40.29333;      1.80228;3.53255;5
143.29841;40.29500;      1.80252;3.53258;5
143.33161;40.29667;      1.80263;3.53260;5
143.36484;40.29833;      1.80274;3.53263;5
143.39805;40.30000;      1.80297;3.53265;5
143.43125;40.30167;      1.80333;3.53268;5
143.46446;40.30333;      1.80356;3.53270;5
143.49767;40.30500;      1.80391;3.53273;5
143.53089;40.30667;      1.80403;3.53275;5
143.56410;40.30833;      1.80413;3.53278;5
143.59731;40.31000;      1.80424;3.53280;5
143.63054;40.31167;      1.80436;3.53283;5
143.66374;40.31333;      1.80446;3.53285;5
143.69695;40.31500;      1.80445;3.53288;5
143.73016;40.31667;      1.80444;3.53290;5
143.76338;40.31833;      1.80430;3.53293;5
143.79661;40.32000;      1.80429;3.53295;5
143.82985;40.32167;      1.80440;3.53298;5
143.86308;40.32333;      1.80451;3.53300;5
143.89629;40.32500;      1.80474;3.53303;5
143.92952;40.32667;      1.80473;3.53305;5
143.96277;40.32833;      1.80472;3.53308;5
143.99600;40.33000;      1.80446;3.53310;5
144.02923;40.33167;      1.80433;3.53313;5
144.06244;40.33333;      1.80382;3.53315;5
144.09564;40.33500;      1.80356;3.53317;5
144.12885;40.33667;      1.80282;3.53320;5
144.16207;40.33833;      1.80219;3.53322;5
144.19526;40.34000;      1.80181;3.53325;5
144.22848;40.34167;      1.80106;3.53327;5
144.26170;40.34333;      1.80031;3.53330;5
144.29492;40.34500;      1.79981;3.53332;5
144.32813;40.34667;      1.79906;3.53335;5
144.36134;40.34833;      1.79843;3.53337;5
144.39457;40.35000;      1.79781;3.53340;5
144.42780;40.35167;      1.79706;3.53342;5
144.46103;40.35333;      1.79631;3.53345;5
144.49423;40.35500;      1.79593;3.53347;5
144.52743;40.35667;      1.79579;3.53350;5
144.56064;40.35833;      1.79529;3.53352;5
144.59385;40.36000;      1.79479;3.53355;5
144.62707;40.36167;      1.79465;3.53357;5
144.66025;40.36333;      1.79439;3.53360;5
144.69346;40.36500;      1.79401;3.53362;5
144.72667;40.36667;      1.79351;3.53364;5
144.75987;40.36833;      1.79301;3.53367;5
144.79307;40.37000;      1.79287;3.53369;5
144.82628;40.37167;      1.79261;3.53372;5
144.85951;40.37333;      1.79236;3.53374;5
144.89274;40.37500;      1.79210;3.53377;5
144.92595;40.37667;      1.79196;3.53379;5
144.95913;40.37833;      1.79171;3.53382;5
144.99233;40.38000;      1.79133;3.53384;5
145.02551;40.38167;      1.79070;3.53387;5
145.05869;40.38333;      1.79020;3.53389;5
145.09187;40.38500;      1.78994;3.53392;5
145.12508;40.38667;      1.78931;3.53394;5
145.15830;40.38833;      1.78893;3.53396;5
145.19149;40.39000;      1.78843;3.53399;5
145.22469;40.39167;      1.78793;3.53401;5
145.25790;40.39333;      1.78742;3.53404;5
145.29112;40.39500;      1.78716;3.53406;5
145.32433;40.39667;      1.78678;3.53409;5
145.35753;40.39833;      1.78640;3.53411;5
145.39072;40.40000;      1.78590;3.53414;5
145.42393;40.40167;      1.78564;3.53416;5
145.45716;40.40333;      1.78526;3.53419;5
145.49039;40.40500;      1.78488;3.53421;5
145.52361;40.40667;      1.78462;3.53423;5
145.55682;40.40833;      1.78424;3.53426;5
145.59002;40.41000;      1.78399;3.53428;5
145.62321;40.41167;      1.78361;3.53431;5
145.65641;40.41333;      1.78347;3.53433;5
145.68961;40.41500;      1.78370;3.53436;5
145.72279;40.41667;      1.78406;3.53438;5
145.75597;40.41833;      1.78405;3.53441;5
145.78915;40.42000;      1.78404;3.53443;5
145.82234;40.42167;      1.78390;3.53446;5
145.85553;40.42333;      1.78377;3.53448;5
145.88869;40.42500;      1.78375;3.53450;5
145.92185;40.42667;      1.78386;3.53453;5
145.95503;40.42833;      1.78397;3.53455;5
145.98821;40.43000;      1.78421;3.53458;5
146.02138;40.43167;      1.78432;3.53460;5
146.05454;40.43333;      1.78455;3.53463;5
146.08771;40.43500;      1.78466;3.53465;5
146.12092;40.43667;      1.78477;3.53468;5
146.15413;40.43833;      1.78488;3.53470;5
146.18734;40.44000;      1.78475;3.53472;5
146.22056;40.44167;      1.78449;3.53475;5
146.25375;40.44333;      1.78460;3.53477;5
146.28695;40.44500;      1.78471;3.53480;5
146.32013;40.44667;      1.78482;3.53482;5
146.35333;40.44833;      1.78493;3.53485;5
146.38654;40.45000;      1.78516;3.53487;5
146.41974;40.45167;      1.78589;3.53490;5
146.45295;40.45333;      1.78636;3.53492;5
146.48615;40.45500;      1.78684;3.53494;5
146.51934;40.45667;      1.78707;3.53497;5
146.55252;40.45833;      1.78755;3.53499;5
146.58570;40.46000;      1.78791;3.53502;5
146.61889;40.46167;      1.78839;3.53504;5
146.65207;40.46333;      1.78899;3.53507;5
146.68526;40.46500;      1.78947;3.53509;5
146.71844;40.46667;      1.79019;3.53511;5
146.75162;40.46833;      1.79067;3.53514;5
146.78480;40.47000;      1.79102;3.53516;5
146.81798;40.47167;      1.79138;3.53519;5
146.85116;40.47333;      1.79210;3.53521;5
146.88433;40.47500;      1.79270;3.53524;5
146.91751;40.47667;      1.79343;3.53526;5
146.95070;40.47833;      1.79501;3.53528;5
146.98390;40.48000;      1.79647;3.53531;5
147.01708;40.48167;      1.79756;3.53533;5
147.05028;40.48333;      1.79840;3.53536;5
147.08347;40.48500;      1.79937;3.53538;5
147.11664;40.48667;      1.80022;3.53541;5
147.14980;40.48833;      1.80119;3.53543;5
147.18298;40.49000;      1.80228;3.53545;5
147.21616;40.49167;      1.80374;3.53548;5
147.24934;40.49333;      1.80495;3.53550;5
147.28252;40.49500;      1.80616;3.53553;5
147.31569;40.49667;      1.80738;3.53555;5
147.34887;40.49833;      1.80847;3.53558;5
147.38203;40.50000;      1.80944;3.53560;5
147.41520;40.50167;      1.81028;3.53562;5
147.44838;40.50333;      1.81113;3.53565;5
147.48156;40.50500;      1.81222;3.53567;5
147.51470;40.50667;      1.81343;3.53570;5
147.54788;40.50833;      1.81453;3.53572;5
147.58107;40.51000;      1.81611;3.53575;5
147.61425;40.51167;      1.81744;3.53577;5
147.64744;40.51333;      1.81878;3.53579;5
147.68066;40.51500;      1.81999;3.53582;5
147.71387;40.51667;      1.82157;3.53584;5
147.74705;40.51833;      1.82315;3.53587;5
147.78025;40.52000;      1.82510;3.53589;5
147.81346;40.52167;      1.82693;3.53591;5
147.84666;40.52333;      1.82851;3.53594;5
147.87985;40.52500;      1.83009;3.53596;5
147.91305;40.52667;      1.83167;3.53599;5
147.94625;40.52833;      1.83326;3.53601;5
147.97944;40.53000;      1.83496;3.53604;5
148.01264;40.53167;      1.83666;3.53606;5
148.04585;40.53333;      1.83824;3.53608;5
148.07907;40.53500;      1.83983;3.53611;5
148.11228;40.53667;      1.84153;3.53613;5
148.14548;40.53833;      1.84336;3.53616;5
148.17866;40.54000;      1.84530;3.53618;5
148.21185;40.54167;      1.84738;3.53620;5
148.24505;40.54333;      1.84932;3.53623;5
148.27825;40.54500;      1.85140;3.53625;5
148.31141;40.54667;      1.85322;3.53628;5
148.34461;40.54833;      1.85529;3.53630;5
148.37780;40.55000;      1.85724;3.53633;5
148.41098;40.55167;      1.85956;3.53635;5
148.44416;40.55333;      1.86200;3.53637;5
148.47736;40.55500;      1.86480;3.53640;5
148.51056;40.55667;      1.86712;3.53642;5
148.54377;40.55833;      1.86944;3.53645;5
148.57698;40.56000;      1.87163;3.53647;5
148.61020;40.56167;      1.87358;3.53649;5
148.64343;40.56333;      1.87540;3.53652;5
148.67666;40.56500;      1.87747;3.53654;5
148.70987;40.56667;      1.87942;3.53657;5
148.74307;40.56833;      1.88174;3.53659;5
148.77626;40.57000;      1.88393;3.53661;5
148.80948;40.57167;      1.88625;3.53664;5
148.84269;40.57333;      1.88856;3.53666;5
148.87592;40.57500;      1.89100;3.53669;5
148.90913;40.57667;      1.89332;3.53671;5
148.94236;40.57833;      1.89576;3.53673;5
148.97559;40.58000;      1.89820;3.53676;5
149.00882;40.58167;      1.90051;3.53678;5
149.04207;40.58333;      1.90332;3.53681;5
149.07528;40.58500;      1.90588;3.53683;5
149.10851;40.58667;      1.90844;3.53685;5
149.14175;40.58833;      1.91088;3.53688;5
149.17498;40.59000;      1.91368;3.53690;5
149.20821;40.59167;      1.91612;3.53693;5
149.24144;40.59333;      1.91893;3.53695;5
149.27467;40.59500;      1.92161;3.53697;5
149.30792;40.59667;      1.92429;3.53700;5
149.34118;40.59833;      1.92722;3.53702;5
149.37443;40.60000;      1.93052;3.53705;5
149.40767;40.60167;      1.93345;3.53707;5
149.44092;40.60333;      1.93687;3.53709;5
149.47415;40.60500;      1.94028;3.53712;5
149.50736;40.60667;      1.94333;3.53714;5
149.54059;40.60833;      1.94651;3.53717;5
149.57382;40.61000;      1.94968;3.53719;5
149.60705;40.61167;      1.95298;3.53721;5
149.64026;40.61333;      1.95640;3.53724;5
149.67348;40.61500;      1.95981;3.53726;5
149.70667;40.61667;      1.96311;3.53728;5
149.73990;40.61833;      1.96640;3.53731;5
149.77316;40.62000;      1.96970;3.53733;5
149.80641;40.62167;      1.97287;3.53736;5
149.83964;40.62333;      1.97605;3.53738;5
149.87287;40.62500;      1.97922;3.53740;5
149.90610;40.62667;      1.98227;3.53743;5
149.93934;40.62833;      1.98544;3.53745;5
149.97259;40.63000;      1.98874;3.53748;5
150.00584;40.63167;      1.99203;3.53750;5
150.03908;40.63333;      1.99533;3.53752;5
150.07233;40.63500;      1.99862;3.53755;5
150.10557;40.63667;      2.00192;3.53757;5
150.13884;40.63833;      2.00521;3.53759;5
150.17207;40.64000;      2.00851;3.53762;5
150.20531;40.64167;      2.01205;3.53764;5
150.23856;40.64333;      2.01583;3.53767;5
150.27180;40.64500;      2.01986;3.53769;5
150.30503;40.64667;      2.02402;3.53771;5
150.33826;40.64833;      2.02792;3.53774;5
150.37149;40.65000;      2.03171;3.53776;5
150.40472;40.65167;      2.03562;3.53778;5
150.43797;40.65333;      2.03928;3.53781;5
150.47121;40.65500;      2.04306;3.53783;5
150.50444;40.65667;      2.04685;3.53786;5
150.53767;40.65833;      2.05051;3.53788;5
150.57089;40.66000;      2.05405;3.53790;5
150.60412;40.66167;      2.05747;3.53793;5
150.63735;40.66333;      2.06100;3.53795;5
150.67056;40.66500;      2.06467;3.53798;5
150.70379;40.66667;      2.06833;3.53800;5
150.73702;40.66833;      2.07199;3.53802;5
150.77026;40.67000;      2.07578;3.53805;5
150.80353;40.67167;      2.07956;3.53807;5
150.83675;40.67333;      2.08334;3.53809;5
150.87000;40.67500;      2.08713;3.53812;5
150.90323;40.67667;      2.09128;3.53814;5
150.93644;40.67833;      2.09555;3.53816;5
150.96966;40.68000;      2.09971;3.53819;5
151.00289;40.68167;      2.10373;3.53821;5
151.03613;40.68333;      2.10776;3.53824;5
151.06936;40.68500;      2.11204;3.53826;5
151.10259;40.68667;      2.11631;3.53828;5
151.13579;40.68833;      2.12046;3.53831;5
151.16900;40.69000;      2.12449;3.53833;5
151.20223;40.69167;      2.12852;3.53835;5
151.23543;40.69333;      2.13279;3.53838;5
151.26862;40.69500;      2.13682;3.53840;5
151.30184;40.69667;      2.14097;3.53842;5
151.33503;40.69833;      2.14500;3.53845;5
151.36823;40.70000;      2.14903;3.53847;5
151.40143;40.70167;      2.15367;3.53850;5
151.43466;40.70333;      2.15856;3.53852;5
151.46787;40.70500;      2.16308;3.53854;5
151.50110;40.70667;      2.16723;3.53857;5
151.53433;40.70833;      2.17138;3.53859;5
151.56754;40.71000;      2.17540;3.53861;5
151.60074;40.71167;      2.17955;3.53864;5
151.63393;40.71333;      2.18358;3.53866;5
151.66716;40.71500;      2.18786;3.53868;5
151.70038;40.71667;      2.19201;3.53871;5
151.73362;40.71833;      2.19616;3.53873;5
151.76685;40.72000;      2.20092;3.53875;5
151.80007;40.72167;      2.20544;3.53878;5
151.83328;40.72333;      2.20996;3.53880;5
151.86649;40.72500;      2.21435;3.53882;5
151.89972;40.72667;      2.21899;3.53885;5
151.93295;40.72833;      2.22351;3.53887;5
151.96616;40.73000;      2.22815;3.53890;5
151.99936;40.73167;      2.23279;3.53892;5
152.03256;40.73333;      2.23743;3.53894;5
152.06575;40.73500;      2.24207;3.53897;5
152.09895;40.73667;      2.24659;3.53899;5
152.13215;40.73833;      2.25122;3.53901;5
152.16533;40.74000;      2.25574;3.53904;5
152.19853;40.74167;      2.26026;3.53906;5
152.23171;40.74333;      2.26502;3.53908;5
152.26489;40.74500;      2.26990;3.53911;5
152.29807;40.74667;      2.27479;3.53913;5
152.33128;40.74833;      2.27955;3.53915;5
152.36449;40.75000;      2.28431;3.53918;5
152.39771;40.75167;      2.28920;3.53920;5
152.43092;40.75333;      2.29396;3.53922;5
152.46412;40.75500;      2.29884;3.53925;5
152.49731;40.75667;      2.30361;3.53927;5
152.53049;40.75833;      2.30849;3.53929;5
152.56371;40.76000;      2.31325;3.53932;5
152.59694;40.76167;      2.31801;3.53934;5
152.63015;40.76333;      2.32277;3.53936;5
152.66334;40.76500;      2.32753;3.53939;5
152.69657;40.76667;      2.33230;3.53941;5
152.72979;40.76833;      2.33706;3.53943;5
152.76298;40.77000;      2.34182;3.53946;5
152.79620;40.77167;      2.34658;3.53948;5
152.82939;40.77333;      2.35134;3.53950;5
152.86261;40.77500;      2.35647;3.53953;5
152.89580;40.77667;      2.36147;3.53955;5
152.92900;40.77833;      2.36636;3.53957;5
152.96221;40.78000;      2.37112;3.53960;5
152.99543;40.78167;      2.37588;3.53962;5
153.02862;40.78333;      2.38039;3.53964;5
153.06180;40.78500;      2.38503;3.53967;5
153.09500;40.78667;      2.38955;3.53969;5
153.12821;40.78833;      2.39394;3.53971;5
153.16143;40.79000;      2.39833;3.53974;5
153.19464;40.79167;      2.40260;3.53976;5
153.22785;40.79333;      2.40663;3.53978;5
153.26108;40.79500;      2.41053;3.53981;5
153.29431;40.79667;      2.41456;3.53983;5
153.32752;40.79833;      2.41858;3.53985;5
153.36074;40.80000;      2.42261;3.53988;5
153.39395;40.80167;      2.42700;3.53990;5
153.42716;40.80333;      2.43127;3.53992;5
153.46036;40.80500;      2.43542;3.53994;5
153.49357;40.80667;      2.43944;3.53997;5
153.52679;40.80833;      2.44310;3.53999;5
153.56000;40.81000;      2.44651;3.54001;5
153.59323;40.81167;      2.44956;3.54004;5
153.62648;40.81333;      2.45224;3.54006;5
153.65971;40.81500;      2.45528;3.54008;5
153.69293;40.81667;      2.45845;3.54011;5
153.72616;40.81833;      2.46174;3.54013;5
153.75936;40.82000;      2.46405;3.54015;5
153.79254;40.82167;      2.46648;3.54018;5
153.82574;40.82333;      2.46892;3.54020;5
153.85895;40.82500;      2.47123;3.54022;5
153.89216;40.82667;      2.47329;3.54025;5
153.92536;40.82833;      2.47523;3.54027;5
153.95857;40.83000;      2.47681;3.54029;5
153.99179;40.83167;      2.47814;3.54032;5
154.02502;40.83333;      2.47972;3.54034;5
154.05821;40.83500;      2.48105;3.54036;5
154.09143;40.83667;      2.48238;3.54038;5
154.12464;40.83833;      2.48383;3.54041;5
154.15785;40.84000;      2.48479;3.54043;5
154.19107;40.84167;      2.48515;3.54045;5
154.22426;40.84333;      2.48562;3.54048;5
154.25748;40.84500;      2.48560;3.54050;5
154.29069;40.84667;      2.48534;3.54052;5
154.32392;40.84833;      2.48557;3.54055;5
154.35713;40.85000;      2.48519;3.54057;5
154.39036;40.85167;      2.48480;3.54059;5
154.42359;40.85333;      2.48418;3.54061;5
154.45682;40.85500;      2.48342;3.54064;5
154.49003;40.85667;      2.48280;3.54066;5
154.52326;40.85833;      2.48192;3.54068;5
154.55652;40.86000;      2.48044;3.54071;5
154.58975;40.86167;      2.47895;3.54073;5
154.62298;40.86333;      2.47735;3.54075;5
154.65621;40.86500;      2.47537;3.54078;5
154.68946;40.86667;      2.47340;3.54080;5
154.72266;40.86833;      2.47069;3.54082;5
154.75585;40.87000;      2.46871;3.54084;5
154.78908;40.87167;      2.46637;3.54087;5
154.82229;40.87333;      2.46354;3.54089;5
154.85551;40.87500;      2.46083;3.54091;5
154.88872;40.87667;      2.45763;3.54094;5
154.92195;40.87833;      2.45455;3.54096;5
154.95518;40.88000;      2.45123;3.54098;5
154.98841;40.88167;      2.44742;3.54100;5
155.02164;40.88333;      2.44361;3.54103;5
155.05487;40.88500;      2.43919;3.54105;5
155.08808;40.88667;      2.43440;3.54107;5
155.12130;40.88833;      2.43034;3.54110;5
155.15452;40.89000;      2.42629;3.54112;5
155.18775;40.89167;      2.42223;3.54114;5
155.22098;40.89333;      2.41793;3.54117;5
155.25421;40.89500;      2.41339;3.54119;5
155.28744;40.89667;      2.40896;3.54121;5
155.32067;40.89833;      2.40454;3.54123;5
155.35390;40.90000;      2.40012;3.54126;5
155.38713;40.90167;      2.39521;3.54128;5
155.42036;40.90333;      2.39005;3.54130;5
155.45361;40.90500;      2.38465;3.54133;5
155.48685;40.90667;      2.37937;3.54135;5
155.52008;40.90833;      2.37409;3.54137;5
155.55330;40.91000;      2.36881;3.54139;5
155.58651;40.91167;      2.36402;3.54142;5
155.61972;40.91333;      2.35923;3.54144;5
155.65292;40.91500;      2.35396;3.54146;5
155.68615;40.91667;      2.34856;3.54148;5
155.71936;40.91833;      2.34291;3.54151;5
155.75257;40.92000;      2.33714;3.54153;5
155.78580;40.92167;      2.33150;3.54155;5
155.81905;40.92333;      2.32536;3.54158;5
155.85226;40.92500;      2.31923;3.54160;5
155.88546;40.92667;      2.31321;3.54162;5
155.91867;40.92833;      2.30720;3.54164;5
155.95188;40.93000;      2.30131;3.54167;5
155.98510;40.93167;      2.29567;3.54169;5
156.01833;40.93333;      2.28978;3.54171;5
156.05152;40.93500;      2.28364;3.54173;5
156.08475;40.93667;      2.27751;3.54176;5
156.11797;40.93833;      2.27137;3.54178;5
156.15120;40.94000;      2.26512;3.54180;5
156.18441;40.94167;      2.25874;3.54183;5
156.21764;40.94333;      2.25236;3.54185;5
156.25090;40.94500;      2.24586;3.54187;5
156.28415;40.94667;      2.23936;3.54189;5
156.31738;40.94833;      2.23298;3.54192;5
156.35059;40.95000;      2.22648;3.54194;5
156.38380;40.95167;      2.21998;3.54196;5
156.41700;40.95333;      2.21323;3.54198;5
156.45018;40.95500;      2.20673;3.54201;5
156.48338;40.95667;      2.20011;3.54203;5
156.51659;40.95833;      2.19349;3.54205;5
156.54979;40.96000;      2.18699;3.54207;5
156.58297;40.96167;      2.18061;3.54210;5
156.61615;40.96333;      2.17423;3.54212;5
156.64934;40.96500;      2.16749;3.54214;5
156.68252;40.96667;      2.16135;3.54216;5
156.71567;40.96833;      2.15473;3.54219;5
156.74888;40.97000;      2.14823;3.54221;5
156.78210;40.97167;      2.14161;3.54223;5
156.81529;40.97333;      2.13523;3.54225;5
156.84849;40.97500;      2.12886;3.54228;5
156.88169;40.97667;      2.12248;3.54230;5
156.91488;40.97833;      2.11598;3.54232;5
156.94806;40.98000;      2.10972;3.54234;5
156.98125;40.98167;      2.10359;3.54237;5
157.01443;40.98333;      2.09746;3.54239;5
157.04761;40.98500;      2.09121;3.54241;5
157.08079;40.98667;      2.08508;3.54243;5
157.11400;40.98833;      2.07870;3.54246;5
157.14720;40.99000;      2.07232;3.54248;5
157.18036;40.99167;      2.06595;3.54250;5
157.21354;40.99333;      2.05981;3.54252;5
157.24670;40.99500;      2.05356;3.54255;5
157.27987;40.99667;      2.04718;3.54257;5
157.31303;40.99833;      2.04069;3.54259;5
157.34620;41.00000;      2.03443;3.54261;5
157.37936;41.00167;      2.02818;3.54264;5
157.41252;41.00333;      2.02205;3.54266;5
157.44569;41.00500;      2.01604;3.54268;5
157.47884;41.00667;      2.01015;3.54270;5
157.51200;41.00833;      2.00415;3.54273;5
157.54516;41.01000;      1.99826;3.54275;5
157.57831;41.01167;      1.99225;3.54277;5
157.61147;41.01333;      1.98686;3.54279;5
157.64466;41.01500;      1.98122;3.54281;5
157.67782;41.01667;      1.97533;3.54284;5
157.71095;41.01833;      1.96957;3.54286;5
157.74410;41.02000;      1.96405;3.54288;5
157.77726;41.02167;      1.95865;3.54290;5
157.81041;41.02333;      1.95326;3.54293;5
157.84357;41.02500;      1.94786;3.54295;5
157.87675;41.02667;      1.94234;3.54297;5
157.90992;41.02833;      1.93670;3.54299;5
157.94308;41.03000;      1.93118;3.54302;5
157.97625;41.03167;      1.92579;3.54304;5
158.00941;41.03333;      1.92039;3.54306;5
158.04257;41.03500;      1.91500;3.54308;5
158.07575;41.03667;      1.90972;3.54310;5
158.10890;41.03833;      1.90421;3.54313;5
158.14205;41.04000;      1.89893;3.54315;5
158.17518;41.04167;      1.89354;3.54317;5
158.20836;41.04333;      1.88790;3.54319;5
158.24152;41.04500;      1.88250;3.54322;5
158.27467;41.04667;      1.87711;3.54324;5
158.30780;41.04833;      1.87171;3.54326;5
158.34095;41.05000;      1.86632;3.54328;5
158.37410;41.05167;      1.86117;3.54330;5
158.40725;41.05333;      1.85590;3.54333;5
158.44041;41.05500;      1.85062;3.54335;5
158.47356;41.05667;      1.84523;3.54337;5
158.50669;41.05833;      1.83984;3.54339;5
158.53984;41.06000;      1.83456;3.54341;5
158.57302;41.06167;      1.82929;3.54344;5
158.60620;41.06333;      1.82414;3.54346;5
158.63938;41.06500;      1.81875;3.54348;5
158.67252;41.06667;      1.81360;3.54350;5
158.70570;41.06833;      1.80833;3.54353;5
158.73892;41.07000;      1.80306;3.54355;5
158.77208;41.07167;      1.79791;3.54357;5
158.80525;41.07333;      1.79264;3.54359;5
158.83839;41.07500;      1.78761;3.54361;5
158.87157;41.07667;      1.78270;3.54364;5
158.90475;41.07833;      1.77780;3.54366;5
158.93793;41.08000;      1.77290;3.54368;5
158.97111;41.08167;      1.76787;3.54370;5
159.00431;41.08333;      1.76284;3.54372;5
159.03749;41.08500;      1.75782;3.54375;5
159.07064;41.08667;      1.75279;3.54377;5
159.10380;41.08833;      1.74764;3.54379;5
159.13697;41.09000;      1.74237;3.54381;5
159.17011;41.09167;      1.73722;3.54383;5
159.20328;41.09333;      1.73207;3.54386;5
159.23646;41.09500;      1.72680;3.54388;5
159.26964;41.09667;      1.72166;3.54390;5
159.30282;41.09833;      1.71639;3.54392;5
159.33600;41.10000;      1.71087;3.54394;5
159.36916;41.10167;      1.70548;3.54397;5
159.40233;41.10333;      1.70009;3.54399;5
159.43551;41.10500;      1.69469;3.54401;5
159.46869;41.10667;      1.68942;3.54403;5
159.50189;41.10833;      1.68428;3.54405;5
159.53507;41.11000;      1.67901;3.54408;5
159.56825;41.11167;      1.67374;3.54410;5
159.60146;41.11333;      1.66834;3.54412;5
159.63466;41.11500;      1.66307;3.54414;5
159.66784;41.11667;      1.65780;3.54416;5
159.70102;41.11833;      1.65253;3.54418;5
159.73421;41.12000;      1.64751;3.54421;5
159.76741;41.12167;      1.64224;3.54423;5
159.80061;41.12333;      1.63709;3.54425;5
159.83382;41.12500;      1.63182;3.54427;5
159.86702;41.12667;      1.62668;3.54429;5
159.90020;41.12833;      1.62153;3.54432;5
159.93338;41.13000;      1.61626;3.54434;5
159.96656;41.13167;      1.61111;3.54436;5
159.99975;41.13333;      1.60597;3.54438;5
160.03292;41.13500;      1.60070;3.54440;5
160.06610;41.13667;      1.59543;3.54442;5
160.09928;41.13833;      1.59004;3.54445;5
160.13248;41.14000;      1.58477;3.54447;5
160.16569;41.14167;      1.57938;3.54449;5
160.19892;41.14333;      1.57399;3.54451;5
160.23211;41.14500;      1.56860;3.54453;5
160.26530;41.14667;      1.56321;3.54456;5
160.29849;41.14833;      1.55782;3.54458;5
160.33170;41.15000;      1.55243;3.54460;5
160.36492;41.15167;      1.54679;3.54462;5
160.39813;41.15333;      1.54091;3.54464;5
160.43133;41.15500;      1.53528;3.54466;5
160.46452;41.15667;      1.52952;3.54469;5
160.49774;41.15833;      1.52388;3.54471;5
160.53095;41.16000;      1.51825;3.54473;5
160.56416;41.16167;      1.51249;3.54475;5
160.59736;41.16333;      1.50686;3.54477;5
160.63056;41.16500;      1.50110;3.54479;5
160.66374;41.16667;      1.49534;3.54482;5
160.69693;41.16833;      1.48947;3.54484;5
160.73013;41.17000;      1.48359;3.54486;5
160.76333;41.17167;      1.47771;3.54488;5
160.79652;41.17333;      1.47207;3.54490;5
160.82972;41.17500;      1.46620;3.54492;5
160.86295;41.17667;      1.46044;3.54495;5
160.89615;41.17833;      1.45468;3.54497;5
160.92934;41.18000;      1.44893;3.54499;5
160.96252;41.18167;      1.44317;3.54501;5
160.99570;41.18333;      1.43741;3.54503;5
161.02888;41.18500;      1.43166;3.54505;5
161.06210;41.18667;      1.42566;3.54508;5
161.09534;41.18833;      1.41990;3.54510;5
161.12856;41.19000;      1.41390;3.54512;5
161.16174;41.19167;      1.40802;3.54514;5
161.19495;41.19333;      1.40178;3.54516;5
161.22818;41.19500;      1.39554;3.54518;5
161.26141;41.19667;      1.38917;3.54521;5
161.29462;41.19833;      1.38305;3.54523;5
161.32782;41.20000;      1.37692;3.54525;5
161.36103;41.20167;      1.37117;3.54527;5
161.39426;41.20333;      1.36529;3.54529;5
161.42749;41.20500;      1.35941;3.54531;5
161.46071;41.20667;      1.35354;3.54533;5
161.49392;41.20833;      1.34766;3.54536;5
161.52711;41.21000;      1.34154;3.54538;5
161.56033;41.21167;      1.33566;3.54540;5
161.59356;41.21333;      1.32966;3.54542;5
161.62677;41.21500;      1.32366;3.54544;5
161.65998;41.21667;      1.31754;3.54546;5
161.69318;41.21833;      1.31154;3.54548;5
161.72639;41.22000;      1.30554;3.54551;5
161.75962;41.22167;      1.29955;3.54553;5
161.79284;41.22333;      1.29367;3.54555;5
161.82603;41.22500;      1.28791;3.54557;5
161.85921;41.22667;      1.28216;3.54559;5
161.89239;41.22833;      1.27628;3.54561;5
161.92559;41.23000;      1.27065;3.54563;5
161.95882;41.23167;      1.26490;3.54566;5
161.99203;41.23333;      1.25927;3.54568;5
162.02525;41.23500;      1.25364;3.54570;5
162.05846;41.23667;      1.24776;3.54572;5
162.09169;41.23833;      1.24213;3.54574;5
162.12492;41.24000;      1.23650;3.54576;5
162.15813;41.24167;      1.23099;3.54578;5
162.19133;41.24333;      1.22560;3.54581;5
162.22454;41.24500;      1.22083;3.54583;5
162.25775;41.24667;      1.21593;3.54585;5
162.29097;41.24833;      1.21079;3.54587;5
162.32420;41.25000;      1.20589;3.54589;5
162.35741;41.25167;      1.20087;3.54591;5
162.39061;41.25333;      1.19573;3.54593;5
162.42379;41.25500;      1.19071;3.54595;5
162.45698;41.25667;      1.18532;3.54598;5
162.49020;41.25833;      1.18030;3.54600;5
162.52344;41.26000;      1.17602;3.54602;5
162.55669;41.26167;      1.17161;3.54604;5
162.58992;41.26333;      1.16733;3.54606;5
162.62312;41.26500;      1.16280;3.54608;5
162.65633;41.26667;      1.15827;3.54610;5
162.68956;41.26833;      1.15386;3.54612;5
162.72279;41.27000;      1.14933;3.54615;5
162.75600;41.27167;      1.14480;3.54617;5
162.78921;41.27333;      1.14039;3.54619;5
162.82244;41.27500;      1.13611;3.54621;5
162.85567;41.27667;      1.13170;3.54623;5
162.88887;41.27833;      1.12729;3.54625;5
162.92208;41.28000;      1.12288;3.54627;5
162.95530;41.28167;      1.11872;3.54629;5
162.98854;41.28333;      1.11456;3.54632;5
163.02179;41.28500;      1.11040;3.54634;5
163.05502;41.28667;      1.10648;3.54636;5
163.08821;41.28833;      1.10293;3.54638;5
163.12139;41.29000;      1.09938;3.54640;5
163.15461;41.29167;      1.09595;3.54642;5
163.18785;41.29333;      1.09252;3.54644;5
163.22108;41.29500;      1.08909;3.54646;5
163.25430;41.29667;      1.08566;3.54648;5
163.28749;41.29833;      1.08247;3.54650;5
163.32071;41.30000;      1.07941;3.54653;5
163.35392;41.30167;      1.07647;3.54655;5
163.38712;41.30333;      1.07353;3.54657;5
163.42033;41.30500;      1.07047;3.54659;5
163.45354;41.30667;      1.06765;3.54661;5
163.48677;41.30833;      1.06459;3.54663;5
163.52000;41.31000;      1.06190;3.54665;5
163.55325;41.31167;      1.05957;3.54667;5
163.58648;41.31333;      1.05736;3.54669;5
163.61967;41.31500;      1.05479;3.54672;5
163.65289;41.31667;      1.05222;3.54674;5
163.68610;41.31833;      1.04976;3.54676;5
163.71933;41.32000;      1.04719;3.54678;5
163.75256;41.32167;      1.04523;3.54680;5
163.78577;41.32333;      1.04315;3.54682;5
163.81898;41.32500;      1.04118;3.54684;5
163.85220;41.32667;      1.03934;3.54686;5
163.88541;41.32833;      1.03763;3.54688;5
163.91862;41.33000;      1.03567;3.54690;5
163.95185;41.33167;      1.03431;3.54692;5
163.98508;41.33333;      1.03272;3.54695;5
164.01831;41.33500;      1.03100;3.54697;5
164.05152;41.33667;      1.02977;3.54699;5
164.08477;41.33833;      1.02855;3.54701;5
164.11798;41.34000;      1.02732;3.54703;5
164.15120;41.34167;      1.02609;3.54705;5
164.18444;41.34333;      1.02450;3.54707;5
164.21769;41.34500;      1.02327;3.54709;5
164.25092;41.34667;      1.02167;3.54711;5
164.28415;41.34833;      1.02020;3.54713;5
164.31739;41.35000;      1.01861;3.54715;5
164.35059;41.35167;      1.01750;3.54717;5
164.38382;41.35333;      1.01603;3.54720;5
164.41706;41.35500;      1.01480;3.54722;5
164.45031;41.35667;      1.01333;3.54724;5
164.48357;41.35833;      1.01198;3.54726;5
164.51682;41.36000;      1.01075;3.54728;5
164.55005;41.36167;      1.00940;3.54730;5
164.58329;41.36333;      1.00805;3.54732;5
164.61652;41.36500;      1.00670;3.54734;5
164.64979;41.36667;      1.00547;3.54736;5
164.68303;41.36833;      1.00449;3.54738;5
164.71629;41.37000;      1.00350;3.54740;5
164.74956;41.37167;      1.00362;3.54742;5
164.78280;41.37333;      1.00325;3.54744;5
164.81603;41.37500;      1.00288;3.54747;5
164.84925;41.37667;      1.00263;3.54749;5
164.88248;41.37833;      1.00225;3.54751;5
164.91572;41.38000;      1.00164;3.54753;5
164.94897;41.38167;      1.00090;3.54755;5
164.98220;41.38333;      1.00028;3.54757;5
165.01543;41.38500;      0.99930;3.54759;5
165.04866;41.38667;      0.99844;3.54761;5
165.08190;41.38833;      0.99745;3.54763;5
165.11516;41.39000;      0.99671;3.54765;5
165.14841;41.39167;      0.99585;3.54767;5
165.18166;41.39333;      0.99511;3.54769;5
165.21489;41.39500;      0.99413;3.54771;5
165.24811;41.39667;      0.99327;3.54773;5
165.28136;41.39833;      0.99253;3.54775;5
165.31462;41.40000;      0.99167;3.54777;5
165.34787;41.40167;      0.99105;3.54780;5
165.38112;41.40333;      0.99031;3.54782;5
165.41436;41.40500;      0.98957;3.54784;5
165.44761;41.40667;      0.98896;3.54786;5
165.48085;41.40833;      0.98859;3.54788;5
165.51410;41.41000;      0.98809;3.54790;5
165.54734;41.41167;      0.98809;3.54792;5
165.58057;41.41333;      0.98796;3.54794;5
165.61380;41.41500;      0.98759;3.54796;5
165.64705;41.41667;      0.98734;3.54798;5
165.68028;41.41833;      0.98684;3.54800;5
165.71352;41.42000;      0.98647;3.54802;5
165.74679;41.42167;      0.98622;3.54804;5
165.78005;41.42333;      0.98597;3.54806;5
165.81331;41.42500;      0.98548;3.54808;5
165.84659;41.42667;      0.98498;3.54810;5
165.87985;41.42833;      0.98449;3.54812;5
165.91312;41.43000;      0.98424;3.54814;5
165.94638;41.43167;      0.98374;3.54816;5
165.97964;41.43333;      0.98349;3.54818;5
166.01289;41.43500;      0.98336;3.54821;5
166.04613;41.43667;      0.98360;3.54823;5
166.07938;41.43833;      0.98348;3.54825;5
166.11262;41.44000;      0.98310;3.54827;5
166.14585;41.44167;      0.98261;3.54829;5
166.17910;41.44333;      0.98236;3.54831;5
166.21233;41.44500;      0.98199;3.54833;5
166.24556;41.44667;      0.98174;3.54835;5
166.27877;41.44833;      0.98149;3.54837;5
166.31198;41.45000;      0.98111;3.54839;5
166.34521;41.45167;      0.98099;3.54841;5
166.37848;41.45333;      0.98074;3.54843;5
166.41174;41.45500;      0.98049;3.54845;5
166.44497;41.45667;      0.98011;3.54847;5
166.47823;41.45833;      0.98035;3.54849;5
166.51148;41.46000;      0.98047;3.54851;5
166.54474;41.46167;      0.98047;3.54853;5
166.57798;41.46333;      0.98046;3.54855;5
166.61120;41.46500;      0.98058;3.54857;5
166.64444;41.46667;      0.98057;3.54859;5
166.67769;41.46833;      0.98044;3.54861;5
166.71092;41.47000;      0.98031;3.54863;5
166.74415;41.47167;      0.98006;3.54865;5
166.77738;41.47333;      0.97933;3.54867;5
166.81062;41.47500;      0.97908;3.54869;5
166.84387;41.47667;      0.97871;3.54871;5
166.87711;41.47833;      0.97858;3.54873;5
166.91036;41.48000;      0.97833;3.54875;5
166.94361;41.48167;      0.97808;3.54877;5
166.97685;41.48333;      0.97758;3.54879;5
167.01011;41.48500;      0.97721;3.54881;5
167.04336;41.48667;      0.97684;3.54883;5
167.07662;41.48833;      0.97634;3.54885;5
167.10985;41.49000;      0.97585;3.54887;5
167.14310;41.49167;      0.97548;3.54889;5
167.17638;41.49333;      0.97523;3.54891;5
167.20964;41.49500;      0.97498;3.54893;5
167.24290;41.49667;      0.97473;3.54895;5
167.27615;41.49833;      0.97448;3.54897;5
167.30938;41.50000;      0.97521;3.54899;5
167.34259;41.50167;      0.97520;3.54901;5
167.37582;41.50333;      0.97532;3.54903;5
167.40905;41.50500;      0.97507;3.54905;5
167.44229;41.50667;      0.97482;3.54907;5
167.47552;41.50833;      0.97445;3.54909;5
167.50877;41.51000;      0.97408;3.54911;5
167.54202;41.51167;      0.97370;3.54913;5
167.57525;41.51333;      0.97345;3.54915;5
167.60849;41.51500;      0.97284;3.54917;5
167.64174;41.51667;      0.97246;3.54919;5
167.67498;41.51833;      0.97197;3.54921;5
167.70823;41.52000;      0.97172;3.54923;5
167.74146;41.52167;      0.97147;3.54925;5
167.77467;41.52333;      0.97122;3.54927;5
167.80790;41.52500;      0.97134;3.54929;5
167.84113;41.52667;      0.97121;3.54931;5
167.87434;41.52833;      0.97108;3.54933;5
167.90756;41.53000;      0.97083;3.54935;5
167.94079;41.53167;      0.97071;3.54937;5
167.97402;41.53333;      0.97058;3.54939;5
168.00723;41.53500;      0.97045;3.54941;5
168.04047;41.53667;      0.97057;3.54943;5
168.07370;41.53833;      0.97056;3.54945;5
168.10693;41.54000;      0.97092;3.54947;5
168.14015;41.54167;      0.97116;3.54949;5
168.17338;41.54333;      0.97116;3.54951;5
168.20659;41.54500;      0.97103;3.54953;5
168.23980;41.54667;      0.97078;3.54955;5
168.27302;41.54833;      0.97041;3.54957;5
168.30623;41.55000;      0.97004;3.54959;5
168.33946;41.55167;      0.96979;3.54961;5
168.37267;41.55333;      0.96966;3.54963;5
168.40587;41.55500;      0.96941;3.54965;5
168.43903;41.55667;      0.96928;3.54967;5
168.47225;41.55833;      0.96916;3.54969;5
168.50546;41.56000;      0.96915;3.54971;5
168.53867;41.56167;      0.96902;3.54973;5
168.57187;41.56333;      0.96889;3.54975;5
168.60508;41.56500;      0.96877;3.54977;5
168.63831;41.56667;      0.96827;3.54979;5
168.67152;41.56833;      0.96790;3.54981;5
168.70472;41.57000;      0.96741;3.54983;5
168.73793;41.57167;      0.96704;3.54985;5
168.77115;41.57333;      0.96679;3.54987;5
168.80434;41.57500;      0.96666;3.54989;5
168.83754;41.57667;      0.96641;3.54991;5
168.87074;41.57833;      0.96616;3.54993;5
168.90395;41.58000;      0.96591;3.54995;5
168.93716;41.58167;      0.96578;3.54996;5
168.97036;41.58333;      0.96566;3.54998;5
169.00356;41.58500;      0.96541;3.55000;5
169.03675;41.58667;      0.96516;3.55002;5
169.06995;41.58833;      0.96491;3.55004;5
169.10311;41.59000;      0.96478;3.55006;5
169.13631;41.59167;      0.96453;3.55008;5
169.16948;41.59333;      0.96465;3.55010;5
169.20264;41.59500;      0.96464;3.55012;5
169.23580;41.59667;      0.96476;3.55014;5
169.26897;41.59833;      0.96475;3.55016;5
169.30216;41.60000;      0.96462;3.55018;5
169.33538;41.60167;      0.96450;3.55020;5
169.36859;41.60333;      0.96449;3.55022;5
169.40179;41.60500;      0.96436;3.55024;5
169.43500;41.60667;      0.96424;3.55026;5
169.46820;41.60833;      0.96387;3.55028;5
169.50139;41.61000;      0.96362;3.55030;5
169.53461;41.61167;      0.96312;3.55032;5
169.56780;41.61333;      0.96287;3.55033;5
169.60100;41.61500;      0.96262;3.55035;5
169.63416;41.61667;      0.96237;3.55037;5
169.66736;41.61833;      0.96225;3.55039;5
169.70057;41.62000;      0.96200;3.55041;5
169.73377;41.62167;      0.96211;3.55043;5
169.76700;41.62333;      0.96199;3.55045;5
169.80021;41.62500;      0.96186;3.55047;5
169.83339;41.62667;      0.96186;3.55049;5
169.86659;41.62833;      0.96173;3.55051;5
169.89979;41.63000;      0.96160;3.55053;5
169.93300;41.63167;      0.96147;3.55055;5
169.96621;41.63333;      0.96122;3.55057;5
169.99943;41.63500;      0.96097;3.55059;5
170.03264;41.63667;      0.96072;3.55061;5
170.06582;41.63833;      0.96060;3.55062;5
170.09902;41.64000;      0.96059;3.55064;5
170.13223;41.64167;      0.96046;3.55066;5
170.16544;41.64333;      0.96034;3.55068;5
170.19866;41.64500;      0.96021;3.55070;5
170.23189;41.64667;      0.96008;3.55072;5
170.26512;41.64833;      0.95996;3.55074;5
170.29834;41.65000;      0.95983;3.55076;5
170.33157;41.65167;      0.95970;3.55078;5
170.36480;41.65333;      0.95957;3.55080;5
170.39803;41.65500;      0.95957;3.55082;5
170.43125;41.65667;      0.95944;3.55084;5
170.46449;41.65833;      0.95944;3.55086;5
170.49772;41.66000;      0.95931;3.55087;5
170.53093;41.66167;      0.95918;3.55089;5
170.56415;41.66333;      0.95906;3.55091;5
170.59736;41.66500;      0.95893;3.55093;5
170.63057;41.66667;      0.95892;3.55095;5
170.66377;41.66833;      0.95892;3.55097;5
170.69697;41.67000;      0.95916;3.55099;5
170.73018;41.67167;      0.95940;3.55101;5
170.76339;41.67333;      0.95939;3.55103;5
170.79659;41.67500;      0.95951;3.55105;5
170.82982;41.67667;      0.95962;3.55107;5
170.86307;41.67833;      0.95962;3.55108;5
170.89628;41.68000;      0.95961;3.55110;5
170.92949;41.68167;      0.95961;3.55112;5
170.96267;41.68333;      0.95948;3.55114;5
170.99587;41.68500;      0.95960;3.55116;5
171.02907;41.68667;      0.95947;3.55118;5
171.06226;41.68833;      0.95934;3.55120;5
171.09544;41.69000;      0.95922;3.55122;5
171.12866;41.69167;      0.95884;3.55124;5
171.16187;41.69333;      0.95872;3.55126;5
171.19508;41.69500;      0.95859;3.55127;5
171.22829;41.69667;      0.95846;3.55129;5
171.26152;41.69833;      0.95834;3.55131;5
171.29475;41.70000;      0.95809;3.55133;5
171.32793;41.70167;      0.95759;3.55135;5
171.36111;41.70333;      0.95722;3.55137;5
171.39431;41.70500;      0.95673;3.55139;5
171.42754;41.70667;      0.95648;3.55141;5
171.46075;41.70833;      0.95611;3.55143;5
171.49395;41.71000;      0.95586;3.55144;5
171.52716;41.71167;      0.95573;3.55146;5
171.56034;41.71333;      0.95548;3.55148;5
171.59352;41.71500;      0.95523;3.55150;5
171.62672;41.71667;      0.95498;3.55152;5
171.65993;41.71833;      0.95474;3.55154;5
171.69315;41.72000;      0.95436;3.55156;5
171.72633;41.72167;      0.95411;3.55158;5
171.75952;41.72333;      0.95399;3.55159;5
171.79269;41.72500;      0.95423;3.55161;5
171.82588;41.72667;      0.95422;3.55163;5
171.85908;41.72833;      0.95495;3.55165;5
171.89228;41.73000;      0.95507;3.55167;5
171.92549;41.73167;      0.95518;3.55169;5
171.95870;41.73333;      0.95530;3.55171;5
171.99190;41.73500;      0.95529;3.55173;5
172.02508;41.73667;      0.95529;3.55174;5
172.05826;41.73833;      0.95528;3.55176;5
172.09143;41.74000;      0.95516;3.55178;5
172.12462;41.74167;      0.95503;3.55180;5
172.15780;41.74333;      0.95490;3.55182;5
172.19097;41.74500;      0.95478;3.55184;5
172.22415;41.74667;      0.95477;3.55186;5
172.25731;41.74833;      0.95477;3.55188;5
172.29049;41.75000;      0.95488;3.55189;5
172.32369;41.75167;      0.95537;3.55191;5
172.35687;41.75333;      0.95548;3.55193;5
172.39003;41.75500;      0.95560;3.55195;5
172.42320;41.75667;      0.95560;3.55197;5
172.45638;41.75833;      0.95547;3.55199;5
172.48954;41.76000;      0.95534;3.55200;5
172.52269;41.76167;      0.95521;3.55202;5
172.55585;41.76333;      0.95533;3.55204;5
172.58902;41.76500;      0.95520;3.55206;5
172.62220;41.76667;      0.95508;3.55208;5
172.65534;41.76833;      0.95544;3.55210;5
172.68852;41.77000;      0.95617;3.55212;5
172.72170;41.77167;      0.95580;3.55213;5
172.75487;41.77333;      0.95506;3.55215;5
172.78803;41.77500;      0.95469;3.55217;5
172.82118;41.77667;      0.95456;3.55219;5
172.85433;41.77833;      0.95455;3.55221;5
172.88747;41.78000;      0.95455;3.55223;5
172.92067;41.78167;      0.95454;3.55225;5
172.95384;41.78333;      0.95454;3.55226;5
172.98702;41.78500;      0.95466;3.55228;5
173.02021;41.78667;      0.95441;3.55230;5
173.05339;41.78833;      0.95428;3.55232;5
173.08657;41.79000;      0.95428;3.55234;5
173.11975;41.79167;      0.95427;3.55236;5
173.15295;41.79333;      0.95414;3.55237;5
173.18613;41.79500;      0.95377;3.55239;5
173.21931;41.79667;      0.95377;3.55241;5
173.25249;41.79833;      0.95388;3.55243;5
173.28567;41.80000;      0.95400;3.55245;5
173.31885;41.80167;      0.95412;3.55247;5
173.35208;41.80333;      0.95411;3.55248;5
173.38530;41.80500;      0.95399;3.55250;5
173.41849;41.80667;      0.95398;3.55252;5
173.45167;41.80833;      0.95410;3.55254;5
173.48484;41.81000;      0.95409;3.55256;5
173.51802;41.81167;      0.95421;3.55257;5
173.55118;41.81333;      0.95433;3.55259;5
173.58438;41.81500;      0.95445;3.55261;5
173.61759;41.81667;      0.95456;3.55263;5
173.65079;41.81833;      0.95480;3.55265;5
173.68400;41.82000;      0.95492;3.55267;5
173.71716;41.82167;      0.95504;3.55268;5
173.75034;41.82333;      0.95515;3.55270;5
173.78352;41.82500;      0.95454;3.55272;5
173.81672;41.82667;      0.95417;3.55274;5
173.84990;41.82833;      0.95367;3.55276;5
173.88310;41.83000;      0.95355;3.55277;5
173.91626;41.83167;      0.95354;3.55279;5
173.94943;41.83333;      0.95354;3.55281;5
173.98261;41.83500;      0.95365;3.55283;5
174.01575;41.83667;      0.95365;3.55285;5
174.04892;41.83833;      0.95340;3.55286;5
174.08211;41.84000;      0.95328;3.55288;5
174.11533;41.84167;      0.95303;3.55290;5
174.14851;41.84333;      0.95278;3.55292;5
174.18167;41.84500;      0.95277;3.55294;5
174.21487;41.84667;      0.95277;3.55296;5
174.24805;41.84833;      0.95288;3.55297;5
174.28125;41.85000;      0.95312;3.55299;5
174.31439;41.85167;      0.95324;3.55301;5
174.34754;41.85333;      0.95348;3.55303;5
174.38074;41.85500;      0.95360;3.55305;5
174.41392;41.85667;      0.95384;3.55306;5
174.44711;41.85833;      0.95420;3.55308;5
174.48033;41.86000;      0.95431;3.55310;5
174.51354;41.86167;      0.95431;3.55312;5
174.54674;41.86333;      0.95418;3.55313;5
174.57993;41.86500;      0.95418;3.55315;5
174.61315;41.86667;      0.95417;3.55317;5
174.64634;41.86833;      0.95417;3.55319;5
174.67954;41.87000;      0.95404;3.55321;5
174.71274;41.87167;      0.95379;3.55322;5
174.74593;41.87333;      0.95367;3.55324;5
174.77913;41.87500;      0.95354;3.55326;5
174.81234;41.87667;      0.95341;3.55328;5
174.84559;41.87833;      0.95329;3.55330;5
174.87882;41.88000;      0.95328;3.55331;5
174.91202;41.88167;      0.95303;3.55333;5
174.94520;41.88333;      0.95291;3.55335;5
174.97841;41.88500;      0.95290;3.55337;5
175.01162;41.88667;      0.95277;3.55338;5
175.04482;41.88833;      0.95289;3.55340;5
175.07802;41.89000;      0.95289;3.55342;5
175.11123;41.89167;      0.95276;3.55344;5
175.14446;41.89333;      0.95251;3.55346;5
175.17764;41.89500;      0.95251;3.55347;5
175.21084;41.89667;      0.95250;3.55349;5
175.24405;41.89833;      0.95274;3.55351;5
175.27725;41.90000;      0.95261;3.55353;5
175.31043;41.90167;      0.95273;3.55354;5
175.34361;41.90333;      0.95297;3.55356;5
175.37677;41.90500;      0.95309;3.55358;5
175.40993;41.90667;      0.95320;3.55360;5
175.44310;41.90833;      0.95332;3.55361;5
175.47626;41.91000;      0.95356;3.55363;5
175.50946;41.91167;      0.95392;3.55365;5
175.54266;41.91333;      0.95441;3.55367;5
175.57587;41.91500;      0.95452;3.55368;5
175.60903;41.91667;      0.95488;3.55370;5
175.64218;41.91833;      0.95512;3.55372;5
175.67536;41.92000;      0.95512;3.55374;5
175.70854;41.92167;      0.95536;3.55376;5
175.74175;41.92333;      0.95535;3.55377;5
175.77495;41.92500;      0.95535;3.55379;5
175.80815;41.92667;      0.95522;3.55381;5
175.84134;41.92833;      0.95498;3.55383;5
175.87456;41.93000;      0.95497;3.55384;5
175.90777;41.93167;      0.95484;3.55386;5
175.94100;41.93333;      0.95484;3.55388;5
175.97421;41.93500;      0.95483;3.55390;5
176.00741;41.93667;      0.95495;3.55391;5
176.04062;41.93833;      0.95482;3.55393;5
176.07385;41.94000;      0.95482;3.55395;5
176.10707;41.94167;      0.95494;3.55397;5
176.14030;41.94333;      0.95481;3.55398;5
176.17351;41.94500;      0.95468;3.55400;5
176.20675;41.94667;      0.95468;3.55402;5
176.23998;41.94833;      0.95455;3.55403;5
176.27320;41.95000;      0.95418;3.55405;5
176.30639;41.95167;      0.95344;3.55407;5
176.33964;41.95333;      0.95307;3.55409;5
176.37289;41.95500;      0.95282;3.55410;5
176.40608;41.95667;      0.95282;3.55412;5
176.43930;41.95833;      0.95282;3.55414;5
176.47251;41.96000;      0.95281;3.55416;5
176.50572;41.96167;      0.95281;3.55417;5
176.53893;41.96333;      0.95268;3.55419;5
176.57216;41.96500;      0.95268;3.55421;5
176.60536;41.96667;      0.95243;3.55423;5
176.63854;41.96833;      0.95242;3.55424;5
176.67174;41.97000;      0.95242;3.55426;5
176.70495;41.97167;      0.95241;3.55428;5
176.73815;41.97333;      0.95253;3.55429;5
176.77134;41.97500;      0.95252;3.55431;5
176.80456;41.97667;      0.95264;3.55433;5
176.83775;41.97833;      0.95288;3.55435;5
176.87095;41.98000;      0.95288;3.55436;5
176.90415;41.98167;      0.95300;3.55438;5
176.93733;41.98333;      0.95299;3.55440;5
176.97054;41.98500;      0.95299;3.55441;5
177.00374;41.98667;      0.95286;3.55443;5
177.03695;41.98833;      0.95285;3.55445;5
177.07016;41.99000;      0.95297;3.55447;5
177.10336;41.99167;      0.95297;3.55448;5
177.13654;41.99333;      0.95309;3.55450;5
177.16974;41.99500;      0.95296;3.55452;5
177.20297;41.99667;      0.95295;3.55453;5
177.23620;41.99833;      0.95307;3.55455;5
177.26941;42.00000;      0.95319;3.55457;5
177.30261;42.00167;      0.95331;3.55459;5
177.33582;42.00333;      0.95355;3.55460;5
177.36905;42.00500;      0.95366;3.55462;5
177.40226;42.00667;      0.95354;3.55464;5
177.43549;42.00833;      0.95353;3.55465;5
177.46872;42.01000;      0.95365;3.55467;5
177.50193;42.01167;      0.95377;3.55469;5
177.53513;42.01333;      0.95376;3.55470;5
177.56836;42.01500;      0.95400;3.55472;5
177.60159;42.01667;      0.95400;3.55474;5
177.63482;42.01833;      0.95411;3.55476;5
177.66803;42.02000;      0.95411;3.55477;5
177.70124;42.02167;      0.95435;3.55479;5
177.73444;42.02333;      0.95410;3.55481;5
177.76762;42.02500;      0.95397;3.55482;5
177.80084;42.02667;      0.95385;3.55484;5
177.83405;42.02833;      0.95372;3.55486;5
177.86723;42.03000;      0.95359;3.55487;5
177.90041;42.03167;      0.95347;3.55489;5
177.93361;42.03333;      0.95334;3.55491;5
177.96680;42.03500;      0.95321;3.55492;5
178.00000;42.03667;      0.95309;3.55494;5
178.03321;42.03833;      0.95333;3.55496;5
178.06644;42.04000;      0.95308;3.55497;5
178.09965;42.04167;      0.95295;3.55499;5
178.13285;42.04333;      0.95258;3.55501;5
178.16602;42.04500;      0.95246;3.55502;5
178.19921;42.04667;      0.95245;3.55504;5
178.23239;42.04833;      0.95233;3.55506;5
178.26559;42.05000;      0.95232;3.55507;5
178.29880;42.05167;      0.95244;3.55509;5
178.33202;42.05333;      0.95231;3.55511;5
178.36523;42.05500;      0.95219;3.55512;5
178.39843;42.05667;      0.95230;3.55514;5
178.43164;42.05833;      0.95254;3.55516;5
178.46484;42.06000;      0.95278;3.55517;5
178.49803;42.06167;      0.95278;3.55519;5
178.53123;42.06333;      0.95277;3.55521;5
178.56443;42.06500;      0.95265;3.55522;5
178.59762;42.06667;      0.95289;3.55524;5
178.63082;42.06833;      0.95288;3.55526;5
178.66402;42.07000;      0.95336;3.55527;5
178.69721;42.07167;      0.95372;3.55529;5
178.73043;42.07333;      0.95384;3.55531;5
178.76362;42.07500;      0.95396;3.55532;5
178.79684;42.07667;      0.95383;3.55534;5
178.83003;42.07833;      0.95383;3.55536;5
178.86323;42.08000;      0.95370;3.55537;5
178.89643;42.08167;      0.95345;3.55539;5
178.92962;42.08333;      0.95308;3.55541;5
178.96284;42.08500;      0.95284;3.55542;5
178.99602;42.08667;      0.95295;3.55544;5
179.02921;42.08833;      0.95283;3.55546;5
179.06241;42.09000;      0.95282;3.55547;5
179.09561;42.09167;      0.95282;3.55549;5
179.12882;42.09333;      0.95281;3.55551;5
179.16205;42.09500;      0.95281;3.55552;5
179.19524;42.09667;      0.95268;3.55554;5
179.22843;42.09833;      0.95280;3.55555;5
179.26161;42.10000;      0.95280;3.55557;5
179.29480;42.10167;      0.95279;3.55559;5
179.32800;42.10333;      0.95267;3.55560;5
179.36116;42.10500;      0.95278;3.55562;5
179.39434;42.10667;      0.95302;3.55564;5
179.42756;42.10833;      0.95326;3.55565;5
179.46074;42.11000;      0.95375;3.55567;5
179.49392;42.11167;      0.95399;3.55568;5
179.52713;42.11333;      0.95398;3.55570;5
179.56034;42.11500;      0.95398;3.55572;5
179.59354;42.11667;      0.95397;3.55573;5
179.62670;42.11833;      0.95385;3.55575;5
179.65990;42.12000;      0.95384;3.55577;5
179.69311;42.12167;      0.95396;3.55578;5
179.72631;42.12333;      0.95408;3.55580;5
179.75951;42.12500;      0.95419;3.55581;5
179.79272;42.12667;      0.95407;3.55583;5
179.82593;42.12833;      0.95370;3.55585;5
179.85913;42.13000;      0.95345;3.55586;5
179.89234;42.13167;      0.95320;3.55588;5
179.92556;42.13333;      0.95332;3.55590;5
179.95874;42.13500;      0.95331;3.55591;5
179.99193;42.13667;      0.95319;3.55593;5
180.02513;42.13833;      0.95318;3.55594;5
180.05833;42.14000;      0.95318;3.55596;5
180.09151;42.14167;      0.95330;3.55598;5
180.12469;42.14333;      0.95341;3.55599;5
180.15788;42.14500;      0.95329;3.55601;5
180.19111;42.14667;      0.95328;3.55602;5
180.22433;42.14833;      0.95328;3.55604;5
180.25754;42.15000;      0.95315;3.55606;5
180.29075;42.15167;      0.95303;3.55607;5
180.32397;42.15333;      0.95327;3.55609;5
180.35721;42.15500;      0.95338;3.55610;5
180.39043;42.15667;      0.95362;3.55612;5
180.42362;42.15833;      0.95362;3.55614;5
180.45682;42.16000;      0.95398;3.55615;5
180.49005;42.16167;      0.95398;3.55617;5
180.52326;42.16333;      0.95446;3.55618;5
180.55646;42.16500;      0.95470;3.55620;5
180.58965;42.16667;      0.95494;3.55622;5
180.62285;42.16833;      0.95518;3.55623;5
180.65606;42.17000;      0.95505;3.55625;5
180.68929;42.17167;      0.95505;3.55626;5
180.72251;42.17333;      0.95504;3.55628;5
180.75570;42.17500;      0.95516;3.55630;5
180.78892;42.17667;      0.95528;3.55631;5
180.82211;42.17833;      0.95552;3.55633;5
180.85531;42.18000;      0.95564;3.55634;5
180.88851;42.18167;      0.95588;3.55636;5
180.92169;42.18333;      0.95599;3.55637;5
180.95487;42.18500;      0.95611;3.55639;5
180.98808;42.18667;      0.95623;3.55641;5
181.02131;42.18833;      0.95659;3.55642;5
181.05452;42.19000;      0.95671;3.55644;5
181.08770;42.19167;      0.95683;3.55645;5
181.12090;42.19333;      0.95682;3.55647;5
181.15410;42.19500;      0.95682;3.55648;5
181.18729;42.19667;      0.95681;3.55650;5
181.22052;42.19833;      0.95681;3.55652;5
181.25374;42.20000;      0.95693;3.55653;5
181.28692;42.20167;      0.95692;3.55655;5
181.32011;42.20333;      0.95716;3.55656;5
181.35334;42.20500;      0.95728;3.55658;5
181.38659;42.20667;      0.95715;3.55659;5
181.41982;42.20833;      0.95691;3.55661;5
181.45303;42.21000;      0.95666;3.55663;5
181.48625;42.21167;      0.95641;3.55664;5
181.51947;42.21333;      0.95616;3.55666;5
181.55270;42.21500;      0.95604;3.55667;5
181.58593;42.21667;      0.95615;3.55669;5
181.61915;42.21833;      0.95627;3.55670;5
181.65236;42.22000;      0.95639;3.55672;5
181.68557;42.22167;      0.95638;3.55673;5
181.71879;42.22333;      0.95650;3.55675;5
181.75202;42.22500;      0.95674;3.55676;5
181.78525;42.22667;      0.95662;3.55678;5
181.81846;42.22833;      0.95661;3.55680;5
181.85167;42.23000;      0.95661;3.55681;5
181.88490;42.23167;      0.95624;3.55683;5
181.91811;42.23333;      0.95599;3.55684;5
181.95133;42.23500;      0.95611;3.55686;5
181.98456;42.23667;      0.95610;3.55687;5
182.01777;42.23833;      0.95622;3.55689;5
182.05100;42.24000;      0.95646;3.55690;5
182.08421;42.24167;      0.95658;3.55692;5
182.11744;42.24333;      0.95670;3.55693;5
182.15067;42.24500;      0.95694;3.55695;5
182.18390;42.24667;      0.95705;3.55697;5
182.21711;42.24833;      0.95729;3.55698;5
182.25031;42.25000;      0.95753;3.55700;5
182.28351;42.25167;      0.95777;3.55701;5
182.31669;42.25333;      0.95789;3.55703;5
182.34989;42.25500;      0.95764;3.55704;5
182.38307;42.25667;      0.95752;3.55706;5
182.41626;42.25833;      0.95751;3.55707;5
182.44948;42.26000;      0.95739;3.55709;5
182.48270;42.26167;      0.95726;3.55710;5
182.51592;42.26333;      0.95726;3.55712;5
182.54913;42.26500;      0.95737;3.55713;5
182.58233;42.26667;      0.95725;3.55715;5
182.61554;42.26833;      0.95676;3.55716;5
182.64875;42.27000;      0.95675;3.55718;5
182.68195;42.27167;      0.95638;3.55719;5
182.71516;42.27333;      0.95638;3.55721;5
182.74839;42.27500;      0.95613;3.55722;5
182.78162;42.27667;      0.95625;3.55724;5
182.81484;42.27833;      0.95637;3.55725;5
182.84807;42.28000;      0.95673;3.55727;5
182.88126;42.28167;      0.95733;3.55728;5
182.91448;42.28333;      0.95770;3.55730;5
182.94771;42.28500;      0.95793;3.55731;5
182.98094;42.28667;      0.95805;3.55733;5
183.01415;42.28833;      0.95817;3.55734;5
183.04734;42.29000;      0.95817;3.55736;5
183.08053;42.29167;      0.95816;3.55738;5
183.11374;42.29333;      0.95828;3.55739;5
183.14693;42.29500;      0.95840;3.55740;5
183.18015;42.29667;      0.95839;3.55742;5
183.21334;42.29833;      0.95827;3.55743;5
183.24654;42.30000;      0.95814;3.55745;5
183.27974;42.30167;      0.95802;3.55746;5
183.31297;42.30333;      0.95777;3.55748;5
183.34618;42.30500;      0.95740;3.55749;5
183.37938;42.30667;      0.95691;3.55751;5
183.41259;42.30833;      0.95690;3.55752;5
183.44579;42.31000;      0.95690;3.55754;5
183.47898;42.31167;      0.95665;3.55755;5
183.51220;42.31333;      0.95653;3.55757;5
183.54541;42.31500;      0.95664;3.55758;5
183.57861;42.31667;      0.95676;3.55760;5
183.61180;42.31833;      0.95688;3.55761;5
183.64502;42.32000;      0.95700;3.55763;5
183.67825;42.32167;      0.95711;3.55764;5
183.71146;42.32333;      0.95699;3.55766;5
183.74467;42.32500;      0.95699;3.55767;5
183.77787;42.32667;      0.95698;3.55769;5
183.81108;42.32833;      0.95710;3.55770;5
183.84430;42.33000;      0.95697;3.55772;5
183.87751;42.33167;      0.95709;3.55773;5
183.91072;42.33333;      0.95721;3.55775;5
183.94393;42.33500;      0.95721;3.55776;5
183.97713;42.33667;      0.95720;3.55778;5
184.01034;42.33833;      0.95732;3.55779;5
184.04356;42.34000;      0.95732;3.55780;5
184.07675;42.34167;      0.95743;3.55782;5
184.10995;42.34333;      0.95731;3.55783;5
184.14316;42.34500;      0.95730;3.55785;5
184.17639;42.34667;      0.95742;3.55786;5
184.20959;42.34833;      0.95742;3.55788;5
184.24279;42.35000;      0.95729;3.55789;5
184.27602;42.35167;      0.95729;3.55791;5
184.30926;42.35333;      0.95716;3.55792;5
184.34249;42.35500;      0.95691;3.55794;5
184.37571;42.35667;      0.95679;3.55795;5
184.40890;42.35833;      0.95630;3.55797;5
184.44211;42.36000;      0.95605;3.55798;5
184.47531;42.36167;      0.95617;3.55799;5
184.50851;42.36333;      0.95641;3.55801;5
184.54171;42.36500;      0.95677;3.55802;5
184.57492;42.36667;      0.95713;3.55804;5
184.60815;42.36833;      0.95725;3.55805;5
184.64136;42.37000;      0.95725;3.55807;5
184.67457;42.37167;      0.95736;3.55808;5
184.70780;42.37333;      0.95736;3.55809;5
184.74100;42.37500;      0.95723;3.55811;5
184.77421;42.37667;      0.95699;3.55812;5
184.80741;42.37833;      0.95735;3.55814;5
184.84062;42.38000;      0.95759;3.55815;5
184.87384;42.38167;      0.95758;3.55817;5
184.90708;42.38333;      0.95722;3.55818;5
184.94031;42.38500;      0.95709;3.55820;5
184.97354;42.38667;      0.95708;3.55821;5
185.00677;42.38833;      0.95696;3.55822;5
185.04000;42.39000;      0.95708;3.55824;5
185.07323;42.39167;      0.95720;3.55825;5
185.10648;42.39333;      0.95719;3.55827;5
185.13972;42.39500;      0.95743;3.55828;5
185.17297;42.39667;      0.95755;3.55830;5
185.20621;42.39833;      0.95779;3.55831;5
185.23946;42.40000;      0.95791;3.55832;5
185.27269;42.40167;      0.95815;3.55834;5
185.30593;42.40333;      0.95802;3.55835;5
185.33916;42.40500;      0.95802;3.55837;5
185.37238;42.40667;      0.95801;3.55838;5
185.40559;42.40833;      0.95813;3.55839;5
185.43880;42.41000;      0.95801;3.55841;5
185.47203;42.41167;      0.95825;3.55842;5
185.50526;42.41333;      0.95824;3.55844;5
185.53849;42.41500;      0.95775;3.55845;5
185.57169;42.41667;      0.95763;3.55846;5
185.60490;42.41833;      0.95762;3.55848;5
185.63811;42.42000;      0.95774;3.55849;5
185.67131;42.42167;      0.95786;3.55851;5
185.70451;42.42333;      0.95785;3.55852;5
185.73772;42.42500;      0.95797;3.55853;5
185.77095;42.42667;      0.95809;3.55855;5
185.80418;42.42833;      0.95821;3.55856;5
185.83741;42.43000;      0.95869;3.55858;5
185.87064;42.43167;      0.95869;3.55859;5
185.90385;42.43333;      0.95869;3.55860;5
185.93707;42.43500;      0.95832;3.55862;5
185.97031;42.43667;      0.95819;3.55863;5
186.00356;42.43833;      0.95819;3.55865;5
186.03679;42.44000;      0.95818;3.55866;5
186.07002;42.44167;      0.95842;3.55867;5
186.10323;42.44333;      0.95842;3.55869;5
186.13644;42.44500;      0.95842;3.55870;5
186.16964;42.44667;      0.95829;3.55872;5
186.20284;42.44833;      0.95816;3.55873;5
186.23607;42.45000;      0.95779;3.55874;5
186.26928;42.45167;      0.95767;3.55876;5
186.30248;42.45333;      0.95742;3.55877;5
186.33567;42.45500;      0.95705;3.55878;5
186.36889;42.45667;      0.95693;3.55880;5
186.40211;42.45833;      0.95717;3.55881;5
186.43536;42.46000;      0.95741;3.55883;5
186.46857;42.46167;      0.95752;3.55884;5
186.50182;42.46333;      0.95789;3.55885;5
186.53507;42.46500;      0.95825;3.55887;5
186.56830;42.46667;      0.95837;3.55888;5
186.60151;42.46833;      0.95836;3.55889;5
186.63471;42.47000;      0.95836;3.55891;5
186.66792;42.47167;      0.95811;3.55892;5
186.70115;42.47333;      0.95811;3.55894;5
186.73438;42.47500;      0.95871;3.55895;5
186.76761;42.47667;      0.95883;3.55896;5
186.80080;42.47833;      0.95895;3.55898;5
186.83402;42.48000;      0.95895;3.55899;5
186.86721;42.48167;      0.95882;3.55900;5
186.90041;42.48333;      0.95869;3.55902;5
186.93362;42.48500;      0.95881;3.55903;5
186.96684;42.48667;      0.95881;3.55904;5
187.00003;42.48833;      0.95881;3.55906;5
187.03323;42.49000;      0.95868;3.55907;5
187.06643;42.49167;      0.95843;3.55908;5
187.09964;42.49333;      0.95806;3.55910;5
187.13287;42.49500;      0.95794;3.55911;5
187.16608;42.49667;      0.95793;3.55912;5
187.19930;42.49833;      0.95781;3.55914;5
187.23249;42.50000;      0.95768;3.55915;5
187.26569;42.50167;      0.95780;3.55916;5
187.29889;42.50333;      0.95768;3.55918;5
187.33208;42.50500;      0.95767;3.55919;5
187.36528;42.50667;      0.95840;3.55920;5
187.39848;42.50833;      0.95876;3.55922;5
187.43171;42.51000;      0.95888;3.55923;5
187.46493;42.51167;      0.95888;3.55924;5
187.49815;42.51333;      0.95875;3.55926;5
187.53136;42.51500;      0.95887;3.55927;5
187.56457;42.51667;      0.95887;3.55928;5
187.59780;42.51833;      0.95923;3.55930;5
187.63102;42.52000;      0.95959;3.55931;5
187.66425;42.52167;      0.95971;3.55932;5
187.69748;42.52333;      0.95970;3.55934;5
187.73071;42.52500;      0.95946;3.55935;5
187.76392;42.52667;      0.95921;3.55936;5
187.79711;42.52833;      0.95908;3.55938;5
187.83031;42.53000;      0.95884;3.55939;5
187.86351;42.53167;      0.95883;3.55940;5
187.89671;42.53333;      0.95871;3.55942;5
187.92990;42.53500;      0.95858;3.55943;5
187.96312;42.53667;      0.95834;3.55944;5
187.99631;42.53833;      0.95821;3.55946;5
188.02951;42.54000;      0.95809;3.55947;5
188.06271;42.54167;      0.95796;3.55948;5
188.09590;42.54333;      0.95796;3.55949;5
188.12913;42.54500;      0.95808;3.55951;5
188.16236;42.54667;      0.95807;3.55952;5
188.19559;42.54833;      0.95807;3.55953;5
188.22880;42.55000;      0.95807;3.55955;5
188.26200;42.55167;      0.95818;3.55956;5
188.29521;42.55333;      0.95806;3.55957;5
188.32844;42.55500;      0.95818;3.55959;5
188.36166;42.55667;      0.95817;3.55960;5
188.39487;42.55833;      0.95829;3.55961;5
188.42808;42.56000;      0.95853;3.55963;5
188.46130;42.56167;      0.95853;3.55964;5
188.49451;42.56333;      0.95865;3.55965;5
188.52769;42.56500;      0.95864;3.55966;5
188.56087;42.56667;      0.95852;3.55968;5
188.59408;42.56833;      0.95864;3.55969;5
188.62731;42.57000;      0.95875;3.55970;5
188.66056;42.57167;      0.95863;3.55971;5
188.69377;42.57333;      0.95850;3.55973;5
188.72697;42.57500;      0.95850;3.55974;5
188.76015;42.57667;      0.95850;3.55975;5
188.79336;42.57833;      0.95861;3.55977;5
188.82657;42.58000;      0.95873;3.55978;5
188.85980;42.58167;      0.95885;3.55979;5
188.89305;42.58333;      0.95897;3.55980;5
188.92628;42.58500;      0.95921;3.55982;5
188.95949;42.58667;      0.95945;3.55983;5
188.99271;42.58833;      0.95957;3.55984;5
189.02593;42.59000;      0.95920;3.55986;5
189.05916;42.59167;      0.95871;3.55987;5
189.09239;42.59333;      0.95834;3.55988;5
189.12562;42.59500;      0.95797;3.55989;5
189.15884;42.59667;      0.95760;3.55991;5
189.19205;42.59833;      0.95736;3.55992;5
189.22526;42.60000;      0.95723;3.55993;5
189.25848;42.60167;      0.95723;3.55994;5
189.29171;42.60333;      0.95710;3.55996;5
189.32495;42.60500;      0.95722;3.55997;5
189.35820;42.60667;      0.95722;3.55998;5
189.39143;42.60833;      0.95734;3.55999;5
189.42467;42.61000;      0.95758;3.56001;5
189.45790;42.61167;      0.95745;3.56002;5
189.49113;42.61333;      0.95733;3.56003;5
189.52436;42.61500;      0.95744;3.56004;5
189.55757;42.61667;      0.95756;3.56006;5
189.59077;42.61833;      0.95744;3.56007;5
189.62400;42.62000;      0.95743;3.56008;5
189.65723;42.62167;      0.95731;3.56009;5
189.69046;42.62333;      0.95731;3.56011;5
189.72367;42.62500;      0.95718;3.56012;5
189.75689;42.62667;      0.95718;3.56013;5
189.79012;42.62833;      0.95730;3.56014;5
189.82335;42.63000;      0.95754;3.56016;5
189.85657;42.63167;      0.95765;3.56017;5
189.88980;42.63333;      0.95777;3.56018;5
189.92303;42.63500;      0.95789;3.56019;5
189.95626;42.63667;      0.95789;3.56020;5
189.98949;42.63833;      0.95801;3.56022;5
190.02271;42.64000;      0.95825;3.56023;5
190.05592;42.64167;      0.95837;3.56024;5
190.08915;42.64333;      0.95848;3.56025;5
190.12238;42.64500;      0.95860;3.56027;5
190.15561;42.64667;      0.95872;3.56028;5
190.18885;42.64833;      0.95872;3.56029;5
190.22208;42.65000;      0.95884;3.56030;5
190.25531;42.65167;      0.95895;3.56031;5
190.28856;42.65333;      0.95895;3.56033;5
190.32180;42.65500;      0.95907;3.56034;5
190.35503;42.65667;      0.95882;3.56035;5
190.38828;42.65833;      0.95870;3.56036;5
190.42153;42.66000;      0.95857;3.56038;5
190.45475;42.66167;      0.95881;3.56039;5
190.48797;42.66333;      0.95893;3.56040;5
190.52121;42.66500;      0.95905;3.56041;5
190.55448;42.66667;      0.95893;3.56042;5
190.58772;42.66833;      0.95880;3.56044;5
190.62095;42.67000;      0.95892;3.56045;5
190.65418;42.67167;      0.95928;3.56046;5
190.68739;42.67333;      0.95952;3.56047;5
190.72062;42.67500;      0.95927;3.56048;5
190.75389;42.67667;      0.95878;3.56050;5
190.78716;42.67833;      0.95854;3.56051;5
190.82039;42.68000;      0.95817;3.56052;5
190.85362;42.68167;      0.95792;3.56053;5
190.88685;42.68333;      0.95768;3.56054;5
190.92010;42.68500;      0.95731;3.56056;5
190.95334;42.68667;      0.95718;3.56057;5
190.98657;42.68833;      0.95742;3.56058;5
191.01982;42.69000;      0.95742;3.56059;5
191.05305;42.69167;      0.95766;3.56060;5
191.08630;42.69333;      0.95790;3.56061;5
191.11954;42.69500;      0.95851;3.56063;5
191.15277;42.69667;      0.95863;3.56064;5
191.18600;42.69833;      0.95874;3.56065;5
191.21923;42.70000;      0.95898;3.56066;5
191.25246;42.70167;      0.95922;3.56067;5
191.28571;42.70333;      0.95934;3.56069;5
191.31893;42.70500;      0.95958;3.56070;5
191.35215;42.70667;      0.95970;3.56071;5
191.38536;42.70833;      0.95994;3.56072;5
191.41859;42.71000;      0.96006;3.56073;5
191.45182;42.71167;      0.95993;3.56074;5
191.48503;42.71333;      0.95993;3.56075;5
191.51825;42.71500;      0.95956;3.56077;5
191.55148;42.71667;      0.95920;3.56078;5
191.58472;42.71833;      0.95919;3.56079;5
191.61798;42.72000;      0.95931;3.56080;5
191.65123;42.72167;      0.95919;3.56081;5
191.68446;42.72333;      0.95906;3.56082;5
191.71769;42.72500;      0.95918;3.56084;5
191.75093;42.72667;      0.95942;3.56085;5
191.78416;42.72833;      0.95966;3.56086;5
191.81739;42.73000;      0.95990;3.56087;5
191.85062;42.73167;      0.96002;3.56088;5
191.88385;42.73333;      0.95989;3.56089;5
191.91708;42.73500;      0.95989;3.56090;5
191.95031;42.73667;      0.95989;3.56092;5
191.98356;42.73833;      0.96001;3.56093;5
192.01679;42.74000;      0.96000;3.56094;5
192.05003;42.74167;      0.95988;3.56095;5
192.08330;42.74333;      0.95988;3.56096;5
192.11654;42.74500;      0.96000;3.56097;5
192.14979;42.74667;      0.95987;3.56099;5
192.18302;42.74833;      0.95975;3.56100;5
192.21625;42.75000;      0.95962;3.56101;5
192.24948;42.75167;      0.95962;3.56102;5
192.28271;42.75333;      0.95949;3.56103;5
192.31593;42.75500;      0.95949;3.56104;5
192.34915;42.75667;      0.95900;3.56105;5
192.38238;42.75833;      0.95875;3.56106;5
192.41559;42.76000;      0.95851;3.56107;5
192.44880;42.76167;      0.95838;3.56109;5
192.48202;42.76333;      0.95826;3.56110;5
192.51525;42.76500;      0.95813;3.56111;5
192.54846;42.76667;      0.95801;3.56112;5
192.58167;42.76833;      0.95801;3.56113;5
192.61490;42.77000;      0.95812;3.56114;5
192.64815;42.77167;      0.95836;3.56115;5
192.68138;42.77333;      0.95860;3.56116;5
192.71462;42.77500;      0.95885;3.56118;5
192.74787;42.77667;      0.95884;3.56119;5
192.78108;42.77833;      0.95896;3.56120;5
192.81430;42.78000;      0.95896;3.56121;5
192.84752;42.78167;      0.95908;3.56122;5
192.88075;42.78333;      0.95907;3.56123;5
192.91398;42.78500;      0.95919;3.56124;5
192.94718;42.78667;      0.95907;3.56125;5
192.98038;42.78833;      0.95907;3.56126;5
193.01359;42.79000;      0.95906;3.56127;5
193.04679;42.79167;      0.95918;3.56129;5
193.08000;42.79333;      0.95930;3.56130;5
193.11321;42.79500;      0.95918;3.56131;5
193.14641;42.79667;      0.95929;3.56132;5
193.17961;42.79833;      0.95917;3.56133;5
193.21280;42.80000;      0.95917;3.56134;5
193.24602;42.80167;      0.95904;3.56135;5
193.27923;42.80333;      0.95904;3.56136;5
193.31243;42.80500;      0.95891;3.56137;5
193.34562;42.80667;      0.95891;3.56138;5
193.37882;42.80833;      0.95903;3.56139;5
193.41203;42.81000;      0.95878;3.56141;5
193.44523;42.81167;      0.95878;3.56142;5
193.47844;42.81333;      0.95853;3.56143;5
193.51167;42.81500;      0.95841;3.56144;5
193.54489;42.81667;      0.95780;3.56145;5
193.57808;42.81833;      0.95743;3.56146;5
193.61128;42.82000;      0.95731;3.56147;5
193.64448;42.82167;      0.95742;3.56148;5
193.67767;42.82333;      0.95730;3.56149;5
193.71090;42.82500;      0.95730;3.56150;5
193.74411;42.82667;      0.95729;3.56151;5
193.77733;42.82833;      0.95729;3.56152;5
193.81056;42.83000;      0.95729;3.56153;5
193.84379;42.83167;      0.95753;3.56154;5
193.87700;42.83333;      0.95777;3.56155;5
193.91023;42.83500;      0.95801;3.56157;5
193.94343;42.83667;      0.95813;3.56158;5
193.97662;42.83833;      0.95861;3.56159;5
194.00980;42.84000;      0.95873;3.56160;5
194.04298;42.84167;      0.95897;3.56161;5
194.07618;42.84333;      0.95921;3.56162;5
194.10938;42.84500;      0.95945;3.56163;5
194.14257;42.84667;      0.95945;3.56164;5
194.17577;42.84833;      0.95945;3.56165;5
194.20897;42.85000;      0.95957;3.56166;5
194.24215;42.85167;      0.95956;3.56167;5
194.27534;42.85333;      0.95968;3.56168;5
194.30854;42.85500;      0.95980;3.56169;5
194.34174;42.85667;      0.95992;3.56170;5
194.37497;42.85833;      0.95992;3.56171;5
194.40816;42.86000;      0.96004;3.56172;5
194.44136;42.86167;      0.95967;3.56173;5
194.47457;42.86333;      0.95942;3.56174;5
194.50779;42.86500;      0.95930;3.56175;5
194.54100;42.86667;      0.95917;3.56176;5
194.57421;42.86833;      0.95905;3.56177;5
194.60741;42.87000;      0.95880;3.56178;5
194.64059;42.87167;      0.95868;3.56179;5
194.67377;42.87333;      0.95843;3.56180;5
194.70695;42.87500;      0.95831;3.56181;5
194.74015;42.87667;      0.95818;3.56182;5
194.77334;42.87833;      0.95806;3.56183;5
194.80654;42.88000;      0.95794;3.56184;5
194.83974;42.88167;      0.95781;3.56185;5
194.87293;42.88333;      0.95781;3.56187;5
194.90613;42.88500;      0.95817;3.56188;5
194.93931;42.88667;      0.95841;3.56189;5
194.97251;42.88833;      0.95841;3.56190;5
195.00572;42.89000;      0.95840;3.56191;5
195.03893;42.89167;      0.95816;3.56192;5
195.07216;42.89333;      0.95816;3.56193;5
195.10539;42.89500;      0.95828;3.56194;5
195.13861;42.89667;      0.95827;3.56195;5
195.17184;42.89833;      0.95827;3.56196;5
195.20507;42.90000;      0.95851;3.56197;5
195.23829;42.90167;      0.95778;3.56198;5
195.27152;42.90333;      0.95741;3.56199;5
195.30475;42.90500;      0.95716;3.56200;5
195.33798;42.90667;      0.95716;3.56201;5
195.37121;42.90833;      0.95704;3.56202;5
195.40446;42.91000;      0.95679;3.56202;5
195.43767;42.91167;      0.95654;3.56204;5
195.47092;42.91333;      0.95654;3.56205;5
195.50413;42.91500;      0.95642;3.56205;5
195.53736;42.91667;      0.95666;3.56206;5
195.57059;42.91833;      0.95690;3.56207;5
195.60382;42.92000;      0.95714;3.56208;5
195.63705;42.92167;      0.95738;3.56209;5
195.67028;42.92333;      0.95762;3.56210;5
195.70351;42.92500;      0.95774;3.56211;5
195.73672;42.92667;      0.95762;3.56212;5
195.76993;42.92833;      0.95774;3.56213;5
195.80316;42.93000;      0.95749;3.56214;5
195.83639;42.93167;      0.95712;3.56215;5
195.86961;42.93333;      0.95700;3.56216;5
195.90284;42.93500;      0.95687;3.56217;5
195.93605;42.93667;      0.95687;3.56218;5
195.96929;42.93833;      0.95687;3.56219;5
196.00254;42.94000;      0.95687;3.56220;5
196.03579;42.94167;      0.95698;3.56221;5
196.06903;42.94333;      0.95698;3.56222;5
196.10225;42.94500;      0.95698;3.56223;5
196.13547;42.94667;      0.95686;3.56224;5
196.16871;42.94833;      0.95685;3.56225;5
196.20196;42.95000;      0.95685;3.56226;5
196.23518;42.95167;      0.95721;3.56227;5
196.26843;42.95333;      0.95721;3.56228;5
196.30166;42.95500;      0.95733;3.56229;5
196.33487;42.95667;      0.95769;3.56230;5
196.36814;42.95833;      0.95793;3.56231;5
196.40139;42.96000;      0.95817;3.56231;5
196.43461;42.96167;      0.95829;3.56232;5
196.46786;42.96333;      0.95841;3.56233;5
196.50114;42.96500;      0.95865;3.56234;5
196.53445;42.96667;      0.95877;3.56235;5
196.56774;42.96833;      0.95913;3.56236;5
196.60097;42.97000;      0.95938;3.56237;5
196.63418;42.97167;      0.95949;3.56238;5
196.66744;42.97333;      0.95974;3.56239;5
196.70065;42.97500;      0.95937;3.56240;5
196.73390;42.97667;      0.95900;3.56241;5
196.76716;42.97833;      0.95888;3.56242;5
196.80047;42.98000;      0.95900;3.56243;5
196.83367;42.98167;      0.95911;3.56244;5
196.86692;42.98333;      0.95911;3.56245;5
196.90018;42.98500;      0.95887;3.56245;5
196.93344;42.98667;      0.95862;3.56246;5
196.96657;42.98833;      0.95825;3.56247;5
196.99980;42.99000;      0.95789;3.56248;5
197.03300;42.99167;      0.95764;3.56249;5
197.06599;42.99333;      0.95739;3.56250;5
197.09900;42.99500;      0.95727;3.56251;6
197.13200;42.99667;      0.95818;3.56252;6
197.16500;42.99833;      0.95889;3.56253;6
197.19843;43.00000;      0.95942;3.56254;6
197.23167;43.00167;      0.95974;3.56255;6
197.26491;43.00333;      0.95990;3.56255;6
197.29823;43.00500;      0.95985;3.56256;6
197.33147;43.00667;      0.95970;3.56257;6
197.36470;43.00833;      0.95948;3.56258;6
197.39779;43.01000;      0.95905;3.56259;6
197.43105;43.01167;      0.95853;3.56260;6
197.46417;43.01333;      0.95805;3.56261;6
197.49712;43.01500;      0.95777;3.56262;6
197.53012;43.01667;      0.95756;3.56263;6
197.56312;43.01833;      0.95730;3.56263;6
197.59604;43.02000;      0.95698;3.56264;6
197.62888;43.02167;      0.95662;3.56265;6
197.66164;43.02333;      0.95622;3.56266;6
197.69420;43.02500;      0.95578;3.56267;6
197.72660;43.02667;      0.95529;3.56268;6
197.75888;43.02833;      0.95476;3.56269;6
197.79096;43.03000;      0.95420;3.56270;6
197.82284;43.03167;      0.95359;3.56270;6
197.85448;43.03333;      0.95292;3.56271;6
197.88584;43.03500;      0.95217;3.56272;6
197.91692;43.03667;      0.95133;3.56273;6
197.94768;43.03833;      0.95039;3.56274;6
197.97812;43.04000;      0.94933;3.56274;6
198.00816;43.04167;      0.94812;3.56275;6
198.03776;43.04333;      0.94676;3.56276;6
198.06700;43.04500;      0.94525;3.56277;6
198.09584;43.04667;      0.94361;3.56277;6
198.12412;43.04833;      0.94186;3.56278;6
198.15184;43.05000;      0.93996;3.56279;6
198.17896;43.05167;      0.93792;3.56280;6
198.20544;43.05333;      0.93574;3.56280;6
198.23128;43.05500;      0.93270;3.56281;6
198.25648;43.05667;      0.92944;3.56282;6
198.28092;43.05833;      0.92592;3.56282;6
198.30456;43.06000;      0.92327;3.56283;6
198.32736;43.06167;      0.92096;3.56283;6
198.34932;43.06333;      0.91864;3.56284;6
198.37040;43.06500;      0.91562;3.56285;6
198.39056;43.06667;      0.91202;3.56285;6
198.40972;43.06833;      0.90825;3.56286;6
198.42784;43.07000;      0.90469;3.56286;6
198.44488;43.07167;      0.90100;3.56286;6
198.46080;43.07333;      0.89707;3.56287;6
198.47556;43.07500;      0.89267;3.56287;6
198.48908;43.07667;      0.88862;3.56288;6
198.50144;43.07833;      0.88484;3.56288;6
198.51260;43.08000;      0.88151;3.56288;6
198.52252;43.08167;      0.87772;3.56288;6
198.53120;43.08333;      0.87353;3.56289;6
198.53860;43.08500;      0.86888;3.56289;6
198.54468;43.08667;      0.86395;3.56289;6
198.54940;43.08833;      0.85799;3.56289;6
198.55280;43.09000;      0.85158;3.56289;6
198.55488;43.09167;      0.84470;3.56289;6
198.55568;43.09333;      0.83814;3.56289;6
198.55524;43.09500;      0.83130;3.56289;6
198.55348;43.09667;      0.82411;3.56289;6
198.55040;43.09833;      0.81653;3.56289;6
198.54604;43.10000;      0.80851;3.56289;6
198.54032;43.10167;      0.80004;3.56289;6
198.53332;43.10333;      0.79114;3.56289;6
198.52504;43.10500;      0.78180;3.56288;6
198.51552;43.10667;      0.77205;3.56288;6
198.50480;43.10833;      0.76191;3.56288;6
198.49296;43.11000;      0.75255;3.56288;6
198.47996;43.11167;      0.74236;3.56287;6
198.46580;43.11333;      0.73102;3.56287;6
198.45060;43.11500;      0.71757;3.56287;6
198.43444;43.11667;      0.70375;3.56286;6
198.41732;43.11833;      0.68990;3.56286;6
198.39920;43.12000;      0.67586;3.56285;6
198.38020;43.12167;      0.66190;3.56285;6
198.36024;43.12333;      0.64810;3.56284;6
198.33948;43.12500;      0.63427;3.56284;6
198.31788;43.12667;      0.61973;3.56283;6
198.29548;43.12833;      0.60449;3.56283;6
198.27236;43.13000;      0.58888;3.56282;6
198.24844;43.13167;      0.57326;3.56281;6
198.22372;43.13333;      0.55754;3.56281;6
198.19828;43.13500;      0.54155;3.56280;6
198.17212;43.13667;      0.52539;3.56279;6
198.14532;43.13833;      0.50923;3.56279;6
198.11784;43.14000;      0.49321;3.56278;6
198.08976;43.14167;      0.47680;3.56277;6
198.06108;43.14333;      0.45989;3.56277;6
198.03188;43.14500;      0.45076;3.56276;6
198.00212;43.14667;      0.44187;3.56275;6
197.97180;43.14833;      0.43218;3.56274;6
197.94108;43.15000;      0.41336;3.56273;6
197.90980;43.15167;      0.39428;3.56273;6
197.87816;43.15333;      0.37790;3.56272;6
197.84620;43.15500;      0.36263;3.56271;6
197.81384;43.15667;      0.34459;3.56270;6
197.78108;43.15833;      0.32546;3.56269;6
197.74796;43.16000;      0.30692;3.56268;6
197.71448;43.16167;      0.29215;3.56268;6
197.68060;43.16333;      0.28654;3.56267;6
197.64640;43.16500;      0.26224;3.56266;6
197.61180;43.16667;      0.23732;3.56265;6
197.57692;43.16833;      0.20282;3.56264;6
197.54172;43.17000;      0.18646;3.56263;6
197.50624;43.17167;      0.17004;3.56262;6
197.47048;43.17333;      0.15355;3.56261;6
197.43448;43.17500;      0.13701;3.56260;6
197.39828;43.17667;      0.13950;3.56259;6
197.36180;43.17833;      0.12867;3.56258;6
197.32504;43.18000;      0.11760;3.56257;6
197.28808;43.18167; 8.618818e-02;3.56256;6
197.25092;43.18333; 6.695368e-02;3.56255;6
197.21368;43.18500; 4.800806e-02;3.56254;6
197.17624;43.18667; 3.231484e-02;3.56253;6
197.13868;43.18833; 1.485838e-02;3.56252;6
197.10104;43.19000;-4.403013e-03;3.56251;6
197.06324;43.19167;-2.511312e-02;3.56250;6
197.02532;43.19333;-4.141484e-02;3.56249;6
196.98728;43.19500;-5.572108e-02;3.56248;6
196.94904;43.19667;-7.377642e-02;3.56247;6
196.91064;43.19833;-9.335412e-02;3.56246;6
196.87208;43.20000;-5.183837e-02;3.56245;6
196.83340;43.20167;-5.482737e-03;3.56244;6
196.79460;43.20333; 3.965148e-02;3.56243;6
196.75564;43.20500; 2.216015e-02;3.56241;6
196.71660;43.20667;-1.395110e-03;3.56240;6
196.67748;43.20833;-8.566018e-02;3.56239;6
196.63820;43.21000;     -0.16053;3.56238;6
196.59884;43.21167;     -0.23025;3.56237;6
196.55932;43.21333;     -0.23749;3.56236;6
196.51972;43.21500;     -0.25197;3.56235;6
196.48004;43.21667;     -0.26651;3.56234;6
196.44028;43.21833;     -0.28079;3.56233;6
196.40056;43.22000;     -0.29530;3.56231;6
196.36084;43.22167;     -0.30927;3.56230;6
196.32108;43.22333;     -0.32300;3.56229;6
196.28132;43.22500;     -0.33601;3.56228;6
196.24148;43.22667;     -0.34915;3.56227;6
196.20168;43.22833;     -0.36181;3.56226;6
196.16180;43.23000;     -0.38120;3.56225;6
196.12184;43.23167;     -0.39483;3.56223;6
196.08180;43.23333;     -0.41312;3.56222;6
196.04176;43.23500;     -0.42495;3.56221;6
196.00156;43.23667;     -0.44251;3.56220;6
195.96136;43.23833;     -0.45573;3.56219;6
195.92108;43.24000;     -0.46884;3.56218;6
195.88076;43.24167;     -0.44251;3.56217;6
195.84040;43.24333;     -0.45524;3.56215;6
195.80004;43.24500;     -0.46244;3.56214;6
195.75972;43.24667;     -0.50833;3.56213;6
195.71940;43.24833;     -0.51458;3.56212;6
195.67904;43.25000;     -0.52564;3.56211;6
195.63868;43.25167;     -0.53684;3.56209;6
195.59832;43.25333;     -0.54787;3.56208;6
195.55800;43.25500;     -0.55909;3.56207;6
195.51772;43.25667;     -0.57049;3.56206;6
195.47748;43.25833;     -0.58253;3.56205;6
195.43728;43.26000;     -0.59480;3.56203;6
195.39704;43.26167;     -0.60928;3.56202;6
195.35676;43.26333;     -0.61640;3.56201;6
195.31648;43.26500;     -0.62798;3.56200;6
195.27616;43.26667;     -0.63652;3.56199;6
195.23584;43.26833;     -0.65131;3.56197;6
195.19544;43.27000;     -0.66069;3.56196;6
195.15504;43.27167;     -0.66993;3.56195;6
195.11464;43.27333;     -0.67902;3.56194;6
195.07420;43.27500;     -0.68794;3.56193;6
195.03376;43.27667;     -0.68743;3.56191;6
194.99336;43.27833;     -0.69293;3.56190;6
194.95300;43.28000;     -0.69869;3.56189;6
194.91272;43.28167;     -0.71430;3.56188;6
194.87244;43.28333;     -0.72424;3.56187;6
194.83220;43.28500;     -0.73374;3.56185;6
194.79204;43.28667;     -0.74206;3.56184;6
194.75192;43.28833;     -0.74915;3.56183;6
194.71184;43.29000;     -0.75549;3.56182;6
194.67180;43.29167;     -0.76167;3.56180;6
194.63188;43.29333;     -0.76803;3.56179;6
194.59196;43.29500;     -0.77072;3.56178;6
194.55200;43.29667;     -0.76249;3.56177;6
194.51200;43.29833;     -0.77237;3.56175;6
194.47204;43.30000;     -0.78625;3.56174;6
194.43204;43.30167;     -0.81122;3.56173;6
194.39204;43.30333;     -0.81804;3.56172;6
194.35204;43.30500;     -0.82479;3.56170;6
194.31200;43.30667;     -0.83145;3.56169;6
194.27196;43.30833;     -0.83802;3.56168;6
194.23192;43.31000;     -0.84241;3.56167;6
194.19192;43.31167;     -0.84650;3.56165;6
194.15200;43.31333;     -0.84975;3.56164;6
194.11212;43.31500;     -0.85395;3.56163;6
194.07228;43.31667;     -0.85801;3.56162;6
194.03244;43.31833;     -0.86331;3.56160;6
193.99268;43.32000;     -0.86988;3.56159;6
193.95296;43.32167;     -0.87632;3.56158;6
193.91328;43.32333;     -0.88227;3.56157;6
193.87368;43.32500;     -0.88845;3.56155;6
193.83412;43.32667;     -0.89456;3.56154;6
193.79452;43.32833;     -0.90047;3.56153;6
193.75492;43.33000;     -0.90849;3.56152;6
193.71524;43.33167;     -0.91672;3.56150;6
193.67552;43.33333;     -0.92475;3.56149;6
193.63576;43.33500;     -0.92985;3.56148;6
193.59604;43.33667;     -0.93488;3.56146;6
193.55636;43.33833;     -0.93985;3.56145;6
193.51672;43.34000;     -0.94474;3.56144;6
193.47704;43.34167;     -0.94950;3.56143;6
193.43736;43.34333;     -0.95286;3.56141;6
193.39772;43.34500;     -0.95574;3.56140;6
193.35812;43.34667;     -0.95810;3.56139;6
193.31860;43.34833;     -0.96295;3.56138;6
193.27908;43.35000;     -0.96812;3.56136;6
193.23960;43.35167;     -0.97230;3.56135;6
193.20016;43.35333;     -0.97511;3.56134;6
193.16080;43.35500;     -0.97896;3.56132;6
193.12144;43.35667;     -0.98260;3.56131;6
193.08212;43.35833;     -0.98587;3.56130;6
193.04284;43.36000;     -0.98816;3.56128;6
193.00356;43.36167;     -0.99438;3.56127;6
192.96424;43.36333;     -1.00082;3.56126;6
192.92492;43.36500;     -1.00695;3.56125;6
192.88560;43.36667;     -1.01049;3.56123;6
192.84620;43.36833;     -1.01392;3.56122;6
192.80680;43.37000;     -1.01722;3.56121;6
192.76740;43.37167;     -1.02041;3.56119;6
192.72808;43.37333;     -1.02350;3.56118;6
192.68880;43.37500;     -1.02649;3.56117;6
192.64948;43.37667;     -1.02534;3.56115;6
192.61020;43.37833;     -1.02543;3.56114;6
192.57096;43.38000;     -1.02666;3.56113;6
192.53176;43.38167;     -1.03301;3.56111;6
192.49260;43.38333;     -1.03799;3.56110;6
192.45348;43.38500;     -1.04040;3.56109;6
192.41440;43.38667;     -1.04176;3.56107;6
192.37544;43.38833;     -1.04435;3.56106;6
192.33652;43.39000;     -1.04849;3.56105;6
192.29764;43.39167;     -1.05128;3.56104;6
192.25872;43.39333;     -1.05233;3.56102;6
192.21984;43.39500;     -1.05459;3.56101;6
192.18088;43.39667;     -1.05791;3.56100;6
192.14192;43.39833;     -1.06155;3.56098;6
192.10300;43.40000;     -1.06357;3.56097;6
192.06404;43.40167;     -1.06554;3.56096;6
192.02508;43.40333;     -1.06743;3.56094;6
191.98616;43.40500;     -1.06923;3.56093;6
191.94720;43.40667;     -1.07097;3.56092;6
191.90824;43.40833;     -1.07265;3.56090;6
191.86932;43.41000;     -1.07321;3.56089;6
191.83040;43.41167;     -1.07379;3.56088;6
191.79152;43.41333;     -1.07370;3.56086;6
191.75268;43.41500;     -1.07460;3.56085;6
191.71388;43.41667;     -1.07550;3.56083;6
191.67516;43.41833;     -1.07697;3.56082;6
191.63644;43.42000;     -1.07851;3.56081;6
191.59780;43.42167;     -1.08003;3.56079;6
191.55916;43.42333;     -1.08220;3.56078;6
191.52056;43.42500;     -1.08411;3.56077;6
191.48196;43.42667;     -1.08832;3.56075;6
191.44340;43.42833;     -1.09029;3.56074;6
191.40480;43.43000;     -1.09234;3.56073;6
191.36616;43.43167;     -1.09188;3.56071;6
191.32752;43.43333;     -1.09293;3.56070;6
191.28888;43.43500;     -1.09399;3.56069;6
191.25020;43.43667;     -1.09501;3.56067;6
191.21152;43.43833;     -1.09596;3.56066;6
191.17288;43.44000;     -1.09685;3.56064;6
191.13424;43.44167;     -1.09771;3.56063;6
191.09564;43.44333;     -1.09740;3.56062;6
191.05704;43.44500;     -1.09682;3.56060;6
191.01840;43.44667;     -1.09706;3.56059;6
190.97988;43.44833;     -1.09850;3.56058;6
190.94136;43.45000;     -1.10044;3.56056;6
190.90296;43.45167;     -1.10156;3.56055;6
190.86464;43.45333;     -1.10243;3.56054;6
190.82636;43.45500;     -1.10283;3.56052;6
190.78808;43.45667;     -1.10354;3.56051;6
190.74980;43.45833;     -1.10414;3.56049;6
190.71156;43.46000;     -1.10556;3.56048;6
190.67332;43.46167;     -1.10614;3.56047;6
190.63500;43.46333;     -1.10691;3.56045;6
190.59668;43.46500;     -1.10693;3.56044;6
190.55832;43.46667;     -1.10728;3.56042;6
190.52000;43.46833;     -1.10757;3.56041;6
190.48160;43.47000;     -1.10780;3.56040;6
190.44324;43.47167;     -1.10797;3.56038;6
190.40492;43.47333;     -1.10818;3.56037;6
190.36660;43.47500;     -1.10836;3.56036;6
190.32836;43.47667;     -1.10828;3.56034;6
190.29016;43.47833;     -1.10869;3.56033;6
190.25196;43.48000;     -1.10877;3.56031;6
190.21376;43.48167;     -1.10849;3.56030;6
190.17560;43.48333;     -1.10745;3.56029;6
190.13752;43.48500;     -1.10677;3.56027;6
190.09948;43.48667;     -1.10674;3.56026;6
190.06156;43.48833;     -1.10715;3.56024;6
190.02364;43.49000;     -1.10771;3.56023;6
189.98576;43.49167;     -1.10783;3.56022;6
189.94784;43.49333;     -1.10826;3.56020;6
189.90988;43.49500;     -1.10795;3.56019;6
189.87184;43.49667;     -1.10789;3.56017;6
189.83376;43.49833;     -1.10711;3.56016;6
189.79572;43.50000;     -1.10670;3.56015;6
189.75760;43.50167;     -1.10626;3.56013;6
189.71948;43.50333;     -1.10580;3.56012;6
189.68144;43.50500;     -1.10531;3.56010;6
189.64340;43.50667;     -1.10477;3.56009;6
189.60540;43.50833;     -1.10424;3.56007;6
189.56736;43.51000;     -1.10356;3.56006;6
189.52940;43.51167;     -1.10321;3.56005;6
189.49140;43.51333;     -1.10282;3.56003;6
189.45340;43.51500;     -1.10261;3.56002;6
189.41548;43.51667;     -1.10220;3.56000;6
189.37764;43.51833;     -1.10169;3.55999;6
189.33980;43.52000;     -1.10097;3.55997;6
189.30204;43.52167;     -1.09991;3.55996;6
189.26432;43.52333;     -1.09916;3.55995;6
189.22660;43.52500;     -1.09870;3.55993;6
189.18888;43.52667;     -1.09825;3.55992;6
189.15116;43.52833;     -1.09694;3.55990;6
189.11336;43.53000;     -1.09528;3.55989;6
189.07552;43.53167;     -1.09362;3.55987;6
189.03764;43.53333;     -1.09249;3.55986;6
188.99976;43.53500;     -1.09141;3.55985;6
188.96184;43.53667;     -1.09030;3.55983;6
188.92392;43.53833;     -1.08915;3.55982;6
188.88608;43.54000;     -1.08812;3.55980;6
188.84824;43.54167;     -1.08719;3.55979;6
188.81048;43.54333;     -1.08640;3.55977;6
188.77272;43.54500;     -1.08547;3.55976;6
188.73496;43.54667;     -1.08444;3.55974;6
188.69728;43.54833;     -1.08328;3.55973;6
188.65964;43.55000;     -1.08214;3.55971;6
188.62208;43.55167;     -1.08106;3.55970;6
188.58456;43.55333;     -1.08011;3.55969;6
188.54704;43.55500;     -1.07927;3.55967;6
188.50956;43.55667;     -1.07812;3.55966;6
188.47212;43.55833;     -1.07688;3.55964;6
188.43464;43.56000;     -1.07522;3.55963;6
188.39716;43.56167;     -1.07380;3.55961;6
188.35964;43.56333;     -1.07237;3.55960;6
188.32208;43.56500;     -1.07127;3.55958;6
188.28444;43.56667;     -1.07017;3.55957;6
188.24672;43.56833;     -1.06910;3.55955;6
188.20904;43.57000;     -1.06812;3.55954;6
188.17136;43.57167;     -1.06736;3.55952;6
188.13364;43.57333;     -1.06652;3.55951;6
188.09596;43.57500;     -1.06580;3.55950;6
188.05828;43.57667;     -1.06532;3.55948;6
188.02072;43.57833;     -1.06494;3.55947;6
187.98324;43.58000;     -1.06444;3.55945;6
187.94576;43.58167;     -1.06346;3.55944;6
187.90832;43.58333;     -1.06236;3.55942;6
187.87092;43.58500;     -1.06122;3.55941;6
187.83352;43.58667;     -1.06025;3.55939;6
187.79608;43.58833;     -1.05927;3.55938;6
187.75868;43.59000;     -1.05838;3.55936;6
187.72132;43.59167;     -1.05756;3.55935;6
187.68396;43.59333;     -1.05694;3.55933;6
187.64652;43.59500;     -1.05647;3.55932;6
187.60912;43.59667;     -1.05619;3.55930;6
187.57164;43.59833;     -1.05616;3.55929;6
187.53404;43.60000;     -1.05617;3.55927;6
187.49640;43.60167;     -1.05612;3.55926;6
187.45876;43.60333;     -1.05602;3.55924;6
187.42108;43.60500;     -1.05597;3.55923;6
187.38344;43.60667;     -1.05596;3.55921;6
187.34584;43.60833;     -1.05624;3.55920;6
187.30832;43.61000;     -1.05633;3.55918;6
187.27076;43.61167;     -1.05648;3.55917;6
187.23324;43.61333;     -1.05640;3.55915;6
187.19580;43.61500;     -1.05655;3.55914;6
187.15840;43.61667;     -1.05682;3.55912;6
187.12108;43.61833;     -1.05734;3.55911;6
187.08372;43.62000;     -1.05798;3.55909;6
187.04636;43.62167;     -1.05815;3.55908;6
187.00900;43.62333;     -1.05815;3.55906;6
186.97164;43.62500;     -1.05862;3.55905;6
186.93420;43.62667;     -1.05994;3.55903;6
186.89676;43.62833;     -1.06143;3.55902;6
186.85936;43.63000;     -1.06254;3.55900;6
186.82188;43.63167;     -1.06337;3.55898;6
186.78428;43.63333;     -1.06422;3.55897;6
186.74664;43.63500;     -1.06508;3.55895;6
186.70900;43.63667;     -1.06597;3.55894;6
186.67132;43.63833;     -1.06654;3.55892;6
186.63368;43.64000;     -1.06728;3.55891;6
186.59608;43.64167;     -1.06782;3.55889;6
186.55848;43.64333;     -1.06906;3.55888;6
186.52092;43.64500;     -1.07039;3.55886;6
186.48344;43.64667;     -1.07208;3.55885;6
186.44596;43.64833;     -1.07320;3.55883;6
186.40856;43.65000;     -1.07400;3.55881;6
186.37116;43.65167;     -1.07456;3.55880;6
186.33376;43.65333;     -1.07529;3.55878;6
186.29644;43.65500;     -1.07626;3.55877;6
186.25912;43.65667;     -1.07759;3.55875;6
186.22176;43.65833;     -1.07918;3.55874;6
186.18432;43.66000;     -1.08022;3.55872;6
186.14684;43.66167;     -1.08094;3.55871;6
186.10936;43.66333;     -1.08137;3.55869;6
186.07184;43.66500;     -1.08215;3.55868;6
186.03428;43.66667;     -1.08289;3.55866;6
185.99664;43.66833;     -1.08359;3.55864;6
185.95904;43.67000;     -1.08424;3.55863;6
185.92144;43.67167;     -1.08485;3.55861;6
185.88384;43.67333;     -1.08559;3.55860;6
185.84624;43.67500;     -1.08595;3.55858;6
185.80868;43.67667;     -1.08626;3.55857;6
185.77116;43.67833;     -1.08633;3.55855;6
185.73368;43.68000;     -1.08687;3.55853;6
185.69624;43.68167;     -1.08745;3.55852;6
185.65884;43.68333;     -1.08797;3.55850;6
185.62148;43.68500;     -1.08829;3.55849;6
185.58412;43.68667;     -1.08852;3.55847;6
185.54676;43.68833;     -1.08918;3.55845;6
185.50940;43.69000;     -1.08932;3.55844;6
185.47204;43.69167;     -1.08893;3.55842;6
185.43464;43.69333;     -1.08801;3.55841;6
185.39728;43.69500;     -1.08739;3.55839;6
185.35980;43.69667;     -1.08715;3.55837;6
185.32224;43.69833;     -1.08723;3.55836;6
185.28472;43.70000;     -1.08767;3.55834;6
185.24720;43.70167;     -1.08821;3.55833;6
185.20972;43.70333;     -1.08848;3.55831;6
185.17220;43.70500;     -1.08867;3.55829;6
185.13468;43.70667;     -1.08861;3.55828;6
185.09720;43.70833;     -1.08823;3.55826;6
185.05984;43.71000;     -1.08754;3.55825;6
185.02244;43.71167;     -1.08702;3.55823;6
184.98508;43.71333;     -1.08691;3.55821;6
184.94776;43.71500;     -1.08699;3.55820;6
184.91052;43.71667;     -1.08714;3.55818;6
184.87332;43.71833;     -1.08716;3.55817;6
184.83612;43.72000;     -1.08700;3.55815;6
184.79892;43.72167;     -1.08683;3.55813;6
184.76172;43.72333;     -1.08662;3.55812;6
184.72452;43.72500;     -1.08676;3.55810;6
184.68728;43.72667;     -1.08686;3.55809;6
184.65000;43.72833;     -1.08704;3.55807;6
184.61272;43.73000;     -1.08701;3.55805;6
184.57540;43.73167;     -1.08700;3.55804;6
184.53796;43.73333;     -1.08699;3.55802;6
184.50056;43.73500;     -1.08700;3.55800;6
184.46312;43.73667;     -1.08703;3.55799;6
184.42572;43.73833;     -1.08690;3.55797;6
184.38840;43.74000;     -1.08660;3.55796;6
184.35104;43.74167;     -1.08638;3.55794;6
184.31372;43.74333;     -1.08665;3.55792;6
184.27640;43.74500;     -1.08723;3.55791;6
184.23912;43.74667;     -1.08779;3.55789;6
184.20188;43.74833;     -1.08798;3.55787;6
184.16468;43.75000;     -1.08788;3.55786;6
184.12752;43.75167;     -1.08775;3.55784;6
184.09036;43.75333;     -1.08774;3.55783;6
184.05316;43.75500;     -1.08809;3.55781;6
184.01600;43.75667;     -1.08837;3.55779;6
183.97884;43.75833;     -1.08875;3.55778;6
183.94160;43.76000;     -1.08905;3.55776;6
183.90432;43.76167;     -1.08947;3.55774;6
183.86704;43.76333;     -1.08978;3.55773;6
183.82968;43.76500;     -1.09010;3.55771;6
183.79224;43.76667;     -1.09043;3.55769;6
183.75480;43.76833;     -1.09079;3.55768;6
183.71740;43.77000;     -1.09117;3.55766;6
183.68000;43.77167;     -1.09157;3.55764;6
183.64260;43.77333;     -1.09208;3.55763;6
183.60524;43.77500;     -1.09250;3.55761;6
183.56788;43.77667;     -1.09260;3.55759;6
183.53060;43.77833;     -1.09262;3.55758;6
183.49332;43.78000;     -1.09284;3.55756;6
183.45600;43.78167;     -1.09350;3.55754;6
183.41876;43.78333;     -1.09425;3.55753;6
183.38152;43.78500;     -1.09507;3.55751;6
183.34428;43.78667;     -1.09570;3.55749;6
183.30704;43.78833;     -1.09634;3.55748;6
183.26976;43.79000;     -1.09660;3.55746;6
183.23244;43.79167;     -1.09734;3.55744;6
183.19504;43.79333;     -1.09804;3.55743;6
183.15764;43.79500;     -1.09905;3.55741;6
183.12016;43.79667;     -1.09977;3.55739;6
183.08260;43.79833;     -1.10053;3.55738;6
183.04500;43.80000;     -1.10131;3.55736;6
183.00740;43.80167;     -1.10212;3.55734;6
182.96980;43.80333;     -1.10241;3.55732;6
182.93216;43.80500;     -1.10258;3.55731;6
182.89460;43.80667;     -1.10275;3.55729;6
182.85708;43.80833;     -1.10347;3.55727;6
182.81960;43.81000;     -1.10453;3.55726;6
182.78208;43.81167;     -1.10563;3.55724;6
182.74460;43.81333;     -1.10673;3.55722;6
182.70720;43.81500;     -1.10763;3.55721;6
182.66984;43.81667;     -1.10861;3.55719;6
182.63252;43.81833;     -1.10953;3.55717;6
182.59516;43.82000;     -1.11047;3.55715;6
182.55776;43.82167;     -1.11168;3.55714;6
182.52040;43.82333;     -1.11328;3.55712;6
182.48300;43.82500;     -1.11493;3.55710;6
182.44556;43.82667;     -1.11625;3.55709;6
182.40804;43.82833;     -1.11728;3.55707;6
182.37044;43.83000;     -1.11830;3.55705;6
182.33284;43.83167;     -1.11932;3.55703;6
182.29520;43.83333;     -1.12034;3.55702;6
182.25756;43.83500;     -1.12136;3.55700;6
182.21992;43.83667;     -1.12264;3.55698;6
182.18232;43.83833;     -1.12361;3.55696;6
182.14472;43.84000;     -1.12468;3.55695;6
182.10716;43.84167;     -1.12530;3.55693;6
182.06968;43.84333;     -1.12610;3.55691;6
182.03220;43.84500;     -1.12664;3.55690;6
181.99476;43.84667;     -1.12734;3.55688;6
181.95732;43.84833;     -1.12811;3.55686;6
181.91996;43.85000;     -1.12908;3.55684;6
181.88260;43.85167;     -1.13021;3.55683;6
181.84528;43.85333;     -1.13123;3.55681;6
181.80792;43.85500;     -1.13213;3.55679;6
181.77048;43.85667;     -1.13292;3.55677;6
181.73300;43.85833;     -1.13376;3.55676;6
181.69544;43.86000;     -1.13454;3.55674;6
181.65784;43.86167;     -1.13520;3.55672;6
181.62024;43.86333;     -1.13584;3.55670;6
181.58260;43.86500;     -1.13646;3.55669;6
181.54492;43.86667;     -1.13706;3.55667;6
181.50724;43.86833;     -1.13764;3.55665;6
181.46956;43.87000;     -1.13810;3.55663;6
181.43192;43.87167;     -1.13827;3.55662;6
181.39432;43.87333;     -1.13833;3.55660;6
181.35672;43.87500;     -1.13841;3.55658;6
181.31912;43.87667;     -1.13880;3.55656;6
181.28156;43.87833;     -1.13928;3.55654;6
181.24412;43.88000;     -1.13978;3.55653;6
181.20672;43.88167;     -1.14016;3.55651;6
181.16928;43.88333;     -1.14050;3.55649;6
181.13180;43.88500;     -1.14081;3.55647;6
181.09436;43.88667;     -1.14126;3.55646;6
181.05692;43.88833;     -1.14155;3.55644;6
181.01948;43.89000;     -1.14216;3.55642;6
180.98196;43.89167;     -1.14264;3.55640;6
180.94436;43.89333;     -1.14324;3.55638;6
180.90676;43.89500;     -1.14352;3.55637;6
180.86912;43.89667;     -1.14378;3.55635;6
180.83148;43.89833;     -1.14403;3.55633;6
180.79380;43.90000;     -1.14426;3.55631;6
180.75604;43.90167;     -1.14449;3.55630;6
180.71832;43.90333;     -1.14453;3.55628;6
180.68056;43.90500;     -1.14457;3.55626;6
180.64280;43.90667;     -1.14457;3.55624;6
180.60508;43.90833;     -1.14489;3.55622;6
180.56736;43.91000;     -1.14535;3.55621;6
180.52976;43.91167;     -1.14551;3.55619;6
180.49224;43.91333;     -1.14533;3.55617;6
180.45468;43.91500;     -1.14492;3.55615;6
180.41716;43.91667;     -1.14480;3.55613;6
180.37968;43.91833;     -1.14482;3.55611;6
180.34220;43.92000;     -1.14559;3.55610;6
180.30464;43.92167;     -1.14642;3.55608;6
180.26708;43.92333;     -1.14760;3.55606;6
180.22948;43.92500;     -1.14815;3.55604;6
180.19180;43.92667;     -1.14869;3.55602;6
180.15408;43.92833;     -1.14896;3.55601;6
180.11628;43.93000;     -1.14922;3.55599;6
180.07840;43.93167;     -1.14947;3.55597;6
180.04056;43.93333;     -1.14970;3.55595;6
180.00272;43.93500;     -1.14991;3.55593;6
179.96488;43.93667;     -1.15000;3.55591;6
179.92704;43.93833;     -1.15020;3.55590;6
179.88920;43.94000;     -1.15041;3.55588;6
179.85144;43.94167;     -1.15071;3.55586;6
179.81376;43.94333;     -1.15090;3.55584;6
179.77608;43.94500;     -1.15125;3.55582;6
179.73848;43.94667;     -1.15176;3.55580;6
179.70092;43.94833;     -1.15239;3.55579;6
179.66340;43.95000;     -1.15275;3.55577;6
179.62588;43.95167;     -1.15312;3.55575;6
179.58832;43.95333;     -1.15299;3.55573;6
179.55068;43.95500;     -1.15250;3.55571;6
179.51304;43.95667;     -1.15177;3.55569;6
179.47540;43.95833;     -1.15137;3.55568;6
179.43768;43.96000;     -1.15136;3.55566;6
179.39996;43.96167;     -1.15133;3.55564;6
179.36216;43.96333;     -1.15127;3.55562;6
179.32432;43.96500;     -1.15119;3.55560;6
179.28648;43.96667;     -1.15108;3.55558;6
179.24864;43.96833;     -1.15094;3.55556;6
179.21080;43.97000;     -1.15051;3.55555;6
179.17300;43.97167;     -1.15025;3.55553;6
179.13528;43.97333;     -1.14997;3.55551;6
179.09752;43.97500;     -1.14990;3.55549;6
179.05980;43.97667;     -1.14964;3.55547;6
179.02212;43.97833;     -1.14943;3.55545;6
178.98448;43.98000;     -1.14927;3.55543;6
178.94688;43.98167;     -1.14902;3.55542;6
178.90932;43.98333;     -1.14858;3.55540;6
178.87176;43.98500;     -1.14842;3.55538;6
178.83420;43.98667;     -1.14839;3.55536;6
178.79660;43.98833;     -1.14874;3.55534;6
178.75896;43.99000;     -1.14884;3.55532;6
178.72124;43.99167;     -1.14888;3.55530;6
178.68348;43.99333;     -1.14874;3.55528;6
178.64564;43.99500;     -1.14859;3.55527;6
178.60780;43.99667;     -1.14847;3.55525;6
178.56996;43.99833;     -1.14837;3.55523;6
178.53208;44.00000;     -1.14831;3.55521;6
178.49420;44.00167;     -1.14841;3.55519;6
178.45628;44.00333;     -1.14789;3.55517;6
178.41840;44.00500;     -1.14754;3.55515;6
178.38052;44.00667;     -1.14714;3.55513;6
178.34272;44.00833;     -1.14752;3.55511;6
178.30496;44.01000;     -1.14785;3.55509;6
178.26728;44.01167;     -1.14817;3.55508;6
178.22960;44.01333;     -1.14836;3.55506;6
178.19192;44.01500;     -1.14831;3.55504;6
178.15428;44.01667;     -1.14811;3.55502;6
178.11668;44.01833;     -1.14816;3.55500;6
178.07908;44.02000;     -1.14864;3.55498;6
178.04144;44.02167;     -1.14887;3.55496;6
178.00372;44.02333;     -1.14880;3.55494;6
177.96592;44.02500;     -1.14837;3.55492;6
177.92812;44.02667;     -1.14825;3.55490;6
177.89028;44.02833;     -1.14810;3.55489;6
177.85244;44.03000;     -1.14793;3.55487;6
177.81452;44.03167;     -1.14772;3.55485;6
177.77660;44.03333;     -1.14749;3.55483;6
177.73868;44.03500;     -1.14720;3.55481;6
177.70080;44.03667;     -1.14681;3.55479;6
177.66296;44.03833;     -1.14664;3.55477;6
177.62512;44.04000;     -1.14677;3.55475;6
177.58732;44.04167;     -1.14717;3.55473;6
177.54956;44.04333;     -1.14731;3.55471;6
177.51184;44.04500;     -1.14700;3.55469;6
177.47416;44.04667;     -1.14634;3.55467;6
177.43656;44.04833;     -1.14571;3.55465;6
177.39896;44.05000;     -1.14534;3.55463;6
177.36140;44.05167;     -1.14439;3.55462;6
177.32376;44.05333;     -1.14319;3.55460;6
177.28612;44.05500;     -1.14114;3.55458;6
177.24844;44.05667;     -1.13957;3.55456;6
177.21068;44.05833;     -1.13796;3.55454;6
177.17288;44.06000;     -1.13678;3.55452;6
177.13496;44.06167;     -1.13555;3.55450;6
177.09704;44.06333;     -1.13426;3.55448;6
177.05912;44.06500;     -1.13293;3.55446;6
177.02120;44.06667;     -1.13155;3.55444;6
176.98332;44.06833;     -1.13095;3.55442;6
176.94540;44.07000;     -1.13068;3.55440;6
176.90752;44.07167;     -1.13018;3.55438;6
176.86976;44.07333;     -1.12878;3.55436;6
176.83200;44.07500;     -1.12688;3.55434;6
176.79428;44.07667;     -1.12513;3.55432;6
176.75660;44.07833;     -1.12330;3.55430;6
176.71892;44.08000;     -1.12143;3.55428;6
176.68128;44.08167;     -1.11934;3.55426;6
176.64364;44.08333;     -1.11731;3.55425;6
176.60600;44.08500;     -1.11469;3.55423;6
176.56832;44.08667;     -1.11251;3.55421;6
176.53064;44.08833;     -1.11035;3.55419;6
176.49288;44.09000;     -1.10887;3.55417;6
176.45512;44.09167;     -1.10715;3.55415;6
176.41724;44.09333;     -1.10548;3.55413;6
176.37936;44.09500;     -1.10384;3.55411;6
176.34148;44.09667;     -1.10224;3.55409;6
176.30352;44.09833;     -1.10066;3.55407;6
176.26560;44.10000;     -1.09912;3.55405;6
176.22764;44.10167;     -1.09741;3.55403;6
176.18976;44.10333;     -1.09595;3.55401;6
176.15188;44.10500;     -1.09465;3.55399;6
176.11404;44.10667;     -1.09386;3.55397;6
176.07624;44.10833;     -1.09293;3.55395;6
176.03848;44.11000;     -1.09189;3.55393;6
176.00076;44.11167;     -1.09069;3.55391;6
175.96304;44.11333;     -1.08947;3.55389;6
175.92532;44.11500;     -1.08831;3.55387;6
175.88764;44.11667;     -1.08690;3.55385;6
175.84996;44.11833;     -1.08525;3.55383;6
175.81228;44.12000;     -1.08365;3.55381;6
175.77452;44.12167;     -1.08236;3.55379;6
175.73672;44.12333;     -1.08140;3.55377;6
175.69888;44.12500;     -1.08051;3.55375;6
175.66104;44.12667;     -1.07967;3.55373;6
175.62324;44.12833;     -1.07890;3.55371;6
175.58532;44.13000;     -1.07818;3.55369;6
175.54740;44.13167;     -1.07751;3.55367;6
175.50940;44.13333;     -1.07712;3.55365;6
175.47148;44.13500;     -1.07692;3.55363;6
175.43352;44.13667;     -1.07732;3.55361;6
175.39556;44.13833;     -1.07720;3.55359;6
175.35772;44.14000;     -1.07672;3.55357;6
175.31992;44.14167;     -1.07561;3.55355;6
175.28224;44.14333;     -1.07487;3.55353;6
175.24452;44.14500;     -1.07431;3.55351;6
175.20684;44.14667;     -1.07396;3.55349;6
175.16920;44.14833;     -1.07370;3.55347;6
175.13156;44.15000;     -1.07332;3.55345;6
175.09384;44.15167;     -1.07226;3.55343;6
175.05612;44.15333;     -1.07148;3.55341;6
175.01836;44.15500;     -1.07094;3.55339;6
174.98056;44.15667;     -1.07102;3.55337;6
174.94268;44.15833;     -1.07078;3.55335;6
174.90480;44.16000;     -1.07058;3.55333;6
174.86684;44.16167;     -1.07039;3.55331;6
174.82892;44.16333;     -1.07023;3.55329;6
174.79092;44.16500;     -1.07009;3.55327;6
174.75292;44.16667;     -1.07036;3.55325;6
174.71492;44.16833;     -1.07087;3.55323;6
174.67692;44.17000;     -1.07134;3.55320;6
174.63900;44.17167;     -1.07117;3.55318;6
174.60112;44.17333;     -1.07064;3.55316;6
174.56328;44.17500;     -1.07015;3.55314;6
174.52544;44.17667;     -1.06990;3.55312;6
174.48768;44.17833;     -1.06984;3.55310;6
174.44996;44.18000;     -1.06980;3.55308;6
174.41224;44.18167;     -1.06979;3.55306;6
174.37452;44.18333;     -1.06957;3.55304;6
174.33676;44.18500;     -1.06941;3.55302;6
174.29900;44.18667;     -1.06927;3.55300;6
174.26116;44.18833;     -1.06934;3.55298;6
174.22328;44.19000;     -1.06937;3.55296;6
174.18536;44.19167;     -1.06941;3.55294;6
174.14736;44.19333;     -1.06944;3.55292;6
174.10932;44.19500;     -1.06947;3.55290;6
174.07128;44.19667;     -1.06950;3.55288;6
174.03320;44.19833;     -1.06955;3.55286;6
173.99516;44.20000;     -1.06943;3.55284;6
173.95712;44.20167;     -1.06928;3.55281;6
173.91912;44.20333;     -1.06925;3.55279;6
173.88112;44.20500;     -1.06938;3.55277;6
173.84320;44.20667;     -1.06966;3.55275;6
173.80532;44.20833;     -1.07009;3.55273;6
173.76748;44.21000;     -1.07068;3.55271;6
173.72968;44.21167;     -1.07115;3.55269;6
173.69188;44.21333;     -1.07147;3.55267;6
173.65408;44.21500;     -1.07150;3.55265;6
173.61628;44.21667;     -1.07128;3.55263;6
173.57852;44.21833;     -1.07089;3.55261;6
173.54072;44.22000;     -1.07068;3.55259;6
173.50284;44.22167;     -1.07076;3.55257;6
173.46492;44.22333;     -1.07093;3.55255;6
173.42692;44.22500;     -1.07110;3.55252;6
173.38884;44.22667;     -1.07126;3.55250;6
173.35072;44.22833;     -1.07142;3.55248;6
173.31260;44.23000;     -1.07159;3.55246;6
173.27444;44.23167;     -1.07137;3.55244;6
173.23628;44.23333;     -1.07123;3.55242;6
173.19820;44.23500;     -1.07118;3.55240;6
173.16016;44.23667;     -1.07161;3.55238;6
173.12216;44.23833;     -1.07204;3.55236;6
173.08416;44.24000;     -1.07243;3.55234;6
173.04624;44.24167;     -1.07290;3.55231;6
173.00836;44.24333;     -1.07325;3.55229;6
172.97052;44.24500;     -1.07352;3.55227;6
172.93276;44.24667;     -1.07353;3.55225;6
172.89500;44.24833;     -1.07360;3.55223;6
172.85720;44.25000;     -1.07354;3.55221;6
172.81932;44.25167;     -1.07388;3.55219;6
172.78136;44.25333;     -1.07423;3.55217;6
172.74340;44.25500;     -1.07478;3.55215;6
172.70540;44.25667;     -1.07507;3.55213;6
172.66736;44.25833;     -1.07537;3.55210;6
172.62920;44.26000;     -1.07567;3.55208;6
172.59100;44.26167;     -1.07601;3.55206;6
172.55280;44.26333;     -1.07637;3.55204;6
172.51456;44.26500;     -1.07674;3.55202;6
172.47632;44.26667;     -1.07706;3.55200;6
172.43812;44.26833;     -1.07729;3.55198;6
172.39996;44.27000;     -1.07755;3.55195;6
172.36188;44.27167;     -1.07789;3.55193;6
172.32380;44.27333;     -1.07832;3.55191;6
172.28576;44.27500;     -1.07864;3.55189;6
172.24776;44.27667;     -1.07878;3.55187;6
172.20980;44.27833;     -1.07897;3.55185;6
172.17180;44.28000;     -1.07925;3.55183;6
172.13388;44.28167;     -1.07982;3.55181;6
172.09584;44.28333;     -1.08055;3.55178;6
172.05776;44.28500;     -1.08155;3.55176;6
172.01964;44.28667;     -1.08245;3.55174;6
171.98140;44.28833;     -1.08316;3.55172;6
171.94312;44.29000;     -1.08366;3.55170;6
171.90480;44.29167;     -1.08416;3.55168;6
171.86648;44.29333;     -1.08466;3.55166;6
171.82820;44.29500;     -1.08516;3.55163;6
171.78992;44.29667;     -1.08565;3.55161;6
171.75152;44.29833;     -1.08609;3.55159;6
171.71312;44.30000;     -1.08626;3.55157;6
171.67484;44.30167;     -1.08641;3.55155;6
171.63660;44.30333;     -1.08684;3.55153;6
171.59840;44.30500;     -1.08776;3.55150;6
171.56020;44.30667;     -1.08874;3.55148;6
171.52204;44.30833;     -1.08939;3.55146;6
171.48396;44.31000;     -1.08961;3.55144;6
171.44588;44.31167;     -1.08976;3.55142;6
171.40784;44.31333;     -1.08991;3.55140;6
171.36980;44.31500;     -1.09031;3.55137;6
171.33172;44.31667;     -1.09115;3.55135;6
171.29356;44.31833;     -1.09176;3.55133;6
171.25532;44.32000;     -1.09230;3.55131;6
171.21704;44.32167;     -1.09238;3.55129;6
171.17872;44.32333;     -1.09273;3.55126;6
171.14040;44.32500;     -1.09306;3.55124;6
171.10204;44.32667;     -1.09338;3.55122;6
171.06360;44.32833;     -1.09367;3.55120;6
171.02516;44.33000;     -1.09394;3.55118;6
170.98668;44.33167;     -1.09395;3.55116;6
170.94828;44.33333;     -1.09382;3.55113;6
170.90988;44.33500;     -1.09377;3.55111;6
170.87144;44.33667;     -1.09402;3.55109;6
170.83300;44.33833;     -1.09441;3.55107;6
170.79468;44.34000;     -1.09483;3.55105;6
170.75644;44.34167;     -1.09529;3.55102;6
170.71820;44.34333;     -1.09569;3.55100;6
170.68000;44.34500;     -1.09598;3.55098;6
170.64180;44.34667;     -1.09623;3.55096;6
170.60364;44.34833;     -1.09634;3.55094;6
170.56548;44.35000;     -1.09617;3.55091;6
170.52716;44.35167;     -1.09586;3.55089;6
170.48880;44.35333;     -1.09564;3.55087;6
170.45032;44.35500;     -1.09563;3.55085;6
170.41188;44.35667;     -1.09562;3.55082;6
170.37340;44.35833;     -1.09562;3.55080;6
170.33492;44.36000;     -1.09562;3.55078;6
170.29644;44.36167;     -1.09561;3.55076;6
170.25792;44.36333;     -1.09515;3.55074;6
170.21936;44.36500;     -1.09480;3.55071;6
170.18080;44.36667;     -1.09454;3.55069;6
170.14232;44.36833;     -1.09471;3.55067;6
170.10388;44.37000;     -1.09484;3.55065;6
170.06552;44.37167;     -1.09478;3.55062;6
170.02724;44.37333;     -1.09470;3.55060;6
169.98896;44.37500;     -1.09450;3.55058;6
169.95076;44.37667;     -1.09441;3.55056;6
169.91256;44.37833;     -1.09447;3.55054;6
169.87436;44.38000;     -1.09456;3.55051;6
169.83616;44.38167;     -1.09455;3.55049;6
169.79792;44.38333;     -1.09461;3.55047;6
169.75960;44.38500;     -1.09466;3.55045;6
169.72128;44.38667;     -1.09474;3.55042;6
169.68292;44.38833;     -1.09459;3.55040;6
169.64448;44.39000;     -1.09444;3.55038;6
169.60596;44.39167;     -1.09429;3.55036;6
169.56748;44.39333;     -1.09415;3.55033;6
169.52896;44.39500;     -1.09401;3.55031;6
169.49044;44.39667;     -1.09386;3.55029;6
169.45188;44.39833;     -1.09386;3.55027;6
169.41336;44.40000;     -1.09391;3.55024;6
169.37488;44.40167;     -1.09391;3.55022;6
169.33640;44.40333;     -1.09374;3.55020;6
169.29804;44.40500;     -1.09355;3.55018;6
169.25972;44.40667;     -1.09352;3.55015;6
169.22148;44.40833;     -1.09358;3.55013;6
169.18324;44.41000;     -1.09347;3.55011;6
169.14508;44.41167;     -1.09291;3.55009;6
169.10688;44.41333;     -1.09233;3.55006;6
169.06868;44.41500;     -1.09193;3.55004;6
169.03044;44.41667;     -1.09186;3.55002;6
168.99212;44.41833;     -1.09168;3.55000;6
168.95372;44.42000;     -1.09143;3.54997;6
168.91532;44.42167;     -1.09116;3.54995;6
168.87692;44.42333;     -1.09088;3.54993;6
168.83840;44.42500;     -1.09057;3.54991;6
168.79988;44.42667;     -1.09025;3.54988;6
168.76128;44.42833;     -1.08991;3.54986;6
168.72268;44.43000;     -1.08960;3.54984;6
168.68416;44.43167;     -1.08921;3.54982;6
168.64568;44.43333;     -1.08872;3.54979;6
168.60724;44.43500;     -1.08817;3.54977;6
168.56888;44.43667;     -1.08794;3.54975;6
168.53056;44.43833;     -1.08789;3.54972;6
168.49232;44.44000;     -1.08781;3.54970;6
168.45412;44.44167;     -1.08742;3.54968;6
168.41596;44.44333;     -1.08694;3.54966;6
168.37780;44.44500;     -1.08668;3.54963;6
168.33956;44.44667;     -1.08677;3.54961;6
168.30136;44.44833;     -1.08664;3.54959;6
168.26312;44.45000;     -1.08584;3.54957;6
168.22476;44.45167;     -1.08472;3.54954;6
168.18632;44.45333;     -1.08378;3.54952;6
168.14784;44.45500;     -1.08334;3.54950;6
168.10932;44.45667;     -1.08291;3.54947;6
168.07072;44.45833;     -1.08249;3.54945;6
168.03212;44.46000;     -1.08208;3.54943;6
167.99356;44.46167;     -1.08168;3.54940;6
167.95496;44.46333;     -1.08138;3.54938;6
167.91636;44.46500;     -1.08113;3.54936;6
167.87788;44.46667;     -1.08058;3.54934;6
167.83944;44.46833;     -1.08002;3.54931;6
167.80100;44.47000;     -1.07953;3.54929;6
167.76264;44.47167;     -1.07933;3.54927;6
167.72428;44.47333;     -1.07896;3.54924;6
167.68596;44.47500;     -1.07846;3.54922;6
167.64764;44.47667;     -1.07785;3.54920;6
167.60932;44.47833;     -1.07741;3.54917;6
167.57100;44.48000;     -1.07702;3.54915;6
167.53260;44.48167;     -1.07678;3.54913;6
167.49416;44.48333;     -1.07648;3.54911;6
167.45564;44.48500;     -1.07618;3.54908;6
167.41712;44.48667;     -1.07585;3.54906;6
167.37856;44.48833;     -1.07551;3.54904;6
167.33992;44.49000;     -1.07519;3.54901;6
167.30120;44.49167;     -1.07488;3.54899;6
167.26252;44.49333;     -1.07458;3.54897;6
167.22384;44.49500;     -1.07429;3.54894;6
167.18516;44.49667;     -1.07439;3.54892;6
167.14652;44.49833;     -1.07448;3.54890;6
167.10792;44.50000;     -1.07466;3.54887;6
167.06932;44.50167;     -1.07444;3.54885;6
167.03076;44.50333;     -1.07418;3.54883;6
166.99224;44.50500;     -1.07379;3.54880;6
166.95376;44.50667;     -1.07339;3.54878;6
166.91528;44.50833;     -1.07305;3.54876;6
166.87680;44.51000;     -1.07269;3.54873;6
166.83840;44.51167;     -1.07229;3.54871;6
166.79992;44.51333;     -1.07196;3.54869;6
166.76144;44.51500;     -1.07175;3.54866;6
166.72292;44.51667;     -1.07166;3.54864;6
166.68436;44.51833;     -1.07156;3.54862;6
166.64576;44.52000;     -1.07144;3.54859;6
166.60708;44.52167;     -1.07134;3.54857;6
166.56836;44.52333;     -1.07127;3.54854;6
166.52960;44.52500;     -1.07121;3.54852;6
166.49084;44.52667;     -1.07118;3.54850;6
166.45204;44.52833;     -1.07109;3.54847;6
166.41328;44.53000;     -1.07073;3.54845;6
166.37448;44.53167;     -1.07014;3.54843;6
166.33572;44.53333;     -1.06980;3.54840;6
166.29700;44.53500;     -1.06985;3.54838;6
166.25832;44.53667;     -1.07022;3.54836;6
166.21972;44.53833;     -1.07063;3.54833;6
166.18116;44.54000;     -1.07103;3.54831;6
166.14264;44.54167;     -1.07153;3.54828;6
166.10412;44.54333;     -1.07186;3.54826;6
166.06560;44.54500;     -1.07194;3.54824;6
166.02708;44.54667;     -1.07193;3.54821;6
165.98844;44.54833;     -1.07173;3.54819;6
165.94976;44.55000;     -1.07170;3.54817;6
165.91104;44.55167;     -1.07160;3.54814;6
165.87224;44.55333;     -1.07172;3.54812;6
165.83340;44.55500;     -1.07183;3.54809;6
165.79452;44.55667;     -1.07194;3.54807;6
165.75564;44.55833;     -1.07204;3.54805;6
165.71672;44.56000;     -1.07214;3.54802;6
165.67776;44.56167;     -1.07238;3.54800;6
165.63884;44.56333;     -1.07280;3.54798;6
165.59992;44.56500;     -1.07335;3.54795;6
165.56100;44.56667;     -1.07370;3.54793;6
165.52208;44.56833;     -1.07371;3.54790;6
165.48324;44.57000;     -1.07342;3.54788;6
165.44444;44.57167;     -1.07296;3.54786;6
165.40576;44.57333;     -1.07247;3.54783;6
165.36712;44.57500;     -1.07213;3.54781;6
165.32852;44.57667;     -1.07212;3.54778;6
165.28992;44.57833;     -1.07278;3.54776;6
165.25124;44.58000;     -1.07374;3.54774;6
165.21244;44.58167;     -1.07410;3.54771;6
165.17360;44.58333;     -1.07396;3.54769;6
165.13476;44.58500;     -1.07353;3.54766;6
165.09588;44.58667;     -1.07354;3.54764;6
165.05696;44.58833;     -1.07355;3.54762;6
165.01804;44.59000;     -1.07356;3.54759;6
164.97904;44.59167;     -1.07355;3.54757;6
164.94000;44.59333;     -1.07354;3.54754;6
164.90096;44.59500;     -1.07337;3.54752;6
164.86192;44.59667;     -1.07321;3.54749;6
164.82292;44.59833;     -1.07325;3.54747;6
164.78396;44.60000;     -1.07325;3.54745;6
164.74504;44.60167;     -1.07316;3.54742;6
164.70620;44.60333;     -1.07305;3.54740;6
164.66740;44.60500;     -1.07327;3.54737;6
164.62864;44.60667;     -1.07344;3.54735;6
164.58992;44.60833;     -1.07328;3.54732;6
164.55128;44.61000;     -1.07296;3.54730;6
164.51264;44.61167;     -1.07302;3.54728;6
164.47392;44.61333;     -1.07275;3.54725;6
164.43512;44.61500;     -1.07247;3.54723;6
164.39632;44.61667;     -1.07187;3.54720;6
164.35740;44.61833;     -1.07170;3.54718;6
164.31844;44.62000;     -1.07153;3.54715;6
164.27944;44.62167;     -1.07135;3.54713;6
164.24044;44.62333;     -1.07114;3.54711;6
164.20140;44.62500;     -1.07091;3.54708;6
164.16236;44.62667;     -1.07066;3.54706;6
164.12332;44.62833;     -1.07053;3.54703;6
164.08428;44.63000;     -1.07041;3.54701;6
164.04524;44.63167;     -1.07022;3.54698;6
164.00628;44.63333;     -1.06984;3.54696;6
163.96740;44.63500;     -1.06949;3.54693;6
163.92852;44.63667;     -1.06913;3.54691;6
163.88972;44.63833;     -1.06860;3.54689;6
163.85096;44.64000;     -1.06777;3.54686;6
163.81220;44.64167;     -1.06704;3.54684;6
163.77348;44.64333;     -1.06692;3.54681;6
163.73472;44.64500;     -1.06738;3.54679;6
163.69592;44.64667;     -1.06785;3.54676;6
163.65712;44.64833;     -1.06797;3.54674;6
163.61824;44.65000;     -1.06779;3.54671;6
163.57920;44.65167;     -1.06764;3.54669;6
163.54012;44.65333;     -1.06750;3.54666;6
163.50108;44.65500;     -1.06737;3.54664;6
163.46204;44.65667;     -1.06727;3.54662;6
163.42292;44.65833;     -1.06719;3.54659;6
163.38376;44.66000;     -1.06719;3.54657;6
163.34460;44.66167;     -1.06720;3.54654;6
163.30548;44.66333;     -1.06695;3.54652;6
163.26640;44.66500;     -1.06668;3.54649;6
163.22740;44.66667;     -1.06642;3.54647;6
163.18844;44.66833;     -1.06666;3.54644;6
163.14948;44.67000;     -1.06689;3.54642;6
163.11056;44.67167;     -1.06714;3.54639;6
163.07172;44.67333;     -1.06720;3.54637;6
163.03292;44.67500;     -1.06736;3.54634;6
162.99416;44.67667;     -1.06771;3.54632;6
162.95540;44.67833;     -1.06787;3.54629;6
162.91652;44.68000;     -1.06770;3.54627;6
162.87752;44.68167;     -1.06738;3.54624;6
162.83852;44.68333;     -1.06726;3.54622;6
162.79944;44.68500;     -1.06736;3.54619;6
162.76028;44.68667;     -1.06747;3.54617;6
162.72108;44.68833;     -1.06759;3.54614;6
162.68188;44.69000;     -1.06772;3.54612;6
162.64264;44.69167;     -1.06785;3.54609;6
162.60340;44.69333;     -1.06784;3.54607;6
162.56416;44.69500;     -1.06793;3.54604;6
162.52492;44.69667;     -1.06800;3.54602;6
162.48576;44.69833;     -1.06823;3.54599;6
162.44660;44.70000;     -1.06838;3.54597;6
162.40752;44.70167;     -1.06848;3.54594;6
162.36848;44.70333;     -1.06839;3.54592;6
162.32948;44.70500;     -1.06836;3.54589;6
162.29052;44.70667;     -1.06851;3.54587;6
162.25156;44.70833;     -1.06883;3.54584;6
162.21256;44.71000;     -1.06918;3.54582;6
162.17356;44.71167;     -1.06968;3.54579;6
162.13452;44.71333;     -1.07025;3.54577;6
162.09540;44.71500;     -1.07075;3.54574;6
162.05620;44.71667;     -1.07102;3.54572;6
162.01688;44.71833;     -1.07128;3.54569;6
161.97756;44.72000;     -1.07154;3.54567;6
161.93824;44.72167;     -1.07179;3.54564;6
161.89892;44.72333;     -1.07204;3.54562;6
161.85952;44.72500;     -1.07230;3.54559;6
161.82012;44.72667;     -1.07262;3.54557;6
161.78072;44.72833;     -1.07298;3.54554;6
161.74136;44.73000;     -1.07339;3.54552;6
161.70200;44.73167;     -1.07372;3.54549;6
161.66280;44.73333;     -1.07402;3.54546;6
161.62368;44.73500;     -1.07431;3.54544;6
161.58456;44.73667;     -1.07443;3.54541;6
161.54548;44.73833;     -1.07456;3.54539;6
161.50636;44.74000;     -1.07461;3.54536;6
161.46728;44.74167;     -1.07479;3.54534;6
161.42820;44.74333;     -1.07532;3.54531;6
161.38908;44.74500;     -1.07558;3.54529;6
161.34992;44.74667;     -1.07585;3.54526;6
161.31064;44.74833;     -1.07575;3.54524;6
161.27128;44.75000;     -1.07593;3.54521;6
161.23192;44.75167;     -1.07611;3.54519;6
161.19252;44.75333;     -1.07628;3.54516;6
161.15304;44.75500;     -1.07644;3.54513;6
161.11360;44.75667;     -1.07657;3.54511;6
161.07412;44.75833;     -1.07669;3.54508;6
161.03468;44.76000;     -1.07678;3.54506;6
160.99524;44.76167;     -1.07663;3.54503;6
160.95584;44.76333;     -1.07626;3.54501;6
160.91648;44.76500;     -1.07604;3.54498;6
160.87716;44.76667;     -1.07629;3.54496;6
160.83792;44.76833;     -1.07684;3.54493;6
160.79880;44.77000;     -1.07711;3.54490;6
160.75968;44.77167;     -1.07740;3.54488;6
160.72060;44.77333;     -1.07764;3.54485;6
160.68144;44.77500;     -1.07778;3.54483;6
160.64232;44.77667;     -1.07760;3.54480;6
160.60312;44.77833;     -1.07742;3.54478;6
160.56388;44.78000;     -1.07745;3.54475;6
160.52456;44.78167;     -1.07756;3.54473;6
160.48516;44.78333;     -1.07761;3.54470;6
160.44576;44.78500;     -1.07765;3.54467;6
160.40632;44.78667;     -1.07768;3.54465;6
160.36676;44.78833;     -1.07772;3.54462;6
160.32724;44.79000;     -1.07775;3.54460;6
160.28772;44.79167;     -1.07770;3.54457;6
160.24820;44.79333;     -1.07777;3.54454;6
160.20868;44.79500;     -1.07793;3.54452;6
160.16920;44.79667;     -1.07811;3.54449;6
160.12972;44.79833;     -1.07814;3.54447;6
160.09032;44.80000;     -1.07805;3.54444;6
160.05096;44.80167;     -1.07790;3.54442;6
160.01164;44.80333;     -1.07776;3.54439;6
159.97240;44.80500;     -1.07773;3.54436;6
159.93316;44.80667;     -1.07788;3.54434;6
159.89388;44.80833;     -1.07810;3.54431;6
159.85460;44.81000;     -1.07826;3.54429;6
159.81528;44.81167;     -1.07844;3.54426;6
159.77596;44.81333;     -1.07859;3.54423;6
159.73652;44.81500;     -1.07873;3.54421;6
159.69708;44.81667;     -1.07884;3.54418;6
159.65752;44.81833;     -1.07897;3.54416;6
159.61796;44.82000;     -1.07913;3.54413;6
159.57832;44.82167;     -1.07931;3.54410;6
159.53868;44.82333;     -1.07952;3.54408;6
159.49912;44.82500;     -1.07955;3.54405;6
159.45952;44.82667;     -1.07946;3.54403;6
159.41988;44.82833;     -1.07914;3.54400;6
159.38036;44.83000;     -1.07892;3.54397;6
159.34092;44.83167;     -1.07904;3.54395;6
159.30156;44.83333;     -1.07960;3.54392;6
159.26216;44.83500;     -1.08039;3.54389;6
159.22280;44.83667;     -1.08084;3.54387;6
159.18348;44.83833;     -1.08101;3.54384;6
159.14420;44.84000;     -1.08101;3.54382;6
159.10492;44.84167;     -1.08165;3.54379;6
159.06560;44.84333;     -1.08275;3.54376;6
159.02620;44.84500;     -1.08349;3.54374;6
158.98668;44.84667;     -1.08376;3.54371;6
158.94720;44.84833;     -1.08366;3.54369;6
158.90768;44.85000;     -1.08399;3.54366;6
158.86808;44.85167;     -1.08431;3.54363;6
158.82840;44.85333;     -1.08461;3.54361;6
158.78868;44.85500;     -1.08491;3.54358;6
158.74896;44.85667;     -1.08520;3.54355;6
158.70916;44.85833;     -1.08553;3.54353;6
158.66948;44.86000;     -1.08600;3.54350;6
158.62988;44.86167;     -1.08652;3.54347;6
158.59028;44.86333;     -1.08699;3.54345;6
158.55068;44.86500;     -1.08726;3.54342;6
158.51112;44.86667;     -1.08734;3.54340;6
158.47160;44.86833;     -1.08737;3.54337;6
158.43220;44.87000;     -1.08744;3.54334;6
158.39280;44.87167;     -1.08764;3.54332;6
158.35340;44.87333;     -1.08782;3.54329;6
158.31396;44.87500;     -1.08816;3.54326;6
158.27452;44.87667;     -1.08841;3.54324;6
158.23504;44.87833;     -1.08871;3.54321;6
158.19552;44.88000;     -1.08879;3.54318;6
158.15592;44.88167;     -1.08890;3.54316;6
158.11624;44.88333;     -1.08897;3.54313;6
158.07648;44.88500;     -1.08904;3.54310;6
158.03668;44.88667;     -1.08908;3.54308;6
157.99696;44.88833;     -1.08911;3.54305;6
157.95716;44.89000;     -1.08911;3.54302;6
157.91736;44.89167;     -1.08905;3.54300;6
157.87752;44.89333;     -1.08889;3.54297;6
157.83776;44.89500;     -1.08875;3.54294;6
157.79804;44.89667;     -1.08865;3.54292;6
157.75836;44.89833;     -1.08868;3.54289;6
157.71876;44.90000;     -1.08882;3.54286;6
157.67916;44.90167;     -1.08904;3.54284;6
157.63956;44.90333;     -1.08921;3.54281;6
157.60008;44.90500;     -1.08903;3.54278;6
157.56060;44.90667;     -1.08887;3.54276;6
157.52108;44.90833;     -1.08837;3.54273;6
157.48156;44.91000;     -1.08799;3.54270;6
157.44196;44.91167;     -1.08743;3.54268;6
157.40236;44.91333;     -1.08714;3.54265;6
157.36264;44.91500;     -1.08685;3.54262;6
157.32284;44.91667;     -1.08655;3.54260;6
157.28300;44.91833;     -1.08624;3.54257;6
157.24312;44.92000;     -1.08592;3.54254;6
157.20324;44.92167;     -1.08558;3.54252;6
157.16336;44.92333;     -1.08528;3.54249;6
157.12352;44.92500;     -1.08495;3.54246;6
157.08368;44.92667;     -1.08468;3.54244;6
157.04396;44.92833;     -1.08433;3.54241;6
157.00420;44.93000;     -1.08391;3.54238;6
156.96448;44.93167;     -1.08334;3.54236;6
156.92484;44.93333;     -1.08278;3.54233;6
156.88532;44.93500;     -1.08239;3.54230;6
156.84580;44.93667;     -1.08202;3.54227;6
156.80624;44.93833;     -1.08163;3.54225;6
156.76672;44.94000;     -1.08112;3.54222;6
156.72724;44.94167;     -1.08069;3.54219;6
156.68768;44.94333;     -1.07999;3.54217;6
156.64808;44.94500;     -1.07927;3.54214;6
156.60840;44.94667;     -1.07847;3.54211;6
156.56868;44.94833;     -1.07791;3.54209;6
156.52892;44.95000;     -1.07734;3.54206;6
156.48908;44.95167;     -1.07679;3.54203;6
156.44920;44.95333;     -1.07623;3.54201;6
156.40924;44.95500;     -1.07569;3.54198;6
156.36932;44.95667;     -1.07543;3.54195;6
156.32944;44.95833;     -1.07506;3.54192;6
156.28960;44.96000;     -1.07471;3.54190;6
156.24984;44.96167;     -1.07408;3.54187;6
156.21008;44.96333;     -1.07369;3.54184;6
156.17036;44.96500;     -1.07316;3.54182;6
156.13068;44.96667;     -1.07242;3.54179;6
156.09108;44.96833;     -1.07134;3.54176;6
156.05148;44.97000;     -1.07030;3.54173;6
156.01192;44.97167;     -1.06945;3.54171;6
155.97232;44.97333;     -1.06897;3.54168;6
155.93272;44.97500;     -1.06840;3.54165;6
155.89300;44.97667;     -1.06823;3.54163;6
155.85328;44.97833;     -1.06789;3.54160;6
155.81352;44.98000;     -1.06773;3.54157;6
155.77368;44.98167;     -1.06719;3.54154;6
155.73380;44.98333;     -1.06664;3.54152;6
155.69388;44.98500;     -1.06607;3.54149;6
155.65396;44.98667;     -1.06548;3.54146;6
155.61396;44.98833;     -1.06490;3.54144;6
155.57396;44.99000;     -1.06449;3.54141;6
155.53400;44.99167;     -1.06423;3.54138;6
155.49412;44.99333;     -1.06423;3.54135;6
155.45424;44.99500;     -1.06416;3.54133;6
155.41444;44.99667;     -1.06372;3.54130;6
155.37472;44.99833;     -1.06292;3.54127;6
155.33500;45.00000;     -1.06216;3.54124;6
155.29536;45.00167;     -1.06185;3.54122;6
155.25572;45.00333;     -1.06162;3.54119;6
155.21612;45.00500;     -1.06130;3.54116;6
155.17648;45.00667;     -1.06040;3.54113;6
155.13684;45.00833;     -1.05957;3.54111;6
155.09716;45.01000;     -1.05804;3.54108;6
155.05744;45.01167;     -1.05680;3.54105;6
155.01764;45.01333;     -1.05548;3.54103;6
154.97776;45.01500;     -1.05478;3.54100;6
154.93780;45.01667;     -1.05408;3.54097;6
154.89792;45.01833;     -1.05337;3.54094;6
154.85792;45.02000;     -1.05264;3.54091;6
154.81796;45.02167;     -1.05189;3.54089;6
154.77796;45.02333;     -1.05136;3.54086;6
154.73796;45.02500;     -1.05068;3.54083;6
154.69800;45.02667;     -1.05003;3.54080;6
154.65804;45.02833;     -1.04917;3.54078;6
154.61820;45.03000;     -1.04867;3.54075;6
154.57844;45.03167;     -1.04831;3.54072;6
154.53868;45.03333;     -1.04811;3.54069;6
154.49892;45.03500;     -1.04772;3.54067;6
154.45920;45.03667;     -1.04708;3.54064;6
154.41948;45.03833;     -1.04597;3.54061;6
154.37972;45.04000;     -1.04430;3.54058;6
154.33996;45.04167;     -1.04306;3.54056;6
154.30012;45.04333;     -1.04218;3.54053;6
154.26020;45.04500;     -1.04186;3.54050;6
154.22024;45.04667;     -1.04130;3.54047;6
154.18020;45.04833;     -1.04077;3.54045;6
154.14012;45.05000;     -1.04027;3.54042;6
154.10000;45.05167;     -1.03981;3.54039;6
154.05980;45.05333;     -1.03938;3.54036;6
154.01960;45.05500;     -1.03859;3.54033;6
153.97948;45.05667;     -1.03819;3.54031;6
153.93936;45.05833;     -1.03796;3.54028;6
153.89924;45.06000;     -1.03810;3.54025;6
153.85916;45.06167;     -1.03783;3.54022;6
153.81912;45.06333;     -1.03736;3.54020;6
153.77916;45.06500;     -1.03708;3.54017;6
153.73920;45.06667;     -1.03686;3.54014;6
153.69932;45.06833;     -1.03669;3.54011;6
153.65944;45.07000;     -1.03659;3.54008;6
153.61956;45.07167;     -1.03670;3.54006;6
153.57964;45.07333;     -1.03696;3.54003;6
153.53968;45.07500;     -1.03698;3.54000;6
153.49968;45.07667;     -1.03691;3.53997;6
153.45964;45.07833;     -1.03679;3.53994;6
153.41956;45.08000;     -1.03683;3.53992;6
153.37940;45.08167;     -1.03688;3.53989;6
153.33920;45.08333;     -1.03696;3.53986;6
153.29896;45.08500;     -1.03706;3.53983;6
153.25872;45.08667;     -1.03717;3.53980;6
153.21844;45.08833;     -1.03734;3.53978;6
153.17820;45.09000;     -1.03749;3.53975;6
153.13800;45.09167;     -1.03793;3.53972;6
153.09784;45.09333;     -1.03832;3.53969;6
153.05768;45.09500;     -1.03870;3.53966;6
153.01760;45.09667;     -1.03872;3.53964;6
152.97752;45.09833;     -1.03876;3.53961;6
152.93748;45.10000;     -1.03871;3.53958;6
152.89748;45.10167;     -1.03880;3.53955;6
152.85756;45.10333;     -1.03897;3.53952;6
152.81760;45.10500;     -1.03936;3.53949;6
152.77768;45.10667;     -1.03938;3.53947;6
152.73768;45.10833;     -1.03919;3.53944;6
152.69756;45.11000;     -1.03892;3.53941;6
152.65744;45.11167;     -1.03891;3.53938;6
152.61720;45.11333;     -1.03901;3.53935;6
152.57692;45.11500;     -1.03911;3.53933;6
152.53656;45.11667;     -1.03920;3.53930;6
152.49620;45.11833;     -1.03930;3.53927;6
152.45584;45.12000;     -1.03939;3.53924;6
152.41544;45.12167;     -1.03950;3.53921;6
152.37504;45.12333;     -1.03958;3.53918;6
152.33464;45.12500;     -1.03942;3.53916;6
152.29428;45.12667;     -1.03896;3.53913;6
152.25400;45.12833;     -1.03849;3.53910;6
152.21376;45.13000;     -1.03843;3.53907;6
152.17360;45.13167;     -1.03890;3.53904;6
152.13344;45.13333;     -1.03942;3.53901;6
152.09332;45.13500;     -1.03978;3.53898;6
152.05324;45.13667;     -1.03986;3.53896;6
152.01312;45.13833;     -1.03991;3.53893;6
151.97300;45.14000;     -1.04009;3.53890;6
151.93284;45.14167;     -1.04028;3.53887;6
151.89260;45.14333;     -1.04050;3.53884;6
151.85232;45.14500;     -1.04061;3.53881;6
151.81200;45.14667;     -1.04073;3.53879;6
151.77160;45.14833;     -1.04086;3.53876;6
151.73116;45.15000;     -1.04098;3.53873;6
151.69072;45.15167;     -1.04110;3.53870;6
151.65024;45.15333;     -1.04123;3.53867;6
151.60976;45.15500;     -1.04155;3.53864;6
151.56928;45.15667;     -1.04167;3.53861;6
151.52892;45.15833;     -1.04181;3.53859;6
151.48860;45.16000;     -1.04181;3.53856;6
151.44832;45.16167;     -1.04211;3.53853;6
151.40808;45.16333;     -1.04236;3.53850;6
151.36788;45.16500;     -1.04245;3.53847;6
151.32776;45.16667;     -1.04223;3.53844;6
151.28768;45.16833;     -1.04201;3.53841;6
151.24752;45.17000;     -1.04211;3.53839;6
151.20732;45.17167;     -1.04246;3.53836;6
151.16712;45.17333;     -1.04310;3.53833;6
151.12688;45.17500;     -1.04355;3.53830;6
151.08656;45.17667;     -1.04399;3.53827;6
151.04616;45.17833;     -1.04418;3.53824;6
151.00572;45.18000;     -1.04436;3.53821;6
150.96528;45.18167;     -1.04453;3.53819;6
150.92480;45.18333;     -1.04470;3.53816;6
150.88428;45.18500;     -1.04486;3.53813;6
150.84376;45.18667;     -1.04468;3.53810;6
150.80324;45.18833;     -1.04450;3.53807;6
150.76268;45.19000;     -1.04429;3.53804;6
150.72224;45.19167;     -1.04451;3.53801;6
150.68184;45.19333;     -1.04484;3.53798;6
150.64144;45.19500;     -1.04517;3.53795;6
150.60112;45.19667;     -1.04571;3.53793;6
150.56088;45.19833;     -1.04628;3.53790;6
150.52060;45.20000;     -1.04698;3.53787;6
150.48036;45.20167;     -1.04738;3.53784;6
150.44012;45.20333;     -1.04747;3.53781;6
150.39988;45.20500;     -1.04702;3.53778;6
150.35960;45.20667;     -1.04645;3.53775;6
150.31928;45.20833;     -1.04597;3.53772;6
150.27892;45.21000;     -1.04587;3.53769;6
150.23852;45.21167;     -1.04580;3.53767;6
150.19812;45.21333;     -1.04573;3.53764;6
150.15764;45.21500;     -1.04564;3.53761;6
150.11704;45.21667;     -1.04554;3.53758;6
150.07644;45.21833;     -1.04540;3.53755;6
150.03588;45.22000;     -1.04544;3.53752;6
149.99536;45.22167;     -1.04562;3.53749;6
149.95484;45.22333;     -1.04567;3.53746;6
149.91440;45.22500;     -1.04533;3.53743;6
149.87396;45.22667;     -1.04483;3.53740;6
149.83352;45.22833;     -1.04442;3.53738;6
149.79316;45.23000;     -1.04411;3.53735;6
149.75292;45.23167;     -1.04377;3.53732;6
149.71264;45.23333;     -1.04338;3.53729;6
149.67236;45.23500;     -1.04302;3.53726;6
149.63216;45.23667;     -1.04294;3.53723;6
149.59196;45.23833;     -1.04297;3.53720;6
149.55164;45.24000;     -1.04304;3.53717;6
149.51132;45.24167;     -1.04286;3.53714;6
149.47088;45.24333;     -1.04263;3.53712;6
149.43036;45.24500;     -1.04241;3.53709;6
149.38980;45.24667;     -1.04220;3.53706;6
149.34920;45.24833;     -1.04199;3.53703;6
149.30856;45.25000;     -1.04180;3.53700;6
149.26788;45.25167;     -1.04162;3.53697;6
149.22720;45.25333;     -1.04120;3.53694;6
149.18656;45.25500;     -1.04081;3.53691;6
149.14592;45.25667;     -1.04056;3.53688;6
149.10536;45.25833;     -1.04083;3.53685;6
149.06488;45.26000;     -1.04116;3.53682;6
149.02444;45.26167;     -1.04119;3.53679;6
148.98404;45.26333;     -1.04096;3.53676;6
148.94364;45.26500;     -1.04061;3.53673;6
148.90324;45.26667;     -1.04053;3.53671;6
148.86288;45.26833;     -1.04071;3.53668;6
148.82256;45.27000;     -1.04076;3.53665;6
148.78220;45.27167;     -1.04035;3.53662;6
148.74176;45.27333;     -1.03969;3.53659;6
148.70136;45.27500;     -1.03920;3.53656;6
148.66088;45.27667;     -1.03906;3.53653;6
148.62028;45.27833;     -1.03890;3.53650;6
148.57964;45.28000;     -1.03874;3.53647;6
148.53900;45.28167;     -1.03857;3.53644;6
148.49828;45.28333;     -1.03840;3.53641;6
148.45756;45.28500;     -1.03826;3.53638;6
148.41688;45.28667;     -1.03825;3.53635;6
148.37620;45.28833;     -1.03844;3.53632;6
148.33556;45.29000;     -1.03832;3.53629;6
148.29496;45.29167;     -1.03807;3.53626;6
148.25440;45.29333;     -1.03757;3.53624;6
148.21392;45.29500;     -1.03751;3.53621;6
148.17344;45.29667;     -1.03740;3.53618;6
148.13304;45.29833;     -1.03724;3.53615;6
148.09268;45.30000;     -1.03672;3.53612;6
148.05232;45.30167;     -1.03624;3.53609;6
148.01192;45.30333;     -1.03585;3.53606;6
147.97148;45.30500;     -1.03598;3.53603;6
147.93104;45.30667;     -1.03613;3.53600;6
147.89052;45.30833;     -1.03632;3.53597;6
147.84996;45.31000;     -1.03625;3.53594;6
147.80928;45.31167;     -1.03621;3.53591;6
147.76856;45.31333;     -1.03619;3.53588;6
147.72780;45.31500;     -1.03618;3.53585;6
147.68696;45.31667;     -1.03618;3.53582;6
147.64616;45.31833;     -1.03581;3.53579;6
147.60536;45.32000;     -1.03543;3.53576;6
147.56456;45.32167;     -1.03507;3.53573;6
147.52380;45.32333;     -1.03526;3.53570;6
147.48312;45.32500;     -1.03575;3.53567;6
147.44248;45.32667;     -1.03626;3.53564;6
147.40188;45.32833;     -1.03665;3.53561;6
147.36132;45.33000;     -1.03677;3.53559;6
147.32080;45.33167;     -1.03691;3.53556;6
147.28032;45.33333;     -1.03706;3.53553;6
147.23984;45.33500;     -1.03728;3.53550;6
147.19932;45.33667;     -1.03753;3.53547;6
147.15876;45.33833;     -1.03779;3.53544;6
147.11816;45.34000;     -1.03801;3.53541;6
147.07756;45.34167;     -1.03822;3.53538;6
147.03684;45.34333;     -1.03844;3.53535;6
146.99608;45.34500;     -1.03866;3.53532;6
146.95528;45.34667;     -1.03889;3.53529;6
146.91444;45.34833;     -1.03913;3.53526;6
146.87360;45.35000;     -1.03939;3.53523;6
146.83280;45.35167;     -1.03959;3.53520;6
146.79204;45.35333;     -1.03983;3.53517;6
146.75124;45.35500;     -1.04005;3.53514;6
146.71052;45.35667;     -1.04033;3.53511;6
146.66980;45.35833;     -1.04058;3.53508;6
146.62912;45.36000;     -1.04099;3.53505;6
146.58852;45.36167;     -1.04144;3.53502;6
146.54796;45.36333;     -1.04190;3.53499;6
146.50744;45.36500;     -1.04209;3.53496;6
146.46692;45.36667;     -1.04218;3.53493;6
146.42640;45.36833;     -1.04201;3.53490;6
146.38584;45.37000;     -1.04215;3.53487;6
146.34524;45.37167;     -1.04242;3.53484;6
146.30464;45.37333;     -1.04290;3.53481;6
146.26392;45.37500;     -1.04319;3.53478;6
146.22312;45.37667;     -1.04341;3.53475;6
146.18228;45.37833;     -1.04364;3.53472;6
146.14144;45.38000;     -1.04386;3.53469;6
146.10056;45.38167;     -1.04407;3.53466;6
146.05960;45.38333;     -1.04427;3.53463;6
146.01868;45.38500;     -1.04421;3.53460;6
145.97780;45.38667;     -1.04414;3.53457;6
145.93692;45.38833;     -1.04418;3.53454;6
145.89604;45.39000;     -1.04466;3.53451;6
145.85524;45.39167;     -1.04528;3.53448;6
145.81440;45.39333;     -1.04579;3.53445;6
145.77360;45.39500;     -1.04602;3.53442;6
145.73292;45.39667;     -1.04591;3.53439;6
145.69224;45.39833;     -1.04571;3.53436;6
145.65160;45.40000;     -1.04566;3.53433;6
145.61096;45.40167;     -1.04580;3.53430;6
145.57024;45.40333;     -1.04618;3.53427;6
145.52948;45.40500;     -1.04658;3.53424;6
145.48872;45.40667;     -1.04708;3.53421;6
145.44792;45.40833;     -1.04741;3.53418;6
145.40704;45.41000;     -1.04769;3.53415;6
145.36612;45.41167;     -1.04788;3.53412;6
145.32516;45.41333;     -1.04809;3.53409;6
145.28416;45.41500;     -1.04830;3.53406;6
145.24316;45.41667;     -1.04851;3.53403;6
145.20216;45.41833;     -1.04861;3.53400;6
145.16124;45.42000;     -1.04885;3.53397;6
145.12032;45.42167;     -1.04894;3.53394;6
145.07944;45.42333;     -1.04901;3.53391;6
145.03860;45.42500;     -1.04891;3.53388;6
144.99776;45.42667;     -1.04908;3.53385;6
144.95696;45.42833;     -1.04948;3.53382;6
144.91624;45.43000;     -1.04993;3.53379;6
144.87560;45.43167;     -1.05042;3.53376;6
144.83492;45.43333;     -1.05080;3.53372;6
144.79420;45.43500;     -1.05086;3.53369;6
144.75348;45.43667;     -1.05072;3.53366;6
144.71268;45.43833;     -1.05054;3.53363;6
144.67184;45.44000;     -1.05064;3.53360;6
144.63096;45.44167;     -1.05076;3.53357;6
144.59000;45.44333;     -1.05088;3.53354;6
144.54900;45.44500;     -1.05099;3.53351;6
144.50800;45.44667;     -1.05110;3.53348;6
144.46692;45.44833;     -1.05119;3.53345;6
144.42580;45.45000;     -1.05085;3.53342;6
144.38472;45.45167;     -1.05077;3.53339;6
144.34364;45.45333;     -1.05076;3.53336;6
144.30260;45.45500;     -1.05119;3.53333;6
144.26160;45.45667;     -1.05134;3.53330;6
144.22068;45.45833;     -1.05140;3.53327;6
144.17976;45.46000;     -1.05148;3.53324;6
144.13888;45.46167;     -1.05135;3.53321;6
144.09808;45.46333;     -1.05104;3.53318;6
144.05720;45.46500;     -1.05062;3.53315;6
144.01636;45.46667;     -1.05064;3.53312;6
143.97556;45.46833;     -1.05085;3.53309;6
143.93468;45.47000;     -1.05147;3.53306;6
143.89372;45.47167;     -1.05188;3.53302;6
143.85268;45.47333;     -1.05229;3.53299;6
143.81164;45.47500;     -1.05239;3.53296;6
143.77056;45.47667;     -1.05249;3.53293;6
143.72940;45.47833;     -1.05259;3.53290;6
143.68820;45.48000;     -1.05270;3.53287;6
143.64696;45.48167;     -1.05281;3.53284;6
143.60568;45.48333;     -1.05268;3.53281;6
143.56440;45.48500;     -1.05276;3.53278;6
143.52320;45.48667;     -1.05268;3.53275;6
143.48200;45.48833;     -1.05278;3.53272;6
143.44088;45.49000;     -1.05274;3.53269;6
143.39980;45.49167;     -1.05301;3.53266;6
143.35872;45.49333;     -1.05350;3.53262;6
143.31772;45.49500;     -1.05406;3.53259;6
143.27676;45.49667;     -1.05457;3.53256;6
143.23580;45.49833;     -1.05491;3.53253;6
143.19488;45.50000;     -1.05495;3.53250;6
143.15396;45.50167;     -1.05499;3.53247;6
143.11296;45.50333;     -1.05504;3.53244;6
143.07188;45.50500;     -1.05534;3.53241;6
143.03076;45.50667;     -1.05559;3.53238;6
142.98960;45.50833;     -1.05590;3.53235;6
142.94832;45.51000;     -1.05624;3.53232;6
142.90704;45.51167;     -1.05661;3.53229;6
142.86572;45.51333;     -1.05699;3.53225;6
142.82436;45.51500;     -1.05739;3.53222;6
142.78296;45.51667;     -1.05756;3.53219;6
142.74160;45.51833;     -1.05772;3.53216;6
142.70024;45.52000;     -1.05773;3.53213;6
142.65892;45.52167;     -1.05798;3.53210;6
142.61760;45.52333;     -1.05813;3.53207;6
142.57640;45.52500;     -1.05839;3.53204;6
142.53528;45.52667;     -1.05867;3.53201;6
142.49416;45.52833;     -1.05904;3.53198;6
142.45308;45.53000;     -1.05956;3.53194;6
142.41196;45.53167;     -1.06025;3.53191;6
142.37084;45.53333;     -1.06173;3.53188;6
142.32976;45.53500;     -1.06317;3.53185;6
142.28860;45.53667;     -1.06455;3.53182;6
142.24736;45.53833;     -1.06527;3.53179;6
142.20604;45.54000;     -1.06602;3.53176;6
142.16460;45.54167;     -1.06675;3.53173;6
142.12316;45.54333;     -1.06750;3.53170;6
142.08164;45.54500;     -1.06826;3.53167;6
142.04004;45.54667;     -1.06904;3.53163;6
141.99848;45.54833;     -1.06984;3.53160;6
141.95688;45.55000;     -1.07006;3.53157;6
141.91532;45.55167;     -1.07061;3.53154;6
141.87380;45.55333;     -1.07109;3.53151;6
141.83232;45.55500;     -1.07220;3.53148;6
141.79084;45.55667;     -1.07297;3.53145;6
141.74944;45.55833;     -1.07379;3.53141;6
141.70812;45.56000;     -1.07444;3.53138;6
141.66684;45.56167;     -1.07500;3.53135;6
141.62560;45.56333;     -1.07582;3.53132;6
141.58440;45.56500;     -1.07666;3.53129;6
141.54308;45.56667;     -1.07811;3.53126;6
141.50172;45.56833;     -1.07908;3.53123;6
141.46036;45.57000;     -1.08007;3.53120;6
141.41896;45.57167;     -1.08047;3.53116;6
141.37756;45.57333;     -1.08103;3.53113;6
141.33608;45.57500;     -1.08155;3.53110;6
141.29448;45.57667;     -1.08201;3.53107;6
141.25284;45.57833;     -1.08241;3.53104;6
141.21120;45.58000;     -1.08275;3.53101;6
141.16960;45.58167;     -1.08301;3.53098;6
141.12800;45.58333;     -1.08317;3.53094;6
141.08644;45.58500;     -1.08348;3.53091;6
141.04492;45.58667;     -1.08357;3.53088;6
141.00348;45.58833;     -1.08368;3.53085;6
140.96212;45.59000;     -1.08377;3.53082;6
140.92076;45.59167;     -1.08419;3.53079;6
140.87944;45.59333;     -1.08472;3.53076;6
140.83816;45.59500;     -1.08492;3.53072;6
140.79696;45.59667;     -1.08443;3.53069;6
140.75580;45.59833;     -1.08386;3.53066;6
140.71460;45.60000;     -1.08310;3.53063;6
140.67336;45.60167;     -1.08270;3.53060;6
140.63208;45.60333;     -1.08209;3.53057;6
140.59068;45.60500;     -1.08161;3.53054;6
140.54928;45.60667;     -1.08108;3.53051;6
140.50788;45.60833;     -1.08049;3.53047;6
140.46640;45.61000;     -1.07985;3.53044;6
140.42488;45.61167;     -1.07916;3.53041;6
140.38328;45.61333;     -1.07841;3.53038;6
140.34164;45.61500;     -1.07811;3.53035;6
140.30008;45.61667;     -1.07724;3.53032;6
140.25856;45.61833;     -1.07666;3.53028;6
140.21716;45.62000;     -1.07525;3.53025;6
140.17580;45.62167;     -1.07419;3.53022;6
140.13444;45.62333;     -1.07281;3.53019;6
140.09312;45.62500;     -1.07189;3.53016;6
140.05180;45.62667;     -1.07126;3.53013;6
140.01056;45.62833;     -1.07076;3.53010;6
139.96932;45.63000;     -1.07015;3.53006;6
139.92804;45.63167;     -1.06961;3.53003;6
139.88680;45.63333;     -1.06868;3.53000;6
139.84556;45.63500;     -1.06733;3.52997;6
139.80428;45.63667;     -1.06575;3.52994;6
139.76288;45.63833;     -1.06440;3.52991;6
139.72144;45.64000;     -1.06340;3.52987;6
139.67992;45.64167;     -1.06244;3.52984;6
139.63832;45.64333;     -1.06150;3.52981;6
139.59672;45.64500;     -1.06060;3.52978;6
139.55520;45.64667;     -1.05973;3.52975;6
139.51360;45.64833;     -1.05865;3.52972;6
139.47196;45.65000;     -1.05741;3.52968;6
139.43044;45.65167;     -1.05647;3.52965;6
139.38896;45.65333;     -1.05598;3.52962;6
139.34756;45.65500;     -1.05581;3.52959;6
139.30624;45.65667;     -1.05538;3.52956;6
139.26492;45.65833;     -1.05481;3.52953;6
139.22364;45.66000;     -1.05417;3.52949;6
139.18236;45.66167;     -1.05337;3.52946;6
139.14108;45.66333;     -1.05237;3.52943;6
139.09980;45.66500;     -1.05147;3.52940;6
139.05852;45.66667;     -1.05062;3.52937;6
139.01724;45.66833;     -1.05023;3.52934;6
138.97592;45.67000;     -1.04981;3.52930;6
138.93452;45.67167;     -1.04957;3.52927;6
138.89308;45.67333;     -1.04910;3.52924;6
138.85156;45.67500;     -1.04866;3.52921;6
138.80996;45.67667;     -1.04824;3.52918;6
138.76836;45.67833;     -1.04785;3.52915;6
138.72676;45.68000;     -1.04753;3.52911;6
138.68508;45.68167;     -1.04765;3.52908;6
138.64344;45.68333;     -1.04797;3.52905;6
138.60192;45.68500;     -1.04863;3.52902;6
138.56044;45.68667;     -1.04854;3.52899;6
138.51892;45.68833;     -1.04802;3.52895;6
138.47748;45.69000;     -1.04727;3.52892;6
138.43616;45.69167;     -1.04676;3.52889;6
138.39484;45.69333;     -1.04641;3.52886;6
138.35352;45.69500;     -1.04598;3.52883;6
138.31220;45.69667;     -1.04590;3.52880;6
138.27084;45.69833;     -1.04587;3.52876;6
138.22948;45.70000;     -1.04560;3.52873;6
138.18808;45.70167;     -1.04509;3.52870;6
138.14664;45.70333;     -1.04470;3.52867;6
138.10512;45.70500;     -1.04457;3.52864;6
138.06352;45.70667;     -1.04449;3.52860;6
138.02188;45.70833;     -1.04444;3.52857;6
137.98016;45.71000;     -1.04442;3.52854;6
137.93836;45.71167;     -1.04440;3.52851;6
137.89664;45.71333;     -1.04412;3.52848;6
137.85492;45.71500;     -1.04395;3.52844;6
137.81320;45.71667;     -1.04372;3.52841;6
137.77156;45.71833;     -1.04396;3.52838;6
137.72988;45.72000;     -1.04419;3.52835;6
137.68824;45.72167;     -1.04457;3.52832;6
137.64676;45.72333;     -1.04465;3.52828;6
137.60532;45.72500;     -1.04457;3.52825;6
137.56384;45.72667;     -1.04450;3.52822;6
137.52240;45.72833;     -1.04474;3.52819;6
137.48100;45.73000;     -1.04512;3.52816;6
137.43956;45.73167;     -1.04534;3.52812;6
137.39804;45.73333;     -1.04561;3.52809;6
137.35644;45.73500;     -1.04591;3.52806;6
137.31484;45.73667;     -1.04636;3.52803;6
137.27320;45.73833;     -1.04667;3.52799;6
137.23144;45.74000;     -1.04700;3.52796;6
137.18964;45.74167;     -1.04734;3.52793;6
137.14780;45.74333;     -1.04771;3.52790;6
137.10588;45.74500;     -1.04809;3.52787;6
137.06400;45.74667;     -1.04827;3.52783;6
137.02212;45.74833;     -1.04856;3.52780;6
136.98024;45.75000;     -1.04903;3.52777;6
136.93840;45.75167;     -1.04971;3.52774;6
136.89664;45.75333;     -1.05025;3.52770;6
136.85484;45.75500;     -1.05051;3.52767;6
136.81312;45.75667;     -1.05079;3.52764;6
136.77152;45.75833;     -1.05126;3.52761;6
136.72996;45.76000;     -1.05213;3.52758;6
136.68840;45.76167;     -1.05301;3.52754;6
136.64688;45.76333;     -1.05325;3.52751;6
136.60528;45.76500;     -1.05325;3.52748;6
136.56364;45.76667;     -1.05334;3.52745;6
136.52200;45.76833;     -1.05392;3.52741;6
136.48028;45.77000;     -1.05444;3.52738;6
136.43848;45.77167;     -1.05484;3.52735;6
136.39660;45.77333;     -1.05522;3.52732;6
136.35472;45.77500;     -1.05558;3.52728;6
136.31284;45.77667;     -1.05593;3.52725;6
136.27084;45.77833;     -1.05625;3.52722;6
136.22884;45.78000;     -1.05692;3.52719;6
136.18692;45.78167;     -1.05746;3.52715;6
136.14500;45.78333;     -1.05795;3.52712;6
136.10316;45.78500;     -1.05826;3.52709;6
136.06140;45.78667;     -1.05873;3.52706;6
136.01964;45.78833;     -1.05911;3.52702;6
135.97800;45.79000;     -1.05903;3.52699;6
135.93640;45.79167;     -1.05861;3.52696;6
135.89480;45.79333;     -1.05833;3.52693;6
135.85324;45.79500;     -1.05835;3.52690;6
135.81164;45.79667;     -1.05858;3.52686;6
135.76996;45.79833;     -1.05875;3.52683;6
135.72828;45.80000;     -1.05921;3.52680;6
135.68648;45.80167;     -1.05982;3.52677;6
135.64464;45.80333;     -1.06049;3.52673;6
135.60272;45.80500;     -1.06084;3.52670;6
135.56076;45.80667;     -1.06110;3.52667;6
135.51876;45.80833;     -1.06136;3.52664;6
135.47672;45.81000;     -1.06162;3.52660;6
135.43468;45.81167;     -1.06189;3.52657;6
135.39260;45.81333;     -1.06180;3.52654;6
135.35060;45.81500;     -1.06117;3.52650;6
135.30864;45.81667;     -1.06048;3.52647;6
135.26664;45.81833;     -1.06047;3.52644;6
135.22476;45.82000;     -1.06123;3.52641;6
135.18292;45.82167;     -1.06221;3.52637;6
135.14116;45.82333;     -1.06289;3.52634;6
135.09944;45.82500;     -1.06348;3.52631;6
135.05772;45.82667;     -1.06414;3.52628;6
135.01600;45.82833;     -1.06486;3.52624;6
134.97428;45.83000;     -1.06532;3.52621;6
134.93248;45.83167;     -1.06514;3.52618;6
134.89064;45.83333;     -1.06486;3.52615;6
134.84880;45.83500;     -1.06465;3.52611;6
134.80688;45.83667;     -1.06479;3.52608;6
134.76496;45.83833;     -1.06493;3.52605;6
134.72296;45.84000;     -1.06507;3.52601;6
134.68084;45.84167;     -1.06519;3.52598;6
134.63880;45.84333;     -1.06528;3.52595;6
134.59676;45.84500;     -1.06552;3.52592;6
134.55468;45.84667;     -1.06585;3.52588;6
134.51260;45.84833;     -1.06607;3.52585;6
134.47064;45.85000;     -1.06601;3.52582;6
134.42872;45.85167;     -1.06580;3.52579;6
134.38676;45.85333;     -1.06566;3.52575;6
134.34496;45.85500;     -1.06552;3.52572;6
134.30316;45.85667;     -1.06517;3.52569;6
134.26136;45.85833;     -1.06454;3.52565;6
134.21968;45.86000;     -1.06392;3.52562;6
134.17796;45.86167;     -1.06360;3.52559;6
134.13624;45.86333;     -1.06380;3.52556;6
134.09444;45.86500;     -1.06411;3.52552;6
134.05256;45.86667;     -1.06426;3.52549;6
134.01064;45.86833;     -1.06409;3.52546;6
133.96868;45.87000;     -1.06381;3.52543;6
133.92668;45.87167;     -1.06352;3.52539;6
133.88464;45.87333;     -1.06322;3.52536;6
133.84256;45.87500;     -1.06290;3.52533;6
133.80044;45.87667;     -1.06258;3.52529;6
133.75828;45.87833;     -1.06244;3.52526;6
133.71620;45.88000;     -1.06253;3.52523;6
133.67420;45.88167;     -1.06245;3.52519;6
133.63224;45.88333;     -1.06221;3.52516;6
133.59024;45.88500;     -1.06160;3.52513;6
133.54828;45.88667;     -1.06102;3.52510;6
133.50636;45.88833;     -1.06049;3.52506;6
133.46452;45.89000;     -1.06016;3.52503;6
133.42268;45.89167;     -1.05998;3.52500;6
133.38076;45.89333;     -1.05973;3.52496;6
133.33888;45.89500;     -1.05938;3.52493;6
133.29696;45.89667;     -1.05916;3.52490;6
133.25504;45.89833;     -1.05872;3.52487;6
133.21308;45.90000;     -1.05827;3.52483;6
133.17104;45.90167;     -1.05770;3.52480;6
133.12896;45.90333;     -1.05734;3.52477;6
133.08684;45.90500;     -1.05700;3.52473;6
133.04468;45.90667;     -1.05666;3.52470;6
133.00248;45.90833;     -1.05632;3.52467;6
132.96028;45.91000;     -1.05597;3.52463;6
132.91808;45.91167;     -1.05538;3.52460;6
132.87588;45.91333;     -1.05495;3.52457;6
132.83376;45.91500;     -1.05441;3.52453;6
132.79164;45.91667;     -1.05416;3.52450;6
132.74956;45.91833;     -1.05385;3.52447;6
132.70756;45.92000;     -1.05392;3.52444;6
132.66556;45.92167;     -1.05424;3.52440;6
132.62356;45.92333;     -1.05456;3.52437;6
132.58160;45.92500;     -1.05451;3.52434;6
132.53964;45.92667;     -1.05419;3.52430;6
132.49772;45.92833;     -1.05349;3.52427;6
132.45580;45.93000;     -1.05290;3.52424;6
132.41384;45.93167;     -1.05168;3.52420;6
132.37180;45.93333;     -1.05074;3.52417;6
132.32976;45.93500;     -1.04975;3.52414;6
132.28768;45.93667;     -1.04932;3.52410;6
132.24552;45.93833;     -1.04889;3.52407;6
132.20332;45.94000;     -1.04844;3.52404;6
132.16108;45.94167;     -1.04798;3.52400;6
132.11880;45.94333;     -1.04752;3.52397;6
132.07652;45.94500;     -1.04731;3.52394;6
132.03428;45.94667;     -1.04747;3.52390;6
131.99204;45.94833;     -1.04760;3.52387;6
131.94988;45.95000;     -1.04740;3.52384;6
131.90772;45.95167;     -1.04669;3.52380;6
131.86556;45.95333;     -1.04573;3.52377;6
131.82344;45.95500;     -1.04461;3.52374;6
131.78128;45.95667;     -1.04349;3.52371;6
131.73924;45.95833;     -1.04269;3.52367;6
131.69724;45.96000;     -1.04239;3.52364;6
131.65520;45.96167;     -1.04261;3.52361;6
131.61316;45.96333;     -1.04259;3.52357;6
131.57108;45.96500;     -1.04235;3.52354;6
131.52896;45.96667;     -1.04173;3.52351;6
131.48680;45.96833;     -1.04130;3.52347;6
131.44452;45.97000;     -1.04087;3.52344;6
131.40224;45.97167;     -1.04046;3.52341;6
131.35992;45.97333;     -1.04008;3.52337;6
131.31756;45.97500;     -1.03974;3.52334;6
131.27516;45.97667;     -1.03943;3.52331;6
131.23284;45.97833;     -1.03894;3.52327;6
131.19056;45.98000;     -1.03884;3.52324;6
131.14824;45.98167;     -1.03876;3.52321;6
131.10596;45.98333;     -1.03886;3.52317;6
131.06372;45.98500;     -1.03856;3.52314;6
131.02156;45.98667;     -1.03823;3.52310;6
130.97940;45.98833;     -1.03810;3.52307;6
130.93728;45.99000;     -1.03821;3.52304;6
130.89520;45.99167;     -1.03845;3.52300;6
130.85316;45.99333;     -1.03829;3.52297;6
130.81112;45.99500;     -1.03770;3.52294;6
130.76908;45.99667;     -1.03664;3.52290;6
130.72708;45.99833;     -1.03582;3.52287;6
130.68500;46.00000;     -1.03522;3.52284;6
130.64280;46.00167;     -1.03497;3.52280;6
130.60052;46.00333;     -1.03472;3.52277;6
130.55812;46.00500;     -1.03447;3.52274;6
130.51576;46.00667;     -1.03421;3.52270;6
130.47332;46.00833;     -1.03394;3.52267;6
130.43088;46.01000;     -1.03331;3.52264;6
130.38852;46.01167;     -1.03277;3.52260;6
130.34616;46.01333;     -1.03262;3.52257;6
130.30380;46.01500;     -1.03324;3.52254;6
130.26148;46.01667;     -1.03386;3.52250;6
130.21924;46.01833;     -1.03411;3.52247;6
130.17700;46.02000;     -1.03375;3.52244;6
130.13484;46.02167;     -1.03307;3.52240;6
130.09276;46.02333;     -1.03224;3.52237;6
130.05072;46.02500;     -1.03156;3.52233;6
130.00864;46.02667;     -1.03077;3.52230;6
129.96652;46.02833;     -1.03042;3.52227;6
129.92436;46.03000;     -1.03051;3.52223;6
129.88216;46.03167;     -1.03099;3.52220;6
129.83988;46.03333;     -1.03123;3.52217;6
129.79756;46.03500;     -1.03117;3.52213;6
129.75520;46.03667;     -1.03114;3.52210;6
129.71276;46.03833;     -1.03114;3.52207;6
129.67028;46.04000;     -1.03116;3.52203;6
129.62768;46.04167;     -1.03122;3.52200;6
129.58512;46.04333;     -1.03113;3.52196;6
129.54264;46.04500;     -1.03105;3.52193;6
129.50020;46.04667;     -1.03119;3.52190;6
129.45776;46.04833;     -1.03152;3.52186;6
129.41548;46.05000;     -1.03186;3.52183;6
129.37324;46.05167;     -1.03193;3.52180;6
129.33100;46.05333;     -1.03190;3.52176;6
129.28880;46.05500;     -1.03196;3.52173;6
129.24664;46.05667;     -1.03244;3.52170;6
129.20448;46.05833;     -1.03336;3.52166;6
129.16236;46.06000;     -1.03401;3.52163;6
129.12020;46.06167;     -1.03423;3.52159;6
129.07792;46.06333;     -1.03403;3.52156;6
129.03560;46.06500;     -1.03405;3.52153;6
128.99324;46.06667;     -1.03421;3.52149;6
128.95088;46.06833;     -1.03452;3.52146;6
128.90844;46.07000;     -1.03486;3.52143;6
128.86596;46.07167;     -1.03521;3.52139;6
128.82340;46.07333;     -1.03555;3.52136;6
128.78084;46.07500;     -1.03589;3.52132;6
128.73828;46.07667;     -1.03634;3.52129;6
128.69576;46.07833;     -1.03711;3.52126;6
128.65332;46.08000;     -1.03783;3.52122;6
128.61080;46.08167;     -1.03822;3.52119;6
128.56840;46.08333;     -1.03810;3.52115;6
128.52608;46.08500;     -1.03802;3.52112;6
128.48376;46.08667;     -1.03813;3.52109;6
128.44152;46.08833;     -1.03835;3.52105;6
128.39928;46.09000;     -1.03843;3.52102;6
128.35696;46.09167;     -1.03856;3.52099;6
128.31460;46.09333;     -1.03896;3.52095;6
128.27224;46.09500;     -1.03959;3.52092;6
128.22988;46.09667;     -1.04036;3.52088;6
128.18748;46.09833;     -1.04091;3.52085;6
128.14500;46.10000;     -1.04138;3.52082;6
128.10248;46.10167;     -1.04170;3.52078;6
128.05992;46.10333;     -1.04199;3.52075;6
128.01728;46.10500;     -1.04228;3.52071;6
127.97464;46.10667;     -1.04254;3.52068;6
127.93196;46.10833;     -1.04257;3.52065;6
127.88928;46.11000;     -1.04252;3.52061;6
127.84664;46.11167;     -1.04259;3.52058;6
127.80404;46.11333;     -1.04304;3.52054;6
127.76156;46.11500;     -1.04367;3.52051;6
127.71916;46.11667;     -1.04414;3.52048;6
127.67672;46.11833;     -1.04452;3.52044;6
127.63428;46.12000;     -1.04491;3.52041;6
127.59188;46.12167;     -1.04543;3.52037;6
127.54952;46.12333;     -1.04603;3.52034;6
127.50716;46.12500;     -1.04649;3.52031;6
127.46480;46.12667;     -1.04631;3.52027;6
127.42240;46.12833;     -1.04539;3.52024;6
127.37992;46.13000;     -1.04439;3.52020;6
127.33744;46.13167;     -1.04382;3.52017;6
127.29488;46.13333;     -1.04374;3.52014;6
127.25232;46.13500;     -1.04364;3.52010;6
127.20972;46.13667;     -1.04351;3.52007;6
127.16700;46.13833;     -1.04336;3.52003;6
127.12428;46.14000;     -1.04320;3.52000;6
127.08156;46.14167;     -1.04344;3.51997;6
127.03884;46.14333;     -1.04368;3.51993;6
126.99612;46.14500;     -1.04393;3.51990;6
126.95348;46.14667;     -1.04357;3.51986;6
126.91088;46.14833;     -1.04293;3.51983;6
126.86832;46.15000;     -1.04226;3.51979;6
126.82580;46.15167;     -1.04171;3.51976;6
126.78332;46.15333;     -1.04135;3.51973;6
126.74084;46.15500;     -1.04088;3.51969;6
126.69840;46.15667;     -1.04030;3.51966;6
126.65592;46.15833;     -1.03976;3.51962;6
126.61348;46.16000;     -1.03912;3.51959;6
126.57104;46.16167;     -1.03940;3.51956;6
126.52852;46.16333;     -1.03984;3.51952;6
126.48596;46.16500;     -1.04055;3.51949;6
126.44332;46.16667;     -1.04055;3.51945;6
126.40064;46.16833;     -1.04052;3.51942;6
126.35792;46.17000;     -1.04052;3.51938;6
126.31516;46.17167;     -1.04055;3.51935;6
126.27232;46.17333;     -1.04063;3.51932;6
126.22952;46.17500;     -1.04063;3.51928;6
126.18676;46.17667;     -1.04065;3.51925;6
126.14400;46.17833;     -1.04069;3.51921;6
126.10124;46.18000;     -1.04096;3.51918;6
126.05852;46.18167;     -1.04126;3.51914;6
126.01588;46.18333;     -1.04154;3.51911;6
125.97324;46.18500;     -1.04173;3.51907;6
125.93068;46.18667;     -1.04203;3.51904;6
125.88816;46.18833;     -1.04245;3.51901;6
125.84560;46.19000;     -1.04286;3.51897;6
125.80300;46.19167;     -1.04323;3.51894;6
125.76036;46.19333;     -1.04383;3.51890;6
125.71768;46.19500;     -1.04432;3.51887;6
125.67500;46.19667;     -1.04481;3.51884;6
125.63220;46.19833;     -1.04509;3.51880;6
125.58936;46.20000;     -1.04556;3.51877;6
125.54652;46.20167;     -1.04604;3.51873;6
125.50360;46.20333;     -1.04652;3.51870;6
125.46064;46.20500;     -1.04701;3.51866;6
125.41768;46.20667;     -1.04749;3.51863;6
125.37476;46.20833;     -1.04779;3.51859;6
125.33184;46.21000;     -1.04782;3.51856;6
125.28896;46.21167;     -1.04811;3.51852;6
125.24612;46.21333;     -1.04885;3.51849;6
125.20332;46.21500;     -1.04986;3.51845;6
125.16056;46.21667;     -1.05046;3.51842;6
125.11780;46.21833;     -1.05070;3.51839;6
125.07508;46.22000;     -1.05110;3.51835;6
125.03248;46.22167;     -1.05183;3.51832;6
124.98988;46.22333;     -1.05265;3.51828;6
124.94724;46.22500;     -1.05315;3.51825;6
124.90456;46.22667;     -1.05322;3.51821;6
124.86180;46.22833;     -1.05323;3.51818;6
124.81896;46.23000;     -1.05333;3.51815;6
124.77612;46.23167;     -1.05362;3.51811;6
124.73324;46.23333;     -1.05388;3.51808;6
124.69036;46.23500;     -1.05412;3.51804;6
124.64748;46.23667;     -1.05434;3.51801;6
124.60452;46.23833;     -1.05453;3.51797;6
124.56160;46.24000;     -1.05470;3.51794;6
124.51868;46.24167;     -1.05508;3.51790;6
124.47568;46.24333;     -1.05522;3.51787;6
124.43272;46.24500;     -1.05534;3.51783;6
124.38984;46.24667;     -1.05522;3.51780;6
124.34708;46.24833;     -1.05532;3.51776;6
124.30432;46.25000;     -1.05559;3.51773;6
124.26152;46.25167;     -1.05594;3.51770;6
124.21880;46.25333;     -1.05620;3.51766;6
124.17612;46.25500;     -1.05621;3.51763;6
124.13348;46.25667;     -1.05611;3.51759;6
124.09080;46.25833;     -1.05590;3.51756;6
124.04808;46.26000;     -1.05578;3.51752;6
124.00532;46.26167;     -1.05566;3.51749;6
123.96244;46.26333;     -1.05568;3.51745;6
123.91952;46.26500;     -1.05567;3.51742;6
123.87660;46.26667;     -1.05568;3.51738;6
123.83364;46.26833;     -1.05570;3.51735;6
123.79064;46.27000;     -1.05574;3.51731;6
123.74764;46.27167;     -1.05578;3.51728;6
123.70464;46.27333;     -1.05543;3.51724;6
123.66164;46.27500;     -1.05491;3.51721;6
123.61864;46.27667;     -1.05439;3.51717;6
123.57568;46.27833;     -1.05443;3.51714;6
123.53272;46.28000;     -1.05470;3.51711;6
123.48980;46.28167;     -1.05511;3.51707;6
123.44692;46.28333;     -1.05552;3.51704;6
123.40412;46.28500;     -1.05606;3.51700;6
123.36132;46.28667;     -1.05652;3.51697;6
123.31852;46.28833;     -1.05689;3.51693;6
123.27572;46.29000;     -1.05695;3.51690;6
123.23296;46.29167;     -1.05711;3.51686;6
123.19020;46.29333;     -1.05764;3.51683;6
123.14732;46.29500;     -1.05841;3.51679;6
123.10440;46.29667;     -1.05886;3.51676;6
123.06140;46.29833;     -1.05875;3.51672;6
123.01832;46.30000;     -1.05853;3.51669;6
122.97520;46.30167;     -1.05849;3.51665;6
122.93208;46.30333;     -1.05871;3.51662;6
122.88900;46.30500;     -1.05898;3.51658;6
122.84588;46.30667;     -1.06007;3.51655;6
122.80272;46.30833;     -1.06087;3.51651;6
122.75960;46.31000;     -1.06169;3.51648;6
122.71652;46.31167;     -1.06222;3.51644;6
122.67352;46.31333;     -1.06366;3.51641;6
122.63056;46.31500;     -1.06531;3.51637;6
122.58764;46.31667;     -1.06623;3.51634;6
122.54476;46.31833;     -1.06639;3.51630;6
122.50188;46.32000;     -1.06657;3.51627;6
122.45908;46.32167;     -1.06737;3.51624;6
122.41624;46.32333;     -1.06794;3.51620;6
122.37340;46.32500;     -1.06825;3.51617;6
122.33048;46.32667;     -1.06825;3.51613;6
122.28748;46.32833;     -1.06863;3.51610;6
122.24444;46.33000;     -1.06926;3.51606;6
122.20132;46.33167;     -1.07008;3.51603;6
122.15812;46.33333;     -1.07087;3.51599;6
122.11488;46.33500;     -1.07155;3.51596;6
122.07164;46.33667;     -1.07198;3.51592;6
122.02840;46.33833;     -1.07231;3.51588;6
121.98516;46.34000;     -1.07255;3.51585;6
121.94200;46.34167;     -1.07270;3.51581;6
121.89888;46.34333;     -1.07244;3.51578;6
121.85572;46.34500;     -1.07174;3.51574;6
121.81256;46.34667;     -1.07084;3.51571;6
121.76952;46.34833;     -1.07013;3.51567;6
121.72660;46.35000;     -1.06972;3.51564;6
121.68368;46.35167;     -1.06947;3.51560;6
121.64072;46.35333;     -1.06899;3.51557;6
121.59776;46.35500;     -1.06828;3.51554;6
121.55480;46.35667;     -1.06769;3.51550;6
121.51184;46.35833;     -1.06760;3.51547;6
121.46884;46.36000;     -1.06796;3.51543;6
121.42580;46.36167;     -1.06811;3.51540;6
121.38272;46.36333;     -1.06777;3.51536;6
121.33960;46.36500;     -1.06705;3.51532;6
121.29632;46.36667;     -1.06640;3.51529;6
121.25308;46.36833;     -1.06593;3.51525;6
121.20988;46.37000;     -1.06578;3.51522;6
121.16664;46.37167;     -1.06572;3.51518;6
121.12336;46.37333;     -1.06586;3.51515;6
121.08012;46.37500;     -1.06613;3.51511;6
121.03709;46.37667;     -1.06676;3.51508;6
120.99414;46.37833;     -1.06759;3.51504;6
120.95126;46.38000;     -1.06832;3.51501;6
120.90853;46.38167;     -1.06900;3.51497;6
120.86547;46.38333;     -1.06978;3.51494;6
120.82231;46.38500;     -1.07094;3.51490;6
120.77891;46.38667;     -1.07204;3.51487;6
120.73522;46.38833;     -1.07299;3.51483;6
120.69114;46.39000;     -1.07370;3.51480;6
120.64720;46.39167;     -1.07425;3.51476;6
120.60333;46.39333;     -1.07457;3.51473;6
120.56000;46.39500;     -1.07472;3.51469;6
120.47500;46.39833;     -1.07546;3.51462;7
120.38967;46.40167;     -1.08232;3.51455;7
120.30440;46.40500;     -1.08716;3.51448;7
120.21771;46.40833;     -1.09010;3.51441;7
120.13067;46.41167;     -1.09119;3.51434;7
120.04382;46.41500;     -1.09135;3.51427;7
119.95739;46.41833;     -1.09019;3.51420;7
119.87133;46.42167;     -1.09058;3.51413;7
119.78500;46.42500;     -1.09192;3.51406;7
119.69859;46.42833;     -1.09399;3.51399;7
119.61194;46.43167;     -1.09526;3.51392;7
119.52524;46.43500;     -1.09642;3.51385;7
119.43841;46.43833;     -1.09805;3.51377;7
119.35171;46.44167;     -1.10035;3.51370;7
119.26518;46.44500;     -1.10237;3.51363;7
119.17876;46.44833;     -1.10454;3.51356;7
119.09247;46.45167;     -1.10653;3.51349;7
119.00624;46.45500;     -1.10927;3.51342;7
118.91988;46.45833;     -1.11226;3.51335;7
118.83341;46.46167;     -1.11542;3.51328;7
118.74671;46.46500;     -1.11920;3.51321;7
118.66006;46.46833;     -1.12330;3.51314;7
118.57324;46.47167;     -1.12727;3.51307;7
118.48647;46.47500;     -1.13146;3.51300;7
118.39988;46.47833;     -1.13533;3.51292;7
118.31335;46.48167;     -1.14038;3.51285;7
118.22688;46.48500;     -1.14623;3.51278;7
118.14053;46.48833;     -1.15488;3.51271;7
118.05412;46.49167;     -1.16546;3.51264;7
117.96759;46.49500;     -1.17811;3.51257;7
117.88076;46.49833;     -1.18705;3.51250;7
117.79394;46.50167;     -1.19430;3.51243;7
117.70712;46.50500;     -1.20161;3.51236;7
117.62029;46.50833;     -1.21280;3.51229;7
117.53353;46.51167;     -1.22624;3.51221;7
117.44694;46.51500;     -1.23837;3.51214;7
117.36041;46.51833;     -1.25501;3.51207;7
117.27388;46.52167;     -1.27446;3.51200;7
117.18712;46.52500;     -1.30228;3.51193;7
117.10035;46.52833;     -1.32907;3.51186;7
117.01347;46.53167;     -1.35650;3.51179;7
116.92641;46.53500;     -1.37359;3.51172;7
116.83935;46.53833;     -1.39060;3.51164;7
116.75241;46.54167;     -1.40836;3.51157;7
116.66553;46.54500;     -1.43498;3.51150;7
116.57882;46.54833;     -1.46426;3.51143;7
116.49218;46.55167;     -1.50027;3.51136;7
116.40571;46.55500;     -1.53548;3.51129;7
116.31900;46.55833;     -1.57156;3.51122;7
116.23218;46.56167;     -1.60643;3.51115;7
116.14512;46.56500;     -1.64707;3.51107;7
116.05812;46.56833;     -1.69439;3.51100;7
115.97100;46.57167;     -1.74843;3.51093;7
115.88394;46.57500;     -1.80594;3.51086;7
115.79712;46.57833;     -1.86530;3.51079;7
115.71047;46.58167;     -1.92308;3.51072;7
115.62376;46.58500;     -1.98264;3.51064;7
115.53700;46.58833;     -2.04440;3.51057;7
115.45024;46.59167;     -2.11096;3.51050;7
115.36329;46.59500;     -2.18272;3.51043;7
115.27606;46.59833;     -2.26000;3.51036;7
115.18888;46.60167;     -2.34169;3.51029;7
115.10165;46.60500;     -2.42782;3.51021;7
115.01453;46.60833;     -2.51787;3.51014;7
114.92741;46.61167;     -2.61059;3.51007;7
114.84053;46.61500;     -2.70489;3.51000;7
114.75365;46.61833;     -2.80087;3.50993;7
114.66682;46.62167;     -2.90027;3.50986;7
114.57976;46.62500;     -3.00417;3.50978;7
114.49265;46.62833;     -3.11231;3.50971;7
114.40535;46.63167;     -3.22317;3.50964;7
114.31794;46.63500;     -3.33645;3.50957;7
114.23053;46.63833;     -3.45200;3.50950;7
114.14324;46.64167;     -3.57019;3.50942;7
114.05606;46.64500;     -3.69015;3.50935;7
113.96906;46.64833;     -3.81141;3.50928;7
113.88206;46.65167;     -3.93314;3.50921;7
113.79518;46.65500;     -4.05509;3.50914;7
113.70806;46.65833;     -4.17753;3.50906;7
113.62082;46.66167;     -4.30083;3.50899;7
113.53335;46.66500;     -4.42505;3.50892;7
113.44588;46.66833;     -4.55337;3.50885;7
113.35835;46.67167;     -4.68174;3.50878;7
113.27082;46.67500;     -4.80821;3.50870;7
113.18347;46.67833;     -4.92707;3.50863;7
113.09623;46.68167;     -5.04621;3.50856;7
113.00912;46.68500;     -5.16941;3.50849;7
112.92188;46.68833;     -5.33219;3.50842;7
112.83453;46.69167;     -5.48836;3.50834;7
112.74700;46.69500;     -5.63414;3.50827;7
112.65935;46.69833;     -5.70221;3.50820;7
112.57159;46.70167;     -5.75867;3.50813;7
112.48376;46.70500;     -5.81374;3.50805;7
112.39612;46.70833;     -5.89815;3.50798;7
112.30847;46.71167;     -5.98568;3.50791;7
112.22094;46.71500;     -6.06884;3.50784;7
112.13341;46.71833;     -6.15362;3.50776;7
112.04582;46.72167;     -6.22475;3.50769;7
111.95806;46.72500;     -6.27869;3.50762;7
111.87012;46.72833;     -6.30970;3.50754;7
111.78212;46.73167;     -6.33199;3.50747;7
111.69400;46.73500;     -6.34505;3.50740;7
111.60588;46.73833;     -6.34946;3.50733;7
111.51776;46.74167;     -6.34640;3.50725;7
111.42976;46.74500;     -6.33741;3.50718;7
111.34188;46.74833;     -6.32230;3.50711;7
111.25400;46.75167;     -6.30082;3.50703;7
111.16594;46.75500;     -6.27391;3.50696;7
111.07782;46.75833;     -6.24177;3.50689;7
110.98953;46.76167;     -6.20445;3.50681;7
110.90106;46.76500;     -6.16095;3.50674;7
110.81259;46.76833;     -6.11269;3.50667;7
110.72418;46.77167;     -6.04405;3.50659;7
110.63582;46.77500;     -5.96967;3.50652;7
110.54765;46.77833;     -5.89102;3.50645;7
110.45953;46.78167;     -5.82717;3.50638;7
110.37141;46.78500;     -5.76357;3.50630;7
110.28318;46.78833;     -5.69754;3.50623;7
110.19488;46.79167;     -5.62719;3.50616;7
110.10635;46.79500;     -5.55348;3.50608;7
110.01776;46.79833;     -5.47867;3.50601;7
109.92924;46.80167;     -5.40924;3.50594;7
109.84071;46.80500;     -5.34545;3.50586;7
109.75223;46.80833;     -5.28597;3.50579;7
109.66400;46.81167;     -5.22031;3.50571;7
109.57582;46.81500;     -5.14398;3.50564;7
109.48759;46.81833;     -5.06255;3.50557;7
109.39935;46.82167;     -4.98101;3.50549;7
109.31094;46.82500;     -4.90515;3.50542;7
109.22229;46.82833;     -4.83083;3.50535;7
109.13359;46.83167;     -4.75766;3.50527;7
109.04488;46.83500;     -4.65600;3.50520;7
108.95624;46.83833;     -4.55388;3.50513;7
108.86771;46.84167;     -4.45196;3.50505;7
108.77941;46.84500;     -4.40420;3.50498;7
108.69106;46.84833;     -4.36139;3.50491;7
108.60288;46.85167;     -4.31843;3.50483;7
108.51453;46.85500;     -4.25107;3.50476;7
108.42594;46.85833;     -4.18109;3.50469;7
108.33729;46.86167;     -4.11278;3.50461;7
108.24859;46.86500;     -4.04547;3.50454;7
108.15988;46.86833;     -3.97758;3.50446;7
108.07118;46.87167;     -3.88822;3.50439;7
107.98259;46.87500;     -3.80025;3.50432;7
107.89412;46.87833;     -3.71503;3.50424;7
107.80582;46.88167;     -3.68033;3.50417;7
107.71747;46.88500;     -3.64260;3.50410;7
107.62894;46.88833;     -3.60514;3.50402;7
107.54018;46.89167;     -3.54150;3.50395;7
107.45129;46.89500;     -3.48362;3.50387;7
107.36247;46.89833;     -3.43043;3.50380;7
107.27353;46.90167;     -3.37807;3.50373;7
107.18476;46.90500;     -3.30244;3.50365;7
107.09594;46.90833;     -3.22469;3.50358;7
107.00729;46.91167;     -3.14898;3.50350;7
106.91882;46.91500;     -3.11254;3.50343;7
106.83029;46.91833;     -3.08291;3.50336;7
106.74153;46.92167;     -3.05313;3.50328;7
106.65265;46.92500;     -3.00883;3.50321;7
106.56365;46.92833;     -2.96002;3.50313;7
106.47471;46.93167;     -2.90987;3.50306;7
106.38571;46.93500;     -2.84500;3.50299;7
106.29682;46.93833;     -2.78035;3.50291;7
106.20800;46.94167;     -2.71999;3.50284;7
106.11935;46.94500;     -2.69478;3.50276;7
106.03082;46.94833;     -2.67045;3.50269;7
105.94241;46.95167;     -2.64523;3.50262;7
105.85365;46.95500;     -2.60228;3.50254;7
105.76488;46.95833;     -2.55969;3.50247;7
105.67588;46.96167;     -2.51953;3.50239;7
105.58694;46.96500;     -2.48159;3.50232;7
105.49782;46.96833;     -2.42712;3.50225;7
105.40894;46.97167;     -2.37271;3.50217;7
105.32006;46.97500;     -2.31791;3.50210;7
105.23147;46.97833;     -2.29428;3.50202;7
105.14276;46.98167;     -2.27195;3.50195;7
105.05406;46.98500;     -2.24949;3.50187;7
104.96524;46.98833;     -2.21470;3.50180;7
104.87624;46.99167;     -2.18004;3.50173;7
104.78712;46.99500;     -2.14444;3.50165;7
104.69806;46.99833;     -2.09974;3.50158;7
104.60900;47.00167;     -2.05632;3.50150;7
104.51994;47.00500;     -2.01640;3.50143;7
104.43088;47.00833;     -1.98763;3.50135;7
104.34206;47.01167;     -1.97072;3.50128;7
104.25318;47.01500;     -1.95442;3.50121;7
104.16424;47.01833;     -1.93813;3.50113;7
104.07518;47.02167;     -1.91113;3.50106;7
103.98606;47.02500;     -1.88557;3.50098;7
103.89671;47.02833;     -1.86098;3.50091;7
103.80741;47.03167;     -1.82889;3.50083;7
103.71812;47.03500;     -1.79744;3.50076;7
103.62894;47.03833;     -1.76754;3.50068;7
103.53994;47.04167;     -1.74757;3.50061;7
103.45088;47.04500;     -1.73565;3.50053;7
103.36188;47.04833;     -1.72384;3.50046;7
103.27271;47.05167;     -1.71199;3.50039;7
103.18347;47.05500;     -1.69350;3.50031;7
103.09412;47.05833;     -1.67542;3.50024;7
103.00471;47.06167;     -1.65829;3.50016;7
102.91529;47.06500;     -1.63474;3.50009;7
102.82582;47.06833;     -1.61243;3.50001;7
102.73653;47.07167;     -1.59066;3.49994;7
102.64747;47.07500;     -1.57655;3.49986;7
102.55841;47.07833;     -1.56727;3.49979;7
102.46941;47.08167;     -1.55846;3.49971;7
102.38029;47.08500;     -1.54918;3.49964;7
102.29106;47.08833;     -1.53634;3.49956;7
102.20165;47.09167;     -1.52293;3.49949;7
102.11229;47.09500;     -1.50997;3.49941;7
102.02288;47.09833;     -1.49229;3.49934;7
101.93359;47.10167;     -1.47566;3.49927;7
101.84441;47.10500;     -1.45973;3.49919;7
101.75535;47.10833;     -1.44882;3.49912;7
101.66641;47.11167;     -1.44163;3.49904;7
101.57747;47.11500;     -1.43481;3.49897;7
101.48847;47.11833;     -1.42843;3.49889;7
101.39929;47.12167;     -1.41889;3.49882;7
101.31000;47.12500;     -1.40898;3.49874;7
101.22071;47.12833;     -1.39847;3.49867;7
101.13129;47.13167;     -1.38606;3.49859;7
101.04200;47.13500;     -1.37471;3.49852;7
100.95276;47.13833;     -1.36471;3.49844;7
100.86365;47.14167;     -1.35766;3.49837;7
100.77453;47.14500;     -1.35238;3.49829;7
100.68547;47.14833;     -1.34618;3.49822;7
100.59623;47.15167;     -1.34009;3.49814;7
100.50688;47.15500;     -1.33250;3.49807;7
100.41741;47.15833;     -1.32580;3.49799;7
100.32782;47.16167;     -1.31988;3.49792;7
100.23824;47.16500;     -1.31177;3.49784;7
100.14876;47.16833;     -1.30413;3.49777;7
100.05935;47.17167;     -1.29604;3.49769;7
 99.97000;47.17500;     -1.29039;3.49762;7
 99.88082;47.17833;     -1.28530;3.49754;7
 99.79159;47.18167;     -1.28088;3.49747;7
 99.70206;47.18500;     -1.27692;3.49739;7
 99.61241;47.18833;     -1.27232;3.49732;7
 99.52259;47.19167;     -1.26680;3.49724;7
 99.43276;47.19500;     -1.26053;3.49717;7
 99.34306;47.19833;     -1.25494;3.49709;7
 99.25347;47.20167;     -1.25010;3.49702;7
 99.16394;47.20500;     -1.24634;3.49694;7
 99.07453;47.20833;     -1.24247;3.49687;7
 98.98512;47.21167;     -1.23946;3.49679;7
 98.89571;47.21500;     -1.23680;3.49672;7
 98.80618;47.21833;     -1.23423;3.49664;7
 98.71653;47.22167;     -1.23103;3.49657;7
 98.62653;47.22500;     -1.22755;3.49649;7
 98.53653;47.22833;     -1.22492;3.49642;7
 98.44665;47.23167;     -1.22228;3.49634;7
 98.35676;47.23500;     -1.21991;3.49627;7
 98.26706;47.23833;     -1.21701;3.49619;7
 98.17759;47.24167;     -1.21421;3.49611;7
 98.08812;47.24500;     -1.21157;3.49604;7
 97.99865;47.24833;     -1.20909;3.49596;7
 97.90906;47.25167;     -1.20688;3.49589;7
 97.81918;47.25500;     -1.20491;3.49581;7
 97.72918;47.25833;     -1.20267;3.49574;7
 97.63918;47.26167;     -1.20041;3.49566;7
 97.54912;47.26500;     -1.19823;3.49559;7
 97.45924;47.26833;     -1.19610;3.49551;7
 97.36947;47.27167;     -1.19388;3.49544;7
 97.27965;47.27500;     -1.19133;3.49536;7
 97.18994;47.27833;     -1.18925;3.49528;7
 97.10029;47.28167;     -1.18776;3.49521;7
 97.01053;47.28500;     -1.18611;3.49513;7
 96.92065;47.28833;     -1.18442;3.49506;7
 96.83071;47.29167;     -1.18219;3.49498;7
 96.74065;47.29500;     -1.18049;3.49491;7
 96.65053;47.29833;     -1.17950;3.49483;7
 96.56053;47.30167;     -1.17913;3.49476;7
 96.47065;47.30500;     -1.17860;3.49468;7
 96.38082;47.30833;     -1.17818;3.49460;7
 96.29112;47.31167;     -1.17776;3.49453;7
 96.20129;47.31500;     -1.17882;3.49445;7
 96.11129;47.31833;     -1.18001;3.49438;7
 96.02129;47.32167;     -1.18192;3.49430;7
 95.93112;47.32500;     -1.18342;3.49423;7
 95.84076;47.32833;     -1.18465;3.49415;7
 95.75071;47.33167;     -1.18567;3.49407;7
 95.66059;47.33500;     -1.18693;3.49400;7
 95.57059;47.33833;     -1.18915;3.49392;7
 95.48071;47.34167;     -1.19223;3.49385;7
 95.39076;47.34500;     -1.19537;3.49377;7
 95.30065;47.34833;     -1.19814;3.49370;7
 95.21053;47.35167;     -1.20038;3.49362;7
 95.12018;47.35500;     -1.20247;3.49354;7
 95.02976;47.35833;     -1.20504;3.49347;7
 94.93935;47.36167;     -1.20751;3.49339;7
 94.84906;47.36500;     -1.20899;3.49332;7
 94.75871;47.36833;     -1.20944;3.49324;7
 94.66859;47.37167;     -1.20900;3.49316;7
 94.57859;47.37500;     -1.20932;3.49309;7
 94.48847;47.37833;     -1.20998;3.49301;7
 94.39818;47.38167;     -1.21073;3.49294;7
 94.30782;47.38500;     -1.21095;3.49286;7
 94.21729;47.38833;     -1.21054;3.49278;7
 94.12682;47.39167;     -1.20980;3.49271;7
 94.03618;47.39500;     -1.20848;3.49263;7
 93.94559;47.39833;     -1.20729;3.49255;7
 93.85506;47.40167;     -1.20687;3.49248;7
 93.76465;47.40500;     -1.20743;3.49240;7
 93.67418;47.40833;     -1.20776;3.49233;7
 93.58382;47.41167;     -1.20786;3.49225;7
 93.49347;47.41500;     -1.20707;3.49217;7
 93.40288;47.41833;     -1.20635;3.49210;7
 93.31212;47.42167;     -1.20550;3.49202;7
 93.22147;47.42500;     -1.20502;3.49194;7
 93.13065;47.42833;     -1.20471;3.49187;7
 93.03982;47.43167;     -1.20449;3.49179;7
 92.94912;47.43500;     -1.20434;3.49172;7
 92.85859;47.43833;     -1.20399;3.49164;7
 92.76818;47.44167;     -1.20348;3.49156;7
 92.67765;47.44500;     -1.20323;3.49149;7
 92.58694;47.44833;     -1.20313;3.49141;7
 92.49624;47.45167;     -1.20321;3.49133;7
 92.40535;47.45500;     -1.20313;3.49126;7
 92.31441;47.45833;     -1.20297;3.49118;7
 92.22353;47.46167;     -1.20301;3.49110;7
 92.13276;47.46500;     -1.20321;3.49103;7
 92.04206;47.46833;     -1.20361;3.49095;7
 91.95135;47.47167;     -1.20393;3.49087;7
 91.86076;47.47500;     -1.20442;3.49080;7
 91.77006;47.47833;     -1.20489;3.49072;7
 91.67924;47.48167;     -1.20541;3.49064;7
 91.58829;47.48500;     -1.20572;3.49057;7
 91.49729;47.48833;     -1.20615;3.49049;7
 91.40624;47.49167;     -1.20652;3.49041;7
 91.31524;47.49500;     -1.20706;3.49034;7
 91.22424;47.49833;     -1.20739;3.49026;7
 91.13335;47.50167;     -1.20773;3.49018;7
 91.04259;47.50500;     -1.20789;3.49011;7
 90.95188;47.50833;     -1.20836;3.49003;7
 90.86118;47.51167;     -1.20877;3.48995;7
 90.77029;47.51500;     -1.20911;3.48988;7
 90.67924;47.51833;     -1.20922;3.48980;7
 90.58812;47.52167;     -1.20896;3.48972;7
 90.49694;47.52500;     -1.20885;3.48965;7
 90.40576;47.52833;     -1.20877;3.48957;7
 90.31465;47.53167;     -1.20929;3.48949;7
 90.22376;47.53500;     -1.20963;3.48942;7
 90.13288;47.53833;     -1.20970;3.48934;7
 90.04212;47.54167;     -1.20925;3.48926;7
 89.95118;47.54500;     -1.20812;3.48919;7
 89.86023;47.54833;     -1.20697;3.48911;7
 89.76912;47.55167;     -1.20578;3.48903;7
 89.67788;47.55500;     -1.20494;3.48896;7
 89.58671;47.55833;     -1.20431;3.48888;7
 89.49553;47.56167;     -1.20365;3.48880;7
 89.40447;47.56500;     -1.20289;3.48872;7
 89.31335;47.56833;     -1.20174;3.48865;7
 89.22241;47.57167;     -1.20047;3.48857;7
 89.13147;47.57500;     -1.19932;3.48849;7
 89.04047;47.57833;     -1.19819;3.48842;7
 88.94941;47.58167;     -1.19719;3.48834;7
 88.85829;47.58500;     -1.19622;3.48826;7
 88.76706;47.58833;     -1.19517;3.48819;7
 88.67571;47.59167;     -1.19445;3.48811;7
 88.58435;47.59500;     -1.19388;3.48803;7
 88.49312;47.59833;     -1.19375;3.48795;7
 88.40206;47.60167;     -1.19344;3.48788;7
 88.31094;47.60500;     -1.19299;3.48780;7
 88.21976;47.60833;     -1.19262;3.48772;7
 88.12859;47.61167;     -1.19268;3.48765;7
 88.03724;47.61500;     -1.19304;3.48757;7
 87.94582;47.61833;     -1.19346;3.48749;7
 87.85418;47.62167;     -1.19395;3.48742;7
 87.76265;47.62500;     -1.19442;3.48734;7
 87.67112;47.62833;     -1.19502;3.48726;7
 87.57965;47.63167;     -1.19507;3.48718;7
 87.48835;47.63500;     -1.19518;3.48711;7
 87.39700;47.63833;     -1.19527;3.48703;7
 87.30553;47.64167;     -1.19595;3.48695;7
 87.21406;47.64500;     -1.19636;3.48687;7
 87.12259;47.64833;     -1.19666;3.48680;7
 87.03100;47.65167;     -1.19664;3.48672;7
 86.93924;47.65500;     -1.19679;3.48664;7
 86.84753;47.65833;     -1.19701;3.48656;7
 86.75600;47.66167;     -1.19709;3.48649;7
 86.66459;47.66500;     -1.19713;3.48641;7
 86.57318;47.66833;     -1.19714;3.48633;7
 86.48188;47.67167;     -1.19720;3.48625;7
 86.39047;47.67500;     -1.19718;3.48618;7
 86.29912;47.67833;     -1.19653;3.48610;7
 86.20759;47.68167;     -1.19572;3.48602;7
 86.11600;47.68500;     -1.19483;3.48595;7
 86.02435;47.68833;     -1.19455;3.48587;7
 85.93259;47.69167;     -1.19412;3.48579;7
 85.84088;47.69500;     -1.19377;3.48571;7
 85.74941;47.69833;     -1.19316;3.48564;7
 85.65794;47.70167;     -1.19265;3.48556;7
 85.56647;47.70500;     -1.19159;3.48548;7
 85.47512;47.70833;     -1.19066;3.48540;7
 85.38365;47.71167;     -1.18946;3.48533;7
 85.29188;47.71500;     -1.18872;3.48525;7
 85.19994;47.71833;     -1.18788;3.48517;7
 85.10800;47.72167;     -1.18735;3.48509;7
 85.01618;47.72500;     -1.18687;3.48501;7
 84.92424;47.72833;     -1.18660;3.48494;7
 84.83241;47.73167;     -1.18634;3.48486;7
 84.74065;47.73500;     -1.18639;3.48478;7
 84.64888;47.73833;     -1.18612;3.48470;7
 84.55724;47.74167;     -1.18657;3.48463;7
 84.46541;47.74500;     -1.18704;3.48455;7
 84.37347;47.74833;     -1.18796;3.48447;7
 84.28141;47.75167;     -1.18853;3.48439;7
 84.18929;47.75500;     -1.18913;3.48431;7
 84.09729;47.75833;     -1.18995;3.48424;7
 84.00529;47.76167;     -1.19088;3.48416;7
 83.91329;47.76500;     -1.19196;3.48408;7
 83.82147;47.76833;     -1.19315;3.48400;7
 83.72971;47.77167;     -1.19399;3.48392;7
 83.63794;47.77500;     -1.19423;3.48385;7
 83.54594;47.77833;     -1.19411;3.48377;7
 83.45382;47.78167;     -1.19417;3.48369;7
 83.36171;47.78500;     -1.19462;3.48361;7
 83.26965;47.78833;     -1.19477;3.48354;7
 83.17753;47.79167;     -1.19474;3.48346;7
 83.08553;47.79500;     -1.19450;3.48338;7
 82.99347;47.79833;     -1.19440;3.48330;7
 82.90159;47.80167;     -1.19495;3.48322;7
 82.80971;47.80500;     -1.19519;3.48315;7
 82.71788;47.80833;     -1.19568;3.48307;7
 82.62582;47.81167;     -1.19548;3.48299;7
 82.53359;47.81500;     -1.19562;3.48291;7
 82.44124;47.81833;     -1.19541;3.48283;7
 82.34888;47.82167;     -1.19538;3.48275;7
 82.25647;47.82500;     -1.19538;3.48268;7
 82.16418;47.82833;     -1.19544;3.48260;7
 82.07200;47.83167;     -1.19515;3.48252;7
 81.98000;47.83500;     -1.19490;3.48244;7
 81.88800;47.83833;     -1.19425;3.48236;7
 81.79600;47.84167;     -1.19325;3.48229;7
 81.70376;47.84500;     -1.19196;3.48221;7
 81.61147;47.84833;     -1.19080;3.48213;7
 81.51906;47.85167;     -1.18992;3.48205;7
 81.42665;47.85500;     -1.18933;3.48197;7
 81.33418;47.85833;     -1.18866;3.48189;7
 81.24194;47.86167;     -1.18778;3.48182;7
 81.14976;47.86500;     -1.18635;3.48174;7
 81.05771;47.86833;     -1.18498;3.48166;7
 80.96565;47.87167;     -1.18392;3.48158;7
 80.87359;47.87500;     -1.18326;3.48150;7
 80.78135;47.87833;     -1.18264;3.48143;7
 80.68906;47.88167;     -1.18198;3.48135;7
 80.59676;47.88500;     -1.18121;3.48127;7
 80.50441;47.88833;     -1.18085;3.48119;7
 80.41212;47.89167;     -1.18044;3.48111;7
 80.31988;47.89500;     -1.18038;3.48103;7
 80.22765;47.89833;     -1.18008;3.48095;7
 80.13559;47.90167;     -1.17979;3.48088;7
 80.04347;47.90500;     -1.17890;3.48080;7
 79.95124;47.90833;     -1.17751;3.48072;7
 79.85900;47.91167;     -1.17622;3.48064;7
 79.76676;47.91500;     -1.17524;3.48056;7
 79.67435;47.91833;     -1.17462;3.48049;7
 79.58188;47.92167;     -1.17426;3.48041;7
 79.48947;47.92500;     -1.17404;3.48033;7
 79.39724;47.92833;     -1.17373;3.48025;7
 79.30500;47.93167;     -1.17309;3.48017;7
 79.21282;47.93500;     -1.17191;3.48009;7
 79.12071;47.93833;     -1.17116;3.48002;7
 79.02847;47.94167;     -1.17065;3.47994;7
 78.93600;47.94500;     -1.17068;3.47986;7
 78.84341;47.94833;     -1.17065;3.47978;7
 78.75077;47.95167;     -1.17041;3.47970;7
 78.65829;47.95500;     -1.17022;3.47962;7
 78.56571;47.95833;     -1.17015;3.47954;7
 78.47329;47.96167;     -1.17041;3.47947;7
 78.38106;47.96500;     -1.17095;3.47939;7
 78.28853;47.96833;     -1.17181;3.47931;7
 78.19606;47.97167;     -1.17283;3.47923;7
 78.10347;47.97500;     -1.17381;3.47915;7
 78.01082;47.97833;     -1.17460;3.47907;7
 77.91812;47.98167;     -1.17539;3.47899;7
 77.82524;47.98500;     -1.17620;3.47891;7
 77.73253;47.98833;     -1.17706;3.47884;7
 77.63982;47.99167;     -1.17808;3.47876;7
 77.54718;47.99500;     -1.17895;3.47868;7
 77.45459;47.99833;     -1.17954;3.47860;7
 77.36218;48.00167;     -1.18000;3.47852;7
 77.26971;48.00500;     -1.18061;3.47844;7
 77.17712;48.00833;     -1.18139;3.47836;7
 77.08429;48.01167;     -1.18202;3.47828;7
 76.99147;48.01500;     -1.18254;3.47821;7
 76.89865;48.01833;     -1.18249;3.47813;7
 76.80582;48.02167;     -1.18260;3.47805;7
 76.71318;48.02500;     -1.18270;3.47797;7
 76.62047;48.02833;     -1.18358;3.47789;7
 76.52794;48.03167;     -1.18433;3.47781;7
 76.43547;48.03500;     -1.18485;3.47773;7
 76.34288;48.03833;     -1.18478;3.47765;7
 76.25018;48.04167;     -1.18454;3.47757;7
 76.15729;48.04500;     -1.18446;3.47750;7
 76.06441;48.04833;     -1.18457;3.47742;7
 75.97147;48.05167;     -1.18468;3.47734;7
 75.87859;48.05500;     -1.18475;3.47726;7
 75.78565;48.05833;     -1.18462;3.47718;7
 75.69282;48.06167;     -1.18439;3.47710;7
 75.60012;48.06500;     -1.18435;3.47702;7
 75.50741;48.06833;     -1.18461;3.47694;7
 75.41471;48.07167;     -1.18538;3.47686;7
 75.32176;48.07500;     -1.18628;3.47678;7
 75.22871;48.07833;     -1.18729;3.47670;7
 75.13565;48.08167;     -1.18808;3.47663;7
 75.04259;48.08500;     -1.18857;3.47655;7
 74.94941;48.08833;     -1.18887;3.47647;7
 74.85635;48.09167;     -1.18966;3.47639;7
 74.76347;48.09500;     -1.19086;3.47631;7
 74.67071;48.09833;     -1.19250;3.47623;7
 74.57788;48.10167;     -1.19395;3.47615;7
 74.48506;48.10500;     -1.19534;3.47607;7
 74.39212;48.10833;     -1.19658;3.47599;7
 74.29906;48.11167;     -1.19767;3.47591;7
 74.20606;48.11500;     -1.19883;3.47583;7
 74.11300;48.11833;     -1.19993;3.47575;7
 74.01988;48.12167;     -1.20069;3.47567;7
 73.92688;48.12500;     -1.20106;3.47560;7
 73.83382;48.12833;     -1.20143;3.47552;7
 73.74094;48.13167;     -1.20219;3.47544;7
 73.64806;48.13500;     -1.20325;3.47536;7
 73.55518;48.13833;     -1.20393;3.47528;7
 73.46224;48.14167;     -1.20432;3.47520;7
 73.36929;48.14500;     -1.20445;3.47512;7
 73.27618;48.14833;     -1.20434;3.47504;7
 73.18300;48.15167;     -1.20416;3.47496;7
 73.08988;48.15500;     -1.20404;3.47488;7
 72.99688;48.15833;     -1.20448;3.47480;7
 72.90388;48.16167;     -1.20487;3.47472;7
 72.81082;48.16500;     -1.20515;3.47464;7
 72.71776;48.16833;     -1.20536;3.47456;7
 72.62459;48.17167;     -1.20567;3.47448;7
 72.53135;48.17500;     -1.20602;3.47441;7
 72.43800;48.17833;     -1.20623;3.47433;7
 72.34465;48.18167;     -1.20631;3.47425;7
 72.25135;48.18500;     -1.20632;3.47417;7
 72.15806;48.18833;     -1.20636;3.47409;7
 72.06477;48.19167;     -1.20634;3.47401;7
 71.97153;48.19500;     -1.20643;3.47393;7
 71.87835;48.19833;     -1.20653;3.47385;7
 71.78512;48.20167;     -1.20706;3.47377;7
 71.69182;48.20500;     -1.20776;3.47369;7
 71.59835;48.20833;     -1.20863;3.47361;7
 71.50482;48.21167;     -1.20925;3.47353;7
 71.41124;48.21500;     -1.20923;3.47345;7
 71.31771;48.21833;     -1.20848;3.47337;7
 71.22429;48.22167;     -1.20756;3.47329;7
 71.13106;48.22500;     -1.20764;3.47321;7
 71.03771;48.22833;     -1.20884;3.47313;7
 70.94441;48.23167;     -1.21166;3.47305;7
 70.85124;48.23500;     -1.21488;3.47297;7
 70.75800;48.23833;     -1.21879;3.47289;7
 70.66465;48.24167;     -1.22198;3.47281;7
 70.57118;48.24500;     -1.22485;3.47273;7
 70.47776;48.24833;     -1.22708;3.47265;7
 70.38429;48.25167;     -1.22924;3.47257;7
 70.29088;48.25500;     -1.23134;3.47249;7
 70.19753;48.25833;     -1.23352;3.47241;7
 70.10424;48.26167;     -1.23586;3.47233;7
 70.01100;48.26500;     -1.23834;3.47225;7
 69.91782;48.26833;     -1.24032;3.47217;7
 69.82447;48.27167;     -1.24208;3.47209;7
 69.73100;48.27500;     -1.24350;3.47201;7
 69.63747;48.27833;     -1.24483;3.47193;7
 69.54376;48.28167;     -1.24525;3.47185;7
 69.45029;48.28500;     -1.24527;3.47177;7
 69.35688;48.28833;     -1.24460;3.47169;7
 69.26341;48.29167;     -1.24464;3.47161;7
 69.16994;48.29500;     -1.24503;3.47153;7
 69.07659;48.29833;     -1.24636;3.47145;7
 68.98318;48.30167;     -1.24766;3.47137;7
 68.88965;48.30500;     -1.24866;3.47129;7
 68.79600;48.30833;     -1.24918;3.47121;7
 68.70229;48.31167;     -1.24930;3.47113;7
 68.60853;48.31500;     -1.24936;3.47105;7
 68.51482;48.31833;     -1.24922;3.47097;7
 68.42118;48.32167;     -1.24901;3.47089;7
 68.32753;48.32500;     -1.24866;3.47081;7
 68.23406;48.32833;     -1.24877;3.47073;7
 68.14059;48.33167;     -1.24867;3.47065;7
 68.04712;48.33500;     -1.24814;3.47057;7
 67.95359;48.33833;     -1.24698;3.47049;7
 67.85988;48.34167;     -1.24572;3.47041;7
 67.76600;48.34500;     -1.24475;3.47033;7
 67.67218;48.34833;     -1.24375;3.47025;7
 67.57847;48.35167;     -1.24302;3.47017;7
 67.48465;48.35500;     -1.24209;3.47009;7
 67.39100;48.35833;     -1.24124;3.47001;7
 67.29741;48.36167;     -1.23970;3.46993;7
 67.20388;48.36500;     -1.23783;3.46985;7
 67.11041;48.36833;     -1.23565;3.46977;7
 67.01688;48.37167;     -1.23395;3.46969;7
 66.92329;48.37500;     -1.23258;3.46961;7
 66.82953;48.37833;     -1.23139;3.46952;7
 66.73577;48.38167;     -1.23001;3.46944;7
 66.64194;48.38500;     -1.22893;3.46936;7
 66.54824;48.38833;     -1.22800;3.46928;7
 66.45453;48.39167;     -1.22715;3.46920;7
 66.36082;48.39500;     -1.22602;3.46912;7
 66.26718;48.39833;     -1.22509;3.46904;7
 66.17365;48.40167;     -1.22452;3.46896;7
 66.07994;48.40500;     -1.22428;3.46888;7
 65.98606;48.40833;     -1.22406;3.46880;7
 65.89218;48.41167;     -1.22391;3.46872;7
 65.79824;48.41500;     -1.22377;3.46864;7
 65.70447;48.41833;     -1.22361;3.46856;7
 65.61071;48.42167;     -1.22318;3.46848;7
 65.51682;48.42500;     -1.22290;3.46840;7
 65.42300;48.42833;     -1.22290;3.46832;7
 65.32924;48.43167;     -1.22305;3.46824;7
 65.23547;48.43500;     -1.22301;3.46816;7
 65.14159;48.43833;     -1.22229;3.46808;7
 65.04771;48.44167;     -1.22137;3.46799;7
 64.95376;48.44500;     -1.21988;3.46791;7
 64.85982;48.44833;     -1.21824;3.46783;7
 64.76600;48.45167;     -1.21626;3.46775;7
 64.67218;48.45500;     -1.21456;3.46767;7
 64.57841;48.45833;     -1.21309;3.46759;7
 64.48476;48.46167;     -1.21166;3.46751;7
 64.39106;48.46500;     -1.21031;3.46743;7
 64.29735;48.46833;     -1.20933;3.46735;7
 64.20353;48.47167;     -1.20858;3.46727;7
 64.10959;48.47500;     -1.20780;3.46719;7
 64.01559;48.47833;     -1.20654;3.46711;7
 63.92165;48.48167;     -1.20521;3.46702;7
 63.82782;48.48500;     -1.20390;3.46694;7
 63.73400;48.48833;     -1.20278;3.46686;7
 63.64029;48.49167;     -1.20180;3.46678;7
 63.54647;48.49500;     -1.20157;3.46670;7
 63.45276;48.49833;     -1.20174;3.46662;7
 63.35888;48.50167;     -1.20176;3.46654;7
 63.26494;48.50500;     -1.20077;3.46646;7
 63.17088;48.50833;     -1.19912;3.46638;7
 63.07688;48.51167;     -1.19755;3.46630;7
 62.98276;48.51500;     -1.19576;3.46622;7
 62.88871;48.51833;     -1.19414;3.46613;7
 62.79482;48.52167;     -1.19252;3.46605;7
 62.70100;48.52500;     -1.19143;3.46597;7
 62.60723;48.52833;     -1.19060;3.46589;7
 62.51335;48.53167;     -1.18953;3.46581;7
 62.41941;48.53500;     -1.18845;3.46573;7
 62.32535;48.53833;     -1.18706;3.46565;7
 62.23118;48.54167;     -1.18588;3.46557;7
 62.13694;48.54500;     -1.18442;3.46549;7
 62.04271;48.54833;     -1.18290;3.46540;7
 61.94865;48.55167;     -1.18147;3.46532;7
 61.85459;48.55500;     -1.18018;3.46524;7
 61.76059;48.55833;     -1.17888;3.46516;7
 61.66659;48.56167;     -1.17767;3.46508;7
 61.57259;48.56500;     -1.17645;3.46500;7
 61.47847;48.56833;     -1.17540;3.46492;7
 61.38429;48.57167;     -1.17418;3.46484;7
 61.28994;48.57500;     -1.17293;3.46475;7
 61.19559;48.57833;     -1.17137;3.46467;7
 61.10118;48.58167;     -1.16922;3.46459;7
 61.00682;48.58500;     -1.16697;3.46451;7
 60.91259;48.58833;     -1.16474;3.46443;7
 60.81847;48.59167;     -1.16297;3.46435;7
 60.72441;48.59500;     -1.16162;3.46427;7
 60.63029;48.59833;     -1.16017;3.46418;7
 60.53612;48.60167;     -1.15845;3.46410;7
 60.44194;48.60500;     -1.15603;3.46402;7
 60.34753;48.60833;     -1.15345;3.46394;7
 60.25300;48.61167;     -1.15098;3.46386;7
 60.15871;48.61500;     -1.14880;3.46378;7
 60.06447;48.61833;     -1.14693;3.46369;7
 59.97024;48.62167;     -1.14514;3.46361;7
 59.87618;48.62500;     -1.14311;3.46353;7
 59.78218;48.62833;     -1.14114;3.46345;7
 59.68818;48.63167;     -1.13936;3.46337;7
 59.59400;48.63500;     -1.13784;3.46329;7
 59.49976;48.63833;     -1.13638;3.46320;7
 59.40547;48.64167;     -1.13464;3.46312;7
 59.31106;48.64500;     -1.13242;3.46304;7
 59.21671;48.64833;     -1.13030;3.46296;7
 59.12235;48.65167;     -1.12846;3.46288;7
 59.02806;48.65500;     -1.12729;3.46280;7
 58.93382;48.65833;     -1.12615;3.46271;7
 58.83953;48.66167;     -1.12531;3.46263;7
 58.74535;48.66500;     -1.12465;3.46255;7
 58.65106;48.66833;     -1.12404;3.46247;7
 58.55659;48.67167;     -1.12332;3.46239;7
 58.46206;48.67500;     -1.12241;3.46230;7
 58.36765;48.67833;     -1.12142;3.46222;7
 58.27312;48.68167;     -1.12077;3.46214;7
 58.17859;48.68500;     -1.12048;3.46206;7
 58.08412;48.68833;     -1.12034;3.46198;7
 57.98971;48.69167;     -1.11970;3.46189;7
 57.89535;48.69500;     -1.11910;3.46181;7
 57.80100;48.69833;     -1.11879;3.46173;7
 57.70659;48.70167;     -1.11883;3.46165;7
 57.61206;48.70500;     -1.11856;3.46157;7
 57.51747;48.70833;     -1.11794;3.46148;7
 57.42288;48.71167;     -1.11706;3.46140;7
 57.32835;48.71500;     -1.11640;3.46132;7
 57.23388;48.71833;     -1.11593;3.46124;7
 57.13947;48.72167;     -1.11569;3.46116;7
 57.04518;48.72500;     -1.11545;3.46107;7
 56.95076;48.72833;     -1.11522;3.46099;7
 56.85641;48.73167;     -1.11505;3.46091;7
 56.76194;48.73500;     -1.11494;3.46083;7
 56.66747;48.73833;     -1.11490;3.46074;7
 56.57294;48.74167;     -1.11508;3.46066;7
 56.47841;48.74500;     -1.11538;3.46058;7
 56.38388;48.74833;     -1.11542;3.46050;7
 56.28935;48.75167;     -1.11520;3.46042;7
 56.19482;48.75500;     -1.11486;3.46033;7
 56.10035;48.75833;     -1.11508;3.46025;7
 56.00594;48.76167;     -1.11554;3.46017;7
 55.91147;48.76500;     -1.11592;3.46009;7
 55.81700;48.76833;     -1.11578;3.46000;7
 55.72241;48.77167;     -1.11500;3.45992;7
 55.62776;48.77500;     -1.11390;3.45984;7
 55.53312;48.77833;     -1.11243;3.45976;7
 55.43847;48.78167;     -1.11120;3.45967;7
 55.34394;48.78500;     -1.11014;3.45959;7
 55.24947;48.78833;     -1.10936;3.45951;7
 55.15500;48.79167;     -1.10864;3.45943;7
 55.06041;48.79500;     -1.10778;3.45934;7
 54.96582;48.79833;     -1.10680;3.45926;7
 54.87129;48.80167;     -1.10563;3.45918;7
 54.77671;48.80500;     -1.10470;3.45910;7
 54.68212;48.80833;     -1.10407;3.45901;7
 54.58759;48.81167;     -1.10323;3.45893;7
 54.49312;48.81500;     -1.10248;3.45885;7
 54.39865;48.81833;     -1.10162;3.45876;7
 54.30429;48.82167;     -1.10105;3.45868;7
 54.20976;48.82500;     -1.10088;3.45860;7
 54.11535;48.82833;     -1.10083;3.45852;7
 54.02088;48.83167;     -1.10074;3.45843;7
 53.92635;48.83500;     -1.10002;3.45835;7
 53.83182;48.83833;     -1.09896;3.45827;7
 53.73735;48.84167;     -1.09770;3.45819;7
 53.64276;48.84500;     -1.09606;3.45810;7
 53.54812;48.84833;     -1.09457;3.45802;7
 53.45371;48.85167;     -1.09325;3.45794;7
 53.35929;48.85500;     -1.09229;3.45785;7
 53.26476;48.85833;     -1.09148;3.45777;7
 53.17029;48.86167;     -1.09058;3.45769;7
 53.07582;48.86500;     -1.08959;3.45761;7
 52.98124;48.86833;     -1.08858;3.45752;7
 52.88653;48.87167;     -1.08787;3.45744;7
 52.79182;48.87500;     -1.08748;3.45736;7
 52.69706;48.87833;     -1.08683;3.45727;7
 52.60259;48.88167;     -1.08611;3.45719;7
 52.50800;48.88500;     -1.08534;3.45711;7
 52.41341;48.88833;     -1.08487;3.45703;7
 52.31888;48.89167;     -1.08495;3.45694;7
 52.22424;48.89500;     -1.08507;3.45686;7
 52.12947;48.89833;     -1.08522;3.45678;7
 52.03476;48.90167;     -1.08479;3.45669;7
 51.94018;48.90500;     -1.08414;3.45661;7
 51.84541;48.90833;     -1.08347;3.45653;7
 51.75071;48.91167;     -1.08279;3.45644;7
 51.65612;48.91500;     -1.08234;3.45636;7
 51.56147;48.91833;     -1.08190;3.45628;7
 51.46682;48.92167;     -1.08160;3.45619;7
 51.37224;48.92500;     -1.08125;3.45611;7
 51.27771;48.92833;     -1.08104;3.45603;7
 51.18306;48.93167;     -1.08082;3.45594;7
 51.08841;48.93500;     -1.08070;3.45586;7
 50.99359;48.93833;     -1.08044;3.45578;7
 50.89871;48.94167;     -1.08000;3.45569;7
 50.80400;48.94500;     -1.07960;3.45561;7
 50.70924;48.94833;     -1.07921;3.45553;7
 50.61459;48.95167;     -1.07903;3.45544;7
 50.51994;48.95500;     -1.07916;3.45536;7
 50.42518;48.95833;     -1.07927;3.45528;7
 50.33029;48.96167;     -1.07938;3.45519;7
 50.23541;48.96500;     -1.07897;3.45511;7
 50.14041;48.96833;     -1.07843;3.45502;7
 50.04541;48.97167;     -1.07770;3.45494;7
 49.95053;48.97500;     -1.07684;3.45486;7
 49.85565;48.97833;     -1.07631;3.45477;7
 49.76065;48.98167;     -1.07593;3.45469;7
 49.66582;48.98500;     -1.07576;3.45461;7
 49.57094;48.98833;     -1.07539;3.45452;7
 49.47606;48.99167;     -1.07510;3.45444;7
 49.38124;48.99500;     -1.07485;3.45435;7
 49.28641;48.99833;     -1.07466;3.45427;7
 49.19141;49.00167;     -1.07444;3.45419;7
 49.09653;49.00500;     -1.07402;3.45410;7
 49.00159;49.00833;     -1.07328;3.45402;7
 48.90659;49.01167;     -1.07257;3.45393;7
 48.81182;49.01500;     -1.07205;3.45385;7
 48.71712;49.01833;     -1.07180;3.45377;7
 48.62241;49.02167;     -1.07183;3.45368;7
 48.52776;49.02500;     -1.07164;3.45360;7
 48.43312;49.02833;     -1.07151;3.45351;7
 48.33818;49.03167;     -1.07082;3.45343;7
 48.24329;49.03500;     -1.07038;3.45335;7
 48.14847;49.03833;     -1.06977;3.45326;7
 48.05341;49.04167;     -1.06944;3.45318;7
 47.95859;49.04500;     -1.06909;3.45309;7
 47.86376;49.04833;     -1.06886;3.45301;7
 47.76888;49.05167;     -1.06857;3.45293;7
 47.67406;49.05500;     -1.06844;3.45284;7
 47.57935;49.05833;     -1.06831;3.45276;7
 47.48441;49.06167;     -1.06818;3.45267;7
 47.38941;49.06500;     -1.06795;3.45259;7
 47.29447;49.06833;     -1.06781;3.45250;7
 47.19935;49.07167;     -1.06743;3.45242;7
 47.10424;49.07500;     -1.06707;3.45234;7
 47.00929;49.07833;     -1.06623;3.45225;7
 46.91429;49.08167;     -1.06559;3.45217;7
 46.81923;49.08500;     -1.06482;3.45208;7
 46.72435;49.08833;     -1.06454;3.45200;7
 46.62941;49.09167;     -1.06412;3.45191;7
 46.53447;49.09500;     -1.06365;3.45183;7
 46.43965;49.09833;     -1.06295;3.45174;7
 46.34459;49.10167;     -1.06248;3.45166;7
 46.24953;49.10500;     -1.06197;3.45157;7
 46.15447;49.10833;     -1.06142;3.45149;7
 46.05941;49.11167;     -1.06094;3.45141;7
 45.96435;49.11500;     -1.06058;3.45132;7
 45.86941;49.11833;     -1.06037;3.45124;7
 45.77453;49.12167;     -1.06019;3.45115;7
 45.67959;49.12500;     -1.06014;3.45107;7
 45.58465;49.12833;     -1.06007;3.45098;7
 45.48976;49.13167;     -1.05991;3.45090;7
 45.39459;49.13500;     -1.05962;3.45081;7
 45.29953;49.13833;     -1.05937;3.45073;7
 45.20453;49.14167;     -1.05880;3.45064;7
 45.10953;49.14500;     -1.05869;3.45056;7
 45.01459;49.14833;     -1.05868;3.45047;7
 44.91959;49.15167;     -1.05906;3.45039;7
 44.82453;49.15500;     -1.05910;3.45030;7
 44.72959;49.15833;     -1.05919;3.45022;7
 44.63465;49.16167;     -1.05931;3.45013;7
 44.53971;49.16500;     -1.05944;3.45005;7
 44.44476;49.16833;     -1.05964;3.44996;7
 44.34976;49.17167;     -1.05997;3.44988;7
 44.25476;49.17500;     -1.06035;3.44979;7
 44.15976;49.17833;     -1.06070;3.44971;7
 44.06482;49.18167;     -1.06095;3.44962;7
 43.96988;49.18500;     -1.06121;3.44954;7
 43.87488;49.18833;     -1.06145;3.44945;7
 43.77994;49.19167;     -1.06183;3.44937;7
 43.68494;49.19500;     -1.06227;3.44928;7
 43.58982;49.19833;     -1.06263;3.44920;7
 43.49471;49.20167;     -1.06287;3.44911;7
 43.39959;49.20500;     -1.06273;3.44903;7
 43.30453;49.20833;     -1.06224;3.44894;7
 43.20947;49.21167;     -1.06161;3.44885;7
 43.11453;49.21500;     -1.06113;3.44877;7
 43.01953;49.21833;     -1.06074;3.44868;7
 42.92453;49.22167;     -1.06088;3.44860;7
 42.82953;49.22500;     -1.06066;3.44851;7
 42.73459;49.22833;     -1.06038;3.44843;7
 42.63965;49.23167;     -1.05940;3.44834;7
 42.54476;49.23500;     -1.05879;3.44826;7
 42.45000;49.23833;     -1.05840;3.44817;7
 42.35529;49.24167;     -1.05811;3.44809;7
 42.26082;49.24500;     -1.05796;3.44800;7
 42.16647;49.24833;     -1.05860;3.44792;7
 42.07229;49.25167;     -1.06026;3.44783;7
 41.97835;49.25500;     -1.06210;3.44775;7
 41.88453;49.25833;     -1.06431;3.44766;7
 41.79088;49.26167;     -1.06758;3.44758;7
 41.69741;49.26500;     -1.07139;3.44749;7
 41.60424;49.26833;     -1.07488;3.44741;7
 41.51129;49.27167;     -1.07730;3.44732;7
 41.41882;49.27500;     -1.08059;3.44724;7
 41.32665;49.27833;     -1.08463;3.44716;7
 41.23500;49.28167;     -1.08935;3.44708;7
 41.14371;49.28500;     -1.09416;3.44699;7
 41.05282;49.28833;     -1.09903;3.44691;7
 40.96241;49.29167;     -1.10223;3.44683;7
 40.87241;49.29500;     -1.10679;3.44675;7
 40.78288;49.29833;     -1.11165;3.44667;7
 40.69382;49.30167;     -1.11661;3.44659;7
 40.60529;49.30500;     -1.11935;3.44651;7
 40.51729;49.30833;     -1.12096;3.44643;7
 40.42982;49.31167;     -1.12305;3.44635;7
 40.34300;49.31500;     -1.12479;3.44627;7
 40.25671;49.31833;     -1.12658;3.44619;7
 40.17100;49.32167;     -1.12910;3.44611;7
 40.08588;49.32500;     -1.13210;3.44603;7
 40.00124;49.32833;     -1.13413;3.44596;7
 39.91694;49.33167;     -1.13509;3.44588;7
 39.83335;49.33500;     -1.13520;3.44580;7
 39.75024;49.33833;     -1.13637;3.44573;7
 39.66771;49.34167;     -1.13761;3.44565;7
 39.58576;49.34500;     -1.13875;3.44558;7
 39.50429;49.34833;     -1.13886;3.44551;7
 39.42341;49.35167;     -1.13833;3.44543;7
 39.34300;49.35500;     -1.13710;3.44536;7
 39.26300;49.35833;     -1.13532;3.44529;7
 39.18347;49.36167;     -1.13341;3.44521;7
 39.10441;49.36500;     -1.13139;3.44514;7
 39.02582;49.36833;     -1.12932;3.44507;7
 38.94776;49.37167;     -1.12713;3.44500;7
 38.87012;49.37500;     -1.12503;3.44493;7
 38.79294;49.37833;     -1.12296;3.44486;7
 38.71618;49.38167;     -1.12067;3.44479;7
 38.63994;49.38500;     -1.11818;3.44472;7
 38.56424;49.38833;     -1.11570;3.44465;7
 38.48888;49.39167;     -1.11370;3.44458;7
 38.41388;49.39500;     -1.11187;3.44451;7
 38.33924;49.39833;     -1.10962;3.44444;7
 38.26506;49.40167;     -1.10629;3.44438;7
 38.19135;49.40500;     -1.10225;3.44431;7
 38.11806;49.40833;     -1.09800;3.44424;7
 38.04529;49.41167;     -1.09413;3.44418;7
 37.97294;49.41500;     -1.09075;3.44411;7
 37.90118;49.41833;     -1.08751;3.44404;7
 37.82976;49.42167;     -1.08384;3.44398;7
 37.75871;49.42500;     -1.07907;3.44391;7
 37.68800;49.42833;     -1.07349;3.44385;7
 37.61776;49.43167;     -1.06774;3.44379;7
 37.54794;49.43500;     -1.06268;3.44372;7
 37.47865;49.43833;     -1.05820;3.44366;7
 37.40976;49.44167;     -1.05390;3.44360;7
 37.34135;49.44500;     -1.04914;3.44353;7
 37.27335;49.44833;     -1.04389;3.44347;7
 37.20576;49.45167;     -1.03839;3.44341;7
 37.13871;49.45500;     -1.03297;3.44335;7
 37.07188;49.45833;     -1.02784;3.44329;7
 37.00553;49.46167;     -1.02318;3.44322;7
 36.93953;49.46500;     -1.01885;3.44316;7
 36.87394;49.46833;     -1.01464;3.44310;7
 36.80888;49.47167;     -1.01032;3.44304;7
 36.74418;49.47500;     -1.00595;3.44299;7
 36.67994;49.47833;     -1.00162;3.44293;7
 36.61624;49.48167;     -0.99721;3.44287;7
 36.55288;49.48500;     -0.99278;3.44281;7
 36.48988;49.48833;     -0.98834;3.44275;7
 36.42729;49.49167;     -0.98401;3.44269;7
 36.36500;49.49500;     -0.97962;3.44264;7
 36.30300;49.49833;     -0.97503;3.44258;7
 36.24153;49.50167;     -0.97028;3.44252;7
 36.18047;49.50500;     -0.96553;3.44247;7
 36.11994;49.50833;     -0.96108;3.44241;7
 36.05971;49.51167;     -0.95703;3.44236;7
 36.00012;49.51500;     -0.95309;3.44230;7
 35.94076;49.51833;     -0.94912;3.44225;7
 35.88188;49.52167;     -0.94503;3.44219;7
 35.82335;49.52500;     -0.94102;3.44214;7
 35.76512;49.52833;     -0.93703;3.44208;7
 35.70729;49.53167;     -0.93304;3.44203;7
 35.64994;49.53500;     -0.92900;3.44198;7
 35.59294;49.53833;     -0.92494;3.44193;7
 35.53641;49.54167;     -0.92090;3.44187;7
 35.48035;49.54500;     -0.91688;3.44182;7
 35.42488;49.54833;     -0.91268;3.44177;7
 35.36988;49.55167;     -0.90854;3.44172;7
 35.31524;49.55500;     -0.90473;3.44167;7
 35.26088;49.55833;     -0.90113;3.44162;7
 35.20700;49.56167;     -0.89713;3.44157;7
 35.15341;49.56500;     -0.89214;3.44152;7
 35.10035;49.56833;     -0.88640;3.44147;7
 35.04765;49.57167;     -0.88037;3.44142;7
 34.99553;49.57500;     -0.87456;3.44138;7
 34.94388;49.57833;     -0.86903;3.44133;7
 34.89271;49.58167;     -0.86344;3.44128;7
 34.84188;49.58500;     -0.85748;3.44123;7
 34.79147;49.58833;     -0.85116;3.44119;7
 34.74129;49.59167;     -0.84452;3.44114;7
 34.69159;49.59500;     -0.83784;3.44109;7
 34.64235;49.59833;     -0.83146;3.44105;7
 34.59347;49.60167;     -0.82583;3.44100;7
 34.54488;49.60500;     -0.82108;3.44096;7
 34.49665;49.60833;     -0.81640;3.44091;7
 34.44900;49.61167;     -0.81162;3.44087;7
 34.40182;49.61500;     -0.80658;3.44083;7
 34.35494;49.61833;     -0.80167;3.44078;7
 34.30847;49.62167;     -0.79663;3.44074;7
 34.26224;49.62500;     -0.79107;3.44070;7
 34.21635;49.62833;     -0.78500;3.44065;7
 34.17082;49.63167;     -0.77862;3.44061;7
 34.12559;49.63500;     -0.77215;3.44057;7
 34.08076;49.63833;     -0.76534;3.44053;7
 34.03635;49.64167;     -0.75801;3.44049;7
 33.99229;49.64500;     -0.75038;3.44045;7
 33.94882;49.64833;     -0.74307;3.44041;7
 33.90565;49.65167;     -0.73634;3.44037;7
 33.86259;49.65500;     -0.72978;3.44033;7
 33.81994;49.65833;     -0.72332;3.44029;7
 33.77765;49.66167;     -0.71675;3.44025;7
 33.73576;49.66500;     -0.71043;3.44021;7
 33.69418;49.66833;     -0.70446;3.44017;7
 33.65282;49.67167;     -0.69898;3.44013;7
 33.61188;49.67500;     -0.69372;3.44009;7
 33.57141;49.67833;     -0.68830;3.44006;7
 33.53123;49.68167;     -0.68278;3.44002;7
 33.49147;49.68500;     -0.67679;3.43998;7
 33.45206;49.68833;     -0.67070;3.43995;7
 33.41288;49.69167;     -0.66460;3.43991;7
 33.37400;49.69500;     -0.65898;3.43987;7
 33.33553;49.69833;     -0.65350;3.43984;7
 33.29729;49.70167;     -0.64795;3.43980;7
 33.25929;49.70500;     -0.64249;3.43977;7
 33.22165;49.70833;     -0.63738;3.43973;7
 33.18453;49.71167;     -0.63289;3.43970;7
 33.14771;49.71500;     -0.62881;3.43966;7
 33.11118;49.71833;     -0.62497;3.43963;7
 33.07488;49.72167;     -0.62115;3.43959;7
 33.03888;49.72500;     -0.61757;3.43956;7
 33.00312;49.72833;     -0.61430;3.43953;7
 32.96782;49.73167;     -0.61116;3.43949;7
 32.93271;49.73500;     -0.60782;3.43946;7
 32.89812;49.73833;     -0.60403;3.43943;7
 32.86382;49.74167;     -0.59968;3.43940;7
 32.82982;49.74500;     -0.59504;3.43937;7
 32.79618;49.74833;     -0.59049;3.43933;7
 32.76276;49.75167;     -0.58640;3.43930;7
 32.72965;49.75500;     -0.58241;3.43927;7
 32.69676;49.75833;     -0.57800;3.43924;7
 32.66424;49.76167;     -0.57279;3.43921;7
 32.63206;49.76500;     -0.56712;3.43918;7
 32.60012;49.76833;     -0.56161;3.43915;7
 32.56853;49.77167;     -0.55658;3.43912;7
 32.53729;49.77500;     -0.55213;3.43909;7
 32.50641;49.77833;     -0.54769;3.43906;7
 32.47576;49.78167;     -0.54293;3.43904;7
 32.44553;49.78500;     -0.53741;3.43901;7
 32.41524;49.78833;     -0.53104;3.43898;7
 32.38529;49.79167;     -0.52459;3.43895;7
 32.35553;49.79500;     -0.51849;3.43892;7
 32.32600;49.79833;     -0.51373;3.43890;7
 32.29676;49.80167;     -0.51145;3.43887;7
 32.26782;49.80500;     -0.50969;3.43884;7
 32.23924;49.80833;     -0.50785;3.43882;7
 32.21088;49.81167;     -0.50201;3.43879;7
 32.18300;49.81500;     -0.49619;3.43876;7
 32.15529;49.81833;     -0.49063;3.43874;7
 32.12776;49.82167;     -0.48794;3.43871;7
 32.10041;49.82500;     -0.48506;3.43869;7
 32.07329;49.82833;     -0.48184;3.43866;7
 32.04641;49.83167;     -0.47771;3.43864;7
 32.01976;49.83500;     -0.46023;3.43861;7
 31.99353;49.83833;     -0.44246;3.43859;7
 31.96753;49.84167;     -0.42333;3.43856;7
 31.94194;49.84500;     -0.43380;3.43854;7
 31.91665;49.84833;     -0.44322;3.43851;7
 31.89153;49.85167;     -0.45611;3.43849;7
 31.86665;49.85500;     -0.45265;3.43847;7
 31.84182;49.85833;     -0.45036;3.43844;7
 31.81729;49.86167;     -0.44616;3.43842;7
 31.79312;49.86500;     -0.44224;3.43840;7
 31.76918;49.86833;     -0.42399;3.43838;7
 31.74547;49.87167;     -0.40564;3.43835;7
 31.72218;49.87500;     -0.39977;3.43833;7
 31.69912;49.87833;     -0.42012;3.43831;7
 31.67629;49.88167;     -0.44329;3.43829;7
 31.65371;49.88500;     -0.44037;3.43827;7
 31.63129;49.88833;     -0.42553;3.43825;7
 31.60906;49.89167;     -0.40793;3.43823;7
 31.58694;49.89500;     -0.40398;3.43821;7
 31.56518;49.89833;     -0.40146;3.43819;7
 31.54359;49.90167;     -0.38404;3.43817;7
 31.52212;49.90500;     -0.36634;3.43815;7
 31.50124;49.90833;     -0.36012;3.43813;7
 31.48041;49.91167;     -0.38238;3.43811;7
 31.45994;49.91500;     -0.40515;3.43809;7
 31.43965;49.91833;     -0.40319;3.43807;7
 31.41941;49.92167;     -0.38727;3.43805;7
 31.39929;49.92500;     -0.37067;3.43803;7
 31.37941;49.92833;     -0.36610;3.43801;7
 31.35959;49.93167;     -0.35881;3.43799;7
 31.34000;49.93500;     -0.34130;3.43797;7
 31.32082;49.93833;     -0.32360;3.43796;7
 31.30194;49.94167;     -0.32046;3.43794;7
 31.28324;49.94500;     -0.34072;3.43792;7
 31.26476;49.94833;     -0.36125;3.43790;7
 31.24647;49.95167;     -0.35888;3.43789;7
 31.22818;49.95500;     -0.34410;3.43787;7
 31.21006;49.95833;     -0.32963;3.43785;7
 31.19229;49.96167;     -0.32642;3.43784;7
 31.17441;49.96500;     -0.32249;3.43782;7
 31.15694;49.96833;     -0.30600;3.43780;7
 31.13965;49.97167;     -0.29011;3.43779;7
 31.12259;49.97500;     -0.28605;3.43777;7
 31.10576;49.97833;     -0.30666;3.43775;7
 31.08924;49.98167;     -0.32731;3.43774;7
 31.07276;49.98500;     -0.32628;3.43772;7
 31.05635;49.98833;     -0.31277;3.43771;7
 31.04012;49.99167;     -0.29930;3.43769;7
 31.02400;49.99500;     -0.29635;3.43768;7
 31.00800;49.99833;     -0.29448;3.43766;7
 30.99229;50.00167;     -0.28152;3.43765;7
 30.97682;50.00500;     -0.26784;3.43763;7
 30.96159;50.00833;     -0.25310;3.43762;7
 30.94653;50.01167;     -0.26100;3.43761;7
 30.93171;50.01500;     -0.27013;3.43759;7
 30.91682;50.01833;     -0.28230;3.43758;7
 30.90218;50.02167;     -0.28342;3.43756;7
 30.88759;50.02500;     -0.28463;3.43755;7
 30.87318;50.02833;     -0.28349;3.43754;7
 30.85888;50.03167;     -0.28176;3.43752;7
 30.84476;50.03500;     -0.26869;3.43751;7
 30.83088;50.03833;     -0.26404;3.43750;7
 30.81735;50.04167;     -0.25988;3.43748;7
 30.80406;50.04500;     -0.27738;3.43747;7
 30.79082;50.04833;     -0.27777;3.43746;7
 30.77765;50.05167;     -0.27705;3.43745;7
 30.76459;50.05500;     -0.26545;3.43743;7
 30.75159;50.05833;     -0.26216;3.43742;7
 30.73871;50.06167;     -0.25960;3.43741;7
 30.72606;50.06500;     -0.25703;3.43740;7
 30.71365;50.06833;     -0.24406;3.43739;7
 30.70147;50.07167;     -0.24088;3.43738;7
 30.68965;50.07500;     -0.23798;3.43736;7
 30.67788;50.07833;     -0.25578;3.43735;7
 30.66629;50.08167;     -0.25513;3.43734;7
 30.65482;50.08500;     -0.25386;3.43733;7
 30.64341;50.08833;     -0.24241;3.43732;7
 30.63212;50.09167;     -0.23971;3.43731;7
 30.62088;50.09500;     -0.23794;3.43730;7
 30.60971;50.09833;     -0.23605;3.43729;7
 30.59876;50.10167;     -0.22612;3.43728;7
 30.58812;50.10500;     -0.22129;3.43727;7
 30.57776;50.10833;     -0.21642;3.43726;7
 30.56747;50.11167;     -0.22809;3.43725;7
 30.55735;50.11500;     -0.22587;3.43724;7
 30.54735;50.11833;     -0.22330;3.43723;7
 30.53724;50.12167;     -0.21180;3.43722;7
 30.52718;50.12500;     -0.20844;3.43721;7
 30.51729;50.12833;     -0.20327;3.43720;7
 30.50741;50.13167;     -0.19148;3.43719;7
 30.49771;50.13500;     -0.17893;3.43718;7
 30.48824;50.13833;     -0.16858;3.43717;7
 30.47888;50.14167;     -0.17341;3.43717;7
 30.46982;50.14500;     -0.18749;3.43716;7
 30.46076;50.14833;     -0.19513;3.43715;7
 30.45176;50.15167;     -0.19459;3.43714;7
 30.44282;50.15500;     -0.18600;3.43713;7
 30.43388;50.15833;     -0.18395;3.43712;7
 30.42500;50.16167;     -0.18162;3.43712;7
 30.41618;50.16500;     -0.17127;3.43711;7
 30.40765;50.16833;     -0.16240;3.43710;7
 30.39924;50.17167;     -0.15956;3.43709;7
 30.39094;50.17500;     -0.16495;3.43708;7
 30.38288;50.17833;     -0.17695;3.43708;7
 30.37494;50.18167;     -0.17636;3.43707;7
 30.36706;50.18500;     -0.17532;3.43706;7
 30.35918;50.18833;     -0.16650;3.43705;7
 30.35141;50.19167;     -0.16506;3.43705;7
 30.34365;50.19500;     -0.16392;3.43704;7
 30.33606;50.19833;     -0.15530;3.43703;7
 30.32865;50.20167;     -0.14675;3.43702;7
 30.32141;50.20500;     -0.14518;3.43702;7
 30.31424;50.20833;     -0.15146;3.43701;7
 30.30718;50.21167;     -0.16465;3.43700;7
 30.30024;50.21500;     -0.16441;3.43700;7
 30.29335;50.21833;     -0.16411;3.43699;7
 30.28647;50.22167;     -0.15718;3.43698;7
 30.27965;50.22500;     -0.15686;3.43698;7
 30.27282;50.22833;     -0.15635;3.43697;7
 30.26612;50.23167;     -0.14860;3.43697;7
 30.25971;50.23500;     -0.14068;3.43696;7
 30.25347;50.23833;     -0.13829;3.43695;7
 30.24729;50.24167;     -0.14255;3.43695;7
 30.24135;50.24500;     -0.15342;3.43694;7
 30.23541;50.24833;     -0.15825;3.43694;7
 30.22953;50.25167;     -0.15856;3.43693;7
 30.22371;50.25500;     -0.15051;3.43693;7
 30.21782;50.25833;     -0.14262;3.43692;7
 30.21206;50.26167;     -0.13881;3.43691;7
 30.20653;50.26500;     -0.12968;3.43691;7
 30.20112;50.26833;     -0.12016;3.43690;7
 30.19582;50.27167;     -0.11668;3.43690;7
 30.19076;50.27500;     -0.11995;3.43689;7
 30.18582;50.27833;     -0.12947;3.43689;7
 30.18088;50.28167;     -0.12812;3.43689;7
 30.17606;50.28500;     -0.12666;3.43688;7
 30.17112;50.28833;     -0.11926;3.43688;7
 30.16612;50.29167;     -0.11647;3.43687;7
 30.16129;50.29500;     -0.11359;3.43687;7
 30.15647;50.29833;     -0.10548;3.43686;7
 30.15182;50.30167;     -0.10057;3.43686;7
 30.14747;50.30500;-9.587324e-02;3.43685;7
 30.14329;50.30833;-9.628745e-02;3.43685;7
 30.13912;50.31167;-9.933202e-02;3.43685;7
 30.13500;50.31500;-9.764049e-02;3.43684;7
 30.13076;50.31833;-9.579587e-02;3.43684;7
 30.12647;50.32167;-8.827682e-02;3.43683;7
 30.12218;50.32500;-8.517081e-02;3.43683;7
 30.11800;50.32833;-8.227621e-02;3.43683;7
 30.11394;50.33167;-7.427166e-02;3.43682;7
 30.11006;50.33500;-6.680063e-02;3.43682;7
 30.10635;50.33833;-6.461847e-02;3.43682;7
 30.10265;50.34167;-6.807445e-02;3.43681;7
 30.09924;50.34500;-7.647768e-02;3.43681;7
 30.09582;50.34833;-7.642706e-02;3.43681;7
 30.09224;50.35167;-7.663738e-02;3.43680;7
 30.08871;50.35500;-7.208269e-02;3.43680;7
 30.08512;50.35833;-7.153827e-02;3.43680;7
 30.08147;50.36167;-7.078258e-02;3.43679;7
 30.07794;50.36500;-6.573020e-02;3.43679;7
 30.07453;50.36833;-6.158974e-02;3.43679;7
 30.07118;50.37167;-5.732953e-02;3.43678;7
 30.06818;50.37500;-5.740463e-02;3.43678;7
 30.06524;50.37833;-6.049026e-02;3.43678;7
 30.06235;50.38167;-5.951342e-02;3.43677;7
 30.05941;50.38500;-5.816519e-02;3.43677;7
 30.05635;50.38833;-5.212301e-02;3.43677;7
 30.05324;50.39167;-4.987750e-02;3.43677;7
 30.05012;50.39500;-4.788843e-02;3.43676;7
 30.04718;50.39833;-4.228904e-02;3.43676;7
 30.04429;50.40167;-3.735420e-02;3.43676;7
 30.04153;50.40500;-3.725671e-02;3.43675;7
 30.03906;50.40833;-4.156379e-02;3.43675;7
 30.03653;50.41167;-4.943020e-02;3.43675;7
 30.03400;50.41500;-5.128147e-02;3.43675;7
 30.03141;50.41833;-5.362771e-02;3.43674;7
 30.02865;50.42167;-5.151994e-02;3.43674;7
 30.02588;50.42500;-5.033015e-02;3.43674;7
 30.02329;50.42833;-4.600328e-02;3.43674;7
 30.02071;50.43167;-4.424769e-02;3.43673;7
 30.01824;50.43500;-4.570800e-02;3.43673;7
 30.01588;50.43833;-5.019445e-02;3.43673;7
 30.01371;50.44167;-5.354011e-02;3.43673;7
 30.01153;50.44500;-5.826311e-02;3.43673;7
 30.00935;50.44833;-5.928968e-02;3.43672;7
 30.00706;50.45167;-6.007506e-02;3.43672;7
 30.00465;50.45500;-5.727614e-02;3.43672;7
 30.00229;50.45833;-5.776180e-02;3.43672;7
 29.99994;50.46167;-5.475574e-02;3.43671;7
 29.99747;50.46500;-5.164186e-02;3.43671;7
 29.99529;50.46833;-5.230828e-02;3.43671;7
 29.99324;50.47167;-5.647158e-02;3.43671;7
 29.99141;50.47500;-6.064691e-02;3.43671;7
 29.98971;50.47833;-6.406137e-02;3.43671;7
 29.98800;50.48167;-6.437520e-02;3.43670;7
 29.98612;50.48500;-6.450034e-02;3.43670;7
 29.98418;50.48833;-6.133963e-02;3.43670;7
 29.98229;50.49167;-6.036302e-02;3.43670;7
 29.98047;50.49500;-5.649610e-02;3.43670;7
 29.97859;50.49833;-5.348012e-02;3.43669;7
 29.97694;50.50167;-5.146032e-02;3.43669;7
 29.97547;50.50500;-5.171620e-02;3.43669;7
 29.97412;50.50833;-5.066579e-02;3.43669;7
 29.97294;50.51167;-5.151308e-02;3.43669;7
 29.97165;50.51500;-5.213175e-02;3.43669;7
 29.97029;50.51833;-5.039836e-02;3.43669;7
 29.96894;50.52167;-4.474983e-02;3.43669;7
 29.96753;50.52500;-3.846056e-02;3.43668;7
 29.96606;50.52833;-3.167330e-02;3.43668;7
 29.96471;50.53167;-2.630793e-02;3.43668;7
 29.96347;50.53500;-2.158687e-02;3.43668;7
 29.96247;50.53833;-2.206620e-02;3.43668;7
 29.96153;50.54167;-2.206735e-02;3.43668;7
 29.96065;50.54500;-2.489875e-02;3.43668;7
 29.95965;50.54833;-2.537365e-02;3.43668;7
 29.95853;50.55167;-2.471476e-02;3.43668;7
 29.95741;50.55500;-2.107121e-02;3.43667;7
 29.95624;50.55833;-1.701476e-02;3.43667;7
 29.95500;50.56167;-1.153971e-02;3.43667;7
 29.95400;50.56500;-7.213171e-03;3.43667;7
 29.95300;50.56833;-4.259144e-03;3.43667;7
 29.95218;50.57167;-4.226468e-03;3.43667;7
 29.95141;50.57500;-3.659644e-03;3.43667;7
 29.95071;50.57833;-3.726339e-03;3.43667;7
 29.94988;50.58167;-3.160462e-03;3.43667;7
 29.94918;50.58500;-2.097804e-03;3.43667;7
 29.94818;50.58833; 3.052104e-04;3.43667;7
 29.94712;50.59167; 2.377611e-03;3.43666;7
 29.94594;50.59500; 5.613068e-03;3.43666;7
 29.94488;50.59833; 8.609480e-03;3.43666;7
 29.94400;50.60167; 9.660238e-03;3.43666;7
 29.94329;50.60500; 8.716502e-03;3.43666;7
 29.94265;50.60833; 5.760890e-03;3.43666;7
 29.94200;50.61167; 4.101939e-03;3.43666;7
 29.94124;50.61500; 3.209997e-03;3.43666;7
 29.94053;50.61833; 4.567562e-03;3.43666;7
 29.93959;50.62167; 6.299143e-03;3.43666;7
 29.93859;50.62500; 7.722399e-03;3.43666;7
 29.93759;50.62833; 1.039070e-02;3.43666;7
 29.93665;50.63167; 1.240207e-02;3.43666;7
 29.93588;50.63500; 1.204858e-02;3.43665;7
 29.93535;50.63833; 9.822011e-03;3.43665;7
 29.93482;50.64167; 7.592841e-03;3.43665;7
 29.93435;50.64500; 5.693380e-03;3.43665;7
 29.93388;50.64833; 5.053848e-03;3.43665;7
 29.93324;50.65167; 4.693275e-03;3.43665;7
 29.93265;50.65500; 5.646357e-03;3.43665;7
 29.93194;50.65833; 5.414976e-03;3.43665;7
 29.93135;50.66167; 6.528155e-03;3.43665;7
 29.93082;50.66500; 7.168300e-03;3.43665;7
 29.93041;50.66833; 6.107608e-03;3.43665;7
 29.93018;50.67167; 3.274376e-03;3.43665;7
 29.92994;50.67500; 7.271005e-04;3.43665;7
 29.92965;50.67833;-1.823211e-03;3.43665;7
 29.92947;50.68167;-2.758575e-03;3.43665;7
 29.92918;50.68500;-3.560590e-03;3.43665;7
 29.92888;50.68833;-2.636322e-03;3.43665;7
 29.92835;50.69167;-3.046385e-03;3.43665;7
 29.92777;50.69500;-2.253024e-03;3.43665;7
 29.92724;50.69833;-3.108548e-03;3.43665;7
 29.92694;50.70167;-4.178880e-03;3.43665;7
 29.92665;50.70500;-6.513973e-03;3.43665;7
 29.92653;50.70833;-7.821058e-03;3.43665;7
 29.92629;50.71167;-9.570333e-03;3.43665;7
 29.92594;50.71500;-1.033694e-02;3.43665;7
 29.92535;50.71833;-1.037188e-02;3.43664;7
 29.92476;50.72167;-9.460854e-03;3.43664;7
 29.92406;50.72500;-9.240697e-03;3.43664;7
 29.92341;50.72833;-8.907155e-03;3.43664;7
 29.92288;50.73167;-9.147635e-03;3.43664;7
 29.92247;50.73500;-9.368179e-03;3.43664;7
 29.92212;50.73833;-9.624297e-03;3.43664;7
 29.92165;50.74167;-1.034003e-02;3.43664;7
 29.92129;50.74500;-1.114702e-02;3.43664;7
 29.92094;50.74833;-1.175121e-02;3.43664;7
 29.92041;50.75167;-1.012646e-02;3.43664;7
 29.91976;50.75500;-7.944953e-03;3.43664;7
 29.91906;50.75833;-5.344999e-03;3.43664;7
 29.91847;50.76167;-3.494319e-03;3.43664;7
 29.91794;50.76500;-1.797191e-03;3.43664;7
 29.91753;50.76833;-9.731398e-04;3.43664;7
 29.91729;50.77167;-4.386525e-04;3.43664;7
 29.91718;50.77500;-5.259238e-04;3.43664;7
 29.91700;50.77833; 3.903853e-04;3.43664;7
 29.91676;50.78167; 1.430043e-03;3.43664;7
 29.91635;50.78500; 2.945308e-03;3.43664;7
 29.91576;50.78833; 3.996516e-03;3.43664;7
 29.91529;50.79167; 5.066261e-03;3.43664;7
 29.91476;50.79500; 6.529771e-03;3.43663;7
 29.91453;50.79833; 7.756094e-03;3.43663;7
 29.91429;50.80167; 7.853890e-03;3.43663;7
 29.91418;50.80500; 7.312504e-03;3.43663;7
 29.91424;50.80833; 5.856030e-03;3.43663;7
 29.91418;50.81167; 5.431233e-03;3.43663;7
 29.91400;50.81500; 5.049628e-03;3.43663;7
 29.91371;50.81833; 5.593261e-03;3.43663;7
 29.91341;50.82167; 5.747376e-03;3.43663;7
 29.91306;50.82500; 5.716650e-03;3.43663;7
 29.91265;50.82833; 5.255313e-03;3.43663;7
 29.91235;50.83167; 4.338205e-03;3.43663;7
 29.91224;50.83500; 2.698791e-03;3.43663;7
 29.91218;50.83833; 9.673961e-04;3.43663;7
 29.91224;50.84167;-1.452927e-03;3.43663;7
 29.91229;50.84500;-3.263050e-03;3.43663;7
 29.91206;50.84833;-4.326922e-03;3.43663;7
 29.91188;50.85167;-4.286129e-03;3.43663;7
 29.91153;50.85500;-4.177149e-03;3.43663;7
 29.91118;50.85833;-4.802654e-03;3.43663;7
 29.91088;50.86167;-5.014501e-03;3.43663;7
 29.91059;50.86500;-5.835667e-03;3.43663;7
 29.91053;50.86833;-6.467079e-03;3.43663;7
 29.91065;50.87167;-7.619469e-03;3.43663;7
 29.91076;50.87500;-8.532616e-03;3.43663;7
 29.91082;50.87833;-9.281612e-03;3.43663;7
 29.91071;50.88167;-9.732796e-03;3.43663;7
 29.91059;50.88500;-9.079192e-03;3.43663;7
 29.91024;50.88833;-8.145311e-03;3.43663;7
 29.90988;50.89167;-6.784647e-03;3.43663;7
 29.90971;50.89500;-6.000076e-03;3.43663;7
 29.90965;50.89833;-5.532884e-03;3.43663;7
 29.90953;50.90167;-5.459912e-03;3.43663;7
 29.90977;50.90500;-5.078655e-03;3.43663;7
 29.90977;50.90833;-5.086519e-03;3.43663;7
 29.90988;50.91167;-5.020445e-03;3.43663;7
 29.90982;50.91500;-4.573918e-03;3.43663;7
 29.90965;50.91833;-2.854223e-03;3.43663;7
 29.90941;50.92167;-1.061384e-03;3.43663;7
 29.90912;50.92500; 5.303792e-04;3.43663;7
 29.90877;50.92833; 1.218874e-03;3.43663;7
 29.90847;50.93167; 1.454461e-03;3.43663;7
 29.90829;50.93500; 1.372437e-03;3.43663;7
 29.90829;50.93833; 1.287974e-03;3.43663;7
 29.90829;50.94167; 1.085587e-03;3.43663;7
 29.90829;50.94500; 1.065760e-03;3.43663;7
 29.90806;50.94833; 1.330940e-03;3.43663;7
 29.90765;50.95167; 1.640790e-03;3.43663;7
 29.90712;50.95500; 1.428273e-03;3.43663;7
 29.90659;50.95833; 8.536174e-04;3.43663;7
 29.90606;50.96167;-3.947077e-04;3.43663;7
 29.90576;50.96500;-2.117587e-03;3.43663;7
 29.90553;50.96833;-4.755616e-03;3.43663;7
 29.90535;50.97167;-7.151652e-03;3.43663;7
 29.90500;50.97500;-9.802113e-03;3.43663;7
 29.90465;50.97833;-1.183848e-02;3.43663;7
 29.90418;50.98167;-1.388730e-02;3.43662;7
 29.90353;50.98500;-1.563383e-02;3.43662;7
 29.90282;50.98833;-1.777106e-02;3.43662;7
 29.90212;50.99167;-1.986143e-02;3.43662;7
 29.90147;50.99500;-2.241202e-02;3.43662;7
 29.90100;50.99833;-2.521012e-02;3.43662;7
 29.90065;51.00167;-2.814873e-02;3.43662;7
 29.90047;51.00500;-3.060795e-02;3.43662;7
 29.90024;51.00833;-3.276936e-02;3.43662;7
 29.89988;51.01167;-3.412304e-02;3.43662;7
 29.89953;51.01500;-3.518647e-02;3.43662;7
 29.89900;51.01833;-3.585735e-02;3.43662;7
 29.89841;51.02167;-3.715587e-02;3.43662;7
 29.89776;51.02500;-3.809852e-02;3.43662;7
 29.89729;51.02833;-3.861683e-02;3.43662;7
 29.89718;51.03167;-3.846056e-02;3.43662;7
 29.89706;51.03500;-3.810960e-02;3.43662;7
 29.89712;51.03833;-3.782786e-02;3.43662;7
 29.89729;51.04167;-3.804249e-02;3.43662;7
 29.89747;51.04500;-3.757595e-02;3.43662;7
 29.89753;51.04833;-3.629829e-02;3.43662;7
 29.89759;51.05167;-3.373112e-02;3.43662;7
 29.89735;51.05500;-3.089655e-02;3.43662;7
 29.89718;51.05833;-2.770252e-02;3.43662;7
 29.89712;51.06167;-2.416516e-02;3.43662;7
 29.89724;51.06500;-2.083603e-02;3.43662;7
 29.89759;51.06833;-1.752076e-02;3.43662;7
 29.89806;51.07167;-1.489744e-02;3.43662;7
 29.89859;51.07500;-1.235125e-02;3.43662;7
 29.89906;51.07833;-9.765874e-03;3.43662;7
 29.89947;51.08167;-6.400845e-03;3.43662;7
 29.89971;51.08500;-2.940759e-03;3.43662;7
 29.89982;51.08833; 7.376410e-04;3.43662;7
 29.90018;51.09167; 4.901470e-03;3.43662;7
 29.90041;51.09500; 9.169547e-03;3.43662;7
 29.90082;51.09833; 1.295203e-02;3.43662;7
 29.90129;51.10167; 1.579574e-02;3.43662;7
 29.90188;51.10500; 1.844572e-02;3.43662;7
 29.90229;51.10833; 2.025287e-02;3.43662;7
 29.90288;51.11167; 2.183643e-02;3.43662;7
 29.90329;51.11500; 2.312250e-02;3.43662;7
 29.90347;51.11833; 2.536694e-02;3.43662;7
 29.90371;51.12167; 2.763817e-02;3.43662;7
 29.90382;51.12500; 3.070152e-02;3.43662;7
 29.90400;51.12833; 3.315362e-02;3.43662;7
 29.90424;51.13167; 3.517789e-02;3.43662;7
 29.90465;51.13500; 3.624925e-02;3.43663;7
 29.90500;51.13833; 3.663439e-02;3.43663;7
 29.90541;51.14167; 3.703363e-02;3.43663;7
 29.90571;51.14500; 3.767349e-02;3.43663;7
 29.90576;51.14833; 3.880340e-02;3.43663;7
 29.90588;51.15167; 4.007530e-02;3.43663;7
 29.90582;51.15500; 4.091457e-02;3.43663;7
 29.90582;51.15833; 4.134575e-02;3.43663;7
 29.90582;51.16167; 4.112113e-02;3.43663;7
 29.90600;51.16500; 4.015656e-02;3.43663;7
 29.90618;51.16833; 3.911229e-02;3.43663;7
 29.90647;51.17167; 3.793571e-02;3.43663;7
 29.90671;51.17500; 3.690703e-02;3.43663;7
 29.90682;51.17833; 3.593552e-02;3.43663;7
 29.90682;51.18167; 3.461477e-02;3.43663;7
 29.90665;51.18500; 3.324082e-02;3.43663;7
 29.90647;51.18833; 3.211966e-02;3.43663;7
 29.90618;51.19167; 3.120464e-02;3.43663;7
 29.90600;51.19500; 3.029875e-02;3.43663;7
 29.90594;51.19833; 2.903509e-02;3.43663;7
 29.90600;51.20167; 2.797284e-02;3.43663;7
 29.90612;51.20500; 2.641147e-02;3.43663;7
 29.90606;51.20833; 2.438837e-02;3.43663;7
 29.90588;51.21167; 2.226823e-02;3.43663;7
 29.90559;51.21500; 2.073674e-02;3.43663;7
 29.90512;51.21833; 1.968311e-02;3.43663;7
 29.90459;51.22167; 1.892461e-02;3.43662;7
 29.90406;51.22500; 1.827686e-02;3.43662;7
 29.90365;51.22833; 1.771681e-02;3.43662;7
 29.90347;51.23167; 1.675114e-02;3.43662;7
 29.90329;51.23500; 1.557916e-02;3.43662;7
 29.90318;51.23833; 1.403155e-02;3.43662;7
 29.90306;51.24167; 1.300620e-02;3.43662;7
 29.90276;51.24500; 1.257941e-02;3.43662;7
 29.90241;51.24833; 1.278150e-02;3.43662;7
 29.90194;51.25167; 1.287832e-02;3.43662;7
 29.90129;51.25500; 1.309143e-02;3.43662;7
 29.90076;51.25833; 1.334716e-02;3.43662;7
 29.90029;51.26167; 1.340593e-02;3.43662;7
 29.90006;51.26500; 1.312386e-02;3.43662;7
 29.89994;51.26833; 1.261675e-02;3.43662;7
 29.89982;51.27167; 1.214833e-02;3.43662;7
 29.89976;51.27500; 1.195118e-02;3.43662;7
 29.89959;51.27833; 1.188479e-02;3.43662;7
 29.89918;51.28167; 1.202200e-02;3.43662;7
 29.89865;51.28500; 1.180875e-02;3.43662;7
 29.89800;51.28833; 1.202351e-02;3.43662;7
 29.89747;51.29167; 1.250885e-02;3.43662;7
 29.89706;51.29500; 1.265635e-02;3.43662;7
 29.89682;51.29833; 1.199329e-02;3.43662;7
 29.89659;51.30167; 1.089863e-02;3.43662;7
 29.89641;51.30500; 9.524676e-03;3.43662;7
 29.89618;51.30833; 7.963875e-03;3.43662;7
 29.89582;51.31167; 6.112512e-03;3.43662;7
 29.89535;51.31500; 4.473458e-03;3.43662;7
 29.89471;51.31833; 3.155062e-03;3.43662;7
 29.89412;51.32167; 1.978805e-03;3.43662;7
 29.89353;51.32500; 5.599365e-04;3.43661;7
 29.89300;51.32833;-1.950469e-03;3.43661;7
 29.89259;51.33167;-5.527070e-03;3.43661;7
 29.89224;51.33500;-9.037672e-03;3.43661;7
 29.89200;51.33833;-1.160655e-02;3.43661;7
 29.89159;51.34167;-1.346261e-02;3.43661;7
 29.89118;51.34500;-1.563769e-02;3.43661;7
 29.89065;51.34833;-1.851052e-02;3.43661;7
 29.88994;51.35167;-2.194286e-02;3.43661;7
 29.88924;51.35500;-2.521627e-02;3.43661;7
 29.88865;51.35833;-2.778928e-02;3.43661;7
 29.88806;51.36167;-2.876619e-02;3.43661;7
 29.88765;51.36500;-2.877158e-02;3.43661;7
 29.88741;51.36833;-2.865984e-02;3.43661;7
 29.88718;51.37167;-2.942297e-02;3.43661;7
 29.88693;51.37500;-3.055688e-02;3.43661;7
 29.88646;51.37833;-3.137305e-02;3.43661;7
 29.88573;51.38167;-3.151981e-02;3.43661;7
 29.88533;51.38500;-3.101756e-02;3.43661;7
 29.88529;51.38833;-3.014613e-02;3.43661;7
 29.88560;51.39167;-2.923249e-02;3.43661;7
 29.88600;51.39500;-2.902456e-02;3.43661;7
 29.88600;51.39667;-2.953816e-02;3.43661;7

